query_id,rep,e2e_ms
test-environment-aeghhgwpe-pro02a,0,59.0765
test-environment-aeghhgwpe-pro02a,1,48.5557
test-environment-aeghhgwpe-pro02a,2,48.4665
test-environment-aeghhgwpe-pro01a,0,66.5561
test-environment-aeghhgwpe-pro01a,1,50.1478
test-environment-aeghhgwpe-pro01a,2,48.3516
test-environment-aeghhgwpe-pro03a,0,49.9135
test-environment-aeghhgwpe-pro03a,1,47.2267
test-environment-aeghhgwpe-pro03a,2,47.3327
test-environment-aeghhgwpe-pro04a,0,56.1580
test-environment-aeghhgwpe-pro04a,1,46.7652
test-environment-aeghhgwpe-pro04a,2,46.9561
test-environment-aeghhgwpe-con02a,0,59.2612
test-environment-aeghhgwpe-con02a,1,49.3995
test-environment-aeghhgwpe-con02a,2,47.9170
test-environment-aeghhgwpe-con03a,0,56.7858
test-environment-aeghhgwpe-con03a,1,48.6499
test-environment-aeghhgwpe-con03a,2,47.2958
test-environment-aeghhgwpe-con01a,0,55.5653
test-environment-aeghhgwpe-con01a,1,46.8028
test-environment-aeghhgwpe-con01a,2,47.2697
test-environment-assgbatj-pro02a,0,64.8752
test-environment-assgbatj-pro02a,1,47.8943
test-environment-assgbatj-pro02a,2,53.3444
test-environment-assgbatj-pro05a,0,66.0491
test-environment-assgbatj-pro05a,1,48.7393
test-environment-assgbatj-pro05a,2,49.7259
test-environment-assgbatj-pro01a,0,51.0356
test-environment-assgbatj-pro01a,1,47.8133
test-environment-assgbatj-pro01a,2,47.0512
test-environment-assgbatj-pro03a,0,54.7499
test-environment-assgbatj-pro03a,1,48.4713
test-environment-assgbatj-pro03a,2,47.6429
test-environment-assgbatj-pro04a,0,52.8953
test-environment-assgbatj-pro04a,1,47.4507
test-environment-assgbatj-pro04a,2,47.6233
test-environment-assgbatj-con02a,0,60.3774
test-environment-assgbatj-con02a,1,52.7161
test-environment-assgbatj-con02a,2,48.6004
test-environment-assgbatj-con05a,0,52.4488
test-environment-assgbatj-con05a,1,52.5670
test-environment-assgbatj-con05a,2,47.3140
test-environment-assgbatj-con04a,0,52.5350
test-environment-assgbatj-con04a,1,47.5940
test-environment-assgbatj-con04a,2,47.4497
test-environment-assgbatj-con03a,0,58.7197
test-environment-assgbatj-con03a,1,50.3046
test-environment-assgbatj-con03a,2,48.4585
test-environment-assgbatj-con01a,0,54.8400
test-environment-assgbatj-con01a,1,47.4398
test-environment-assgbatj-con01a,2,48.5467
test-environment-aiahwagit-pro02a,0,59.3657
test-environment-aiahwagit-pro02a,1,49.3817
test-environment-aiahwagit-pro02a,2,49.5988
test-environment-aiahwagit-pro05a,0,52.6580
test-environment-aiahwagit-pro05a,1,50.3444
test-environment-aiahwagit-pro05a,2,48.2909
test-environment-aiahwagit-pro01a,0,59.0503
test-environment-aiahwagit-pro01a,1,49.5236
test-environment-aiahwagit-pro01a,2,48.7858
test-environment-aiahwagit-pro03a,0,120.8657
test-environment-aiahwagit-pro03a,1,48.7460
test-environment-aiahwagit-pro03a,2,49.0423
test-environment-aiahwagit-pro04a,0,124.5539
test-environment-aiahwagit-pro04a,1,50.8926
test-environment-aiahwagit-pro04a,2,49.6510
test-environment-aiahwagit-con02a,0,66.8826
test-environment-aiahwagit-con02a,1,48.9291
test-environment-aiahwagit-con02a,2,51.3776
test-environment-aiahwagit-con04a,0,58.2451
test-environment-aiahwagit-con04a,1,51.5081
test-environment-aiahwagit-con04a,2,49.4438
test-environment-aiahwagit-con03a,0,80.7617
test-environment-aiahwagit-con03a,1,52.4084
test-environment-aiahwagit-con03a,2,51.1333
test-environment-aiahwagit-con01a,0,167.6452
test-environment-aiahwagit-con01a,1,51.2963
test-environment-aiahwagit-con01a,2,52.6497
test-environment-ehwsnwu-pro02a,0,154.6742
test-environment-ehwsnwu-pro02a,1,48.8665
test-environment-ehwsnwu-pro02a,2,49.2993
test-environment-ehwsnwu-pro01a,0,88.5971
test-environment-ehwsnwu-pro01a,1,49.3467
test-environment-ehwsnwu-pro01a,2,128.1779
test-environment-ehwsnwu-con02a,0,110.4693
test-environment-ehwsnwu-con02a,1,50.1255
test-environment-ehwsnwu-con02a,2,49.3463
test-environment-ehwsnwu-con03a,0,60.0742
test-environment-ehwsnwu-con03a,1,148.0419
test-environment-ehwsnwu-con03a,2,49.1497
test-environment-ehwsnwu-con01a,0,78.2442
test-environment-ehwsnwu-con01a,1,47.3917
test-environment-ehwsnwu-con01a,2,57.5890
test-environment-chbwtlgcc-pro02a,0,174.5554
test-environment-chbwtlgcc-pro02a,1,51.9213
test-environment-chbwtlgcc-pro02a,2,52.6252
test-environment-chbwtlgcc-pro01a,0,100.0793
test-environment-chbwtlgcc-pro01a,1,49.7106
test-environment-chbwtlgcc-pro01a,2,50.6699
test-environment-chbwtlgcc-pro03a,0,103.5559
test-environment-chbwtlgcc-pro03a,1,50.2400
test-environment-chbwtlgcc-pro03a,2,53.2554
test-environment-chbwtlgcc-pro04a,0,57.2950
test-environment-chbwtlgcc-pro04a,1,49.2770
test-environment-chbwtlgcc-pro04a,2,48.7828
test-environment-chbwtlgcc-con02a,0,56.5349
test-environment-chbwtlgcc-con02a,1,48.5377
test-environment-chbwtlgcc-con02a,2,48.1829
test-environment-chbwtlgcc-con03a,0,54.6220
test-environment-chbwtlgcc-con03a,1,49.9802
test-environment-chbwtlgcc-con03a,2,47.1526
test-environment-chbwtlgcc-con01a,0,85.7792
test-environment-chbwtlgcc-con01a,1,56.0878
test-environment-chbwtlgcc-con01a,2,49.5958
test-environment-opecewiahw-pro02a,0,131.4488
test-environment-opecewiahw-pro02a,1,49.4622
test-environment-opecewiahw-pro02a,2,48.0142
test-environment-opecewiahw-pro01a,0,148.2497
test-environment-opecewiahw-pro01a,1,48.5613
test-environment-opecewiahw-pro01a,2,49.5501
test-environment-opecewiahw-pro03a,0,69.4196
test-environment-opecewiahw-pro03a,1,48.6822
test-environment-opecewiahw-pro03a,2,53.6822
test-environment-opecewiahw-pro04a,0,69.6797
test-environment-opecewiahw-pro04a,1,48.7544
test-environment-opecewiahw-pro04a,2,50.1856
test-environment-opecewiahw-con02a,0,53.9551
test-environment-opecewiahw-con02a,1,48.2353
test-environment-opecewiahw-con02a,2,49.2500
test-environment-opecewiahw-con04a,0,83.0952
test-environment-opecewiahw-con04a,1,53.2466
test-environment-opecewiahw-con04a,2,50.4283
test-environment-opecewiahw-con03a,0,71.8403
test-environment-opecewiahw-con03a,1,55.7170
test-environment-opecewiahw-con03a,2,48.1415
test-environment-opecewiahw-con01a,0,63.3384
test-environment-opecewiahw-con01a,1,49.2211
test-environment-opecewiahw-con01a,2,47.7983
test-health-hdond-pro02a,0,84.6562
test-health-hdond-pro02a,1,49.6590
test-health-hdond-pro02a,2,48.5539
test-health-hdond-pro01a,0,65.9182
test-health-hdond-pro01a,1,48.1726
test-health-hdond-pro01a,2,47.9244
test-health-hdond-pro03a,0,67.7770
test-health-hdond-pro03a,1,48.8769
test-health-hdond-pro03a,2,49.7160
test-health-hdond-pro04a,0,122.0121
test-health-hdond-pro04a,1,49.3009
test-health-hdond-pro04a,2,51.6303
test-health-hdond-con02a,0,109.3316
test-health-hdond-con02a,1,47.9412
test-health-hdond-con02a,2,48.6875
test-health-hdond-con04a,0,114.8132
test-health-hdond-con04a,1,47.4954
test-health-hdond-con04a,2,50.9969
test-health-hdond-con03a,0,57.4226
test-health-hdond-con03a,1,48.8566
test-health-hdond-con03a,2,49.5118
test-health-hdond-con01a,0,94.4417
test-health-hdond-con01a,1,50.0856
test-health-hdond-con01a,2,49.6904
test-health-ppelfhwbpba-pro02a,0,83.5638
test-health-ppelfhwbpba-pro02a,1,49.2621
test-health-ppelfhwbpba-pro02a,2,47.2673
test-health-ppelfhwbpba-pro01a,0,65.6788
test-health-ppelfhwbpba-pro01a,1,49.1933
test-health-ppelfhwbpba-pro01a,2,46.9418
test-health-ppelfhwbpba-pro03a,0,49.8876
test-health-ppelfhwbpba-pro03a,1,49.8607
test-health-ppelfhwbpba-pro03a,2,48.3306
test-health-ppelfhwbpba-pro04a,0,94.6681
test-health-ppelfhwbpba-pro04a,1,48.3672
test-health-ppelfhwbpba-pro04a,2,48.5263
test-health-ppelfhwbpba-con02a,0,81.5386
test-health-ppelfhwbpba-con02a,1,50.4805
test-health-ppelfhwbpba-con02a,2,48.1561
test-health-ppelfhwbpba-con03a,0,146.7396
test-health-ppelfhwbpba-con03a,1,48.0972
test-health-ppelfhwbpba-con03a,2,132.6590
test-health-ppelfhwbpba-con01a,0,66.4564
test-health-ppelfhwbpba-con01a,1,52.8075
test-health-ppelfhwbpba-con01a,2,49.4344
test-health-dhgsshbesbc-pro02a,0,85.9392
test-health-dhgsshbesbc-pro02a,1,144.9983
test-health-dhgsshbesbc-pro02a,2,49.3247
test-health-dhgsshbesbc-pro01a,0,58.1789
test-health-dhgsshbesbc-pro01a,1,51.1261
test-health-dhgsshbesbc-pro01a,2,48.4850
test-health-dhgsshbesbc-pro03a,0,56.0324
test-health-dhgsshbesbc-pro03a,1,50.7692
test-health-dhgsshbesbc-pro03a,2,48.3908
test-health-dhgsshbesbc-pro04a,0,73.3020
test-health-dhgsshbesbc-pro04a,1,49.6171
test-health-dhgsshbesbc-pro04a,2,50.9038
test-health-dhgsshbesbc-con02a,0,89.5566
test-health-dhgsshbesbc-con02a,1,50.9270
test-health-dhgsshbesbc-con02a,2,49.7550
test-health-dhgsshbesbc-con03a,0,61.5170
test-health-dhgsshbesbc-con03a,1,47.9835
test-health-dhgsshbesbc-con03a,2,49.8834
test-health-dhgsshbesbc-con01a,0,66.9370
test-health-dhgsshbesbc-con01a,1,48.1814
test-health-dhgsshbesbc-con01a,2,48.4672
test-health-dhiacihwph-pro02a,0,82.9502
test-health-dhiacihwph-pro02a,1,48.6086
test-health-dhiacihwph-pro02a,2,52.9874
test-health-dhiacihwph-pro01a,0,69.5857
test-health-dhiacihwph-pro01a,1,51.3395
test-health-dhiacihwph-pro01a,2,49.5927
test-health-dhiacihwph-pro03a,0,55.2669
test-health-dhiacihwph-pro03a,1,47.9783
test-health-dhiacihwph-pro03a,2,48.0606
test-health-dhiacihwph-pro04a,0,52.3150
test-health-dhiacihwph-pro04a,1,48.2701
test-health-dhiacihwph-pro04a,2,47.5925
test-health-dhiacihwph-con02a,0,51.2047
test-health-dhiacihwph-con02a,1,49.6392
test-health-dhiacihwph-con02a,2,47.3227
test-health-dhiacihwph-con03a,0,62.3419
test-health-dhiacihwph-con03a,1,48.9848
test-health-dhiacihwph-con03a,2,50.5323
test-health-dhiacihwph-con01a,0,56.3097
test-health-dhiacihwph-con01a,1,47.6951
test-health-dhiacihwph-con01a,2,47.9734
test-health-ahiahbgbsp-pro02a,0,108.5316
test-health-ahiahbgbsp-pro02a,1,48.1656
test-health-ahiahbgbsp-pro02a,2,47.7702
test-health-ahiahbgbsp-pro05a,0,54.1438
test-health-ahiahbgbsp-pro05a,1,49.0419
test-health-ahiahbgbsp-pro05a,2,49.9140
test-health-ahiahbgbsp-pro01a,0,52.2842
test-health-ahiahbgbsp-pro01a,1,48.5863
test-health-ahiahbgbsp-pro01a,2,48.3248
test-health-ahiahbgbsp-pro03a,0,55.8297
test-health-ahiahbgbsp-pro03a,1,48.2781
test-health-ahiahbgbsp-pro03a,2,47.9406
test-health-ahiahbgbsp-pro04a,0,61.8338
test-health-ahiahbgbsp-pro04a,1,49.7662
test-health-ahiahbgbsp-pro04a,2,47.8100
test-health-ahiahbgbsp-con02a,0,60.8000
test-health-ahiahbgbsp-con02a,1,52.7143
test-health-ahiahbgbsp-con02a,2,49.3898
test-health-ahiahbgbsp-con04a,0,65.1781
test-health-ahiahbgbsp-con04a,1,50.3609
test-health-ahiahbgbsp-con04a,2,49.0280
test-health-ahiahbgbsp-con03a,0,54.2126
test-health-ahiahbgbsp-con03a,1,49.0080
test-health-ahiahbgbsp-con03a,2,48.6450
test-health-ahiahbgbsp-con01a,0,60.2213
test-health-ahiahbgbsp-con01a,1,51.4328
test-health-ahiahbgbsp-con01a,2,49.1558
test-health-hgwhwbjfs-pro02a,0,54.1887
test-health-hgwhwbjfs-pro02a,1,54.6861
test-health-hgwhwbjfs-pro02a,2,49.2080
test-health-hgwhwbjfs-pro01a,0,59.5705
test-health-hgwhwbjfs-pro01a,1,50.1264
test-health-hgwhwbjfs-pro01a,2,47.7866
test-health-hgwhwbjfs-pro03a,0,53.0505
test-health-hgwhwbjfs-pro03a,1,48.1398
test-health-hgwhwbjfs-pro03a,2,48.0585
test-health-hgwhwbjfs-con02a,0,50.3759
test-health-hgwhwbjfs-con02a,1,50.1920
test-health-hgwhwbjfs-con02a,2,47.8010
test-health-hgwhwbjfs-con04a,0,53.5645
test-health-hgwhwbjfs-con04a,1,47.9272
test-health-hgwhwbjfs-con04a,2,51.7938
test-health-hgwhwbjfs-con03a,0,60.3169
test-health-hgwhwbjfs-con03a,1,50.0536
test-health-hgwhwbjfs-con03a,2,48.7452
test-health-hgwhwbjfs-con01a,0,46.9821
test-health-hgwhwbjfs-con01a,1,52.1590
test-health-hgwhwbjfs-con01a,2,48.1076
test-health-hpehwadvoee-pro02a,0,49.7714
test-health-hpehwadvoee-pro02a,1,48.3440
test-health-hpehwadvoee-pro02a,2,47.6502
test-health-hpehwadvoee-pro05a,0,48.5385
test-health-hpehwadvoee-pro05a,1,49.8610
test-health-hpehwadvoee-pro05a,2,51.6002
test-health-hpehwadvoee-pro01a,0,46.3205
test-health-hpehwadvoee-pro01a,1,49.9949
test-health-hpehwadvoee-pro01a,2,47.5005
test-health-hpehwadvoee-pro03a,0,52.5205
test-health-hpehwadvoee-pro03a,1,49.7612
test-health-hpehwadvoee-pro03a,2,47.6888
test-health-hpehwadvoee-pro04a,0,47.0596
test-health-hpehwadvoee-pro04a,1,47.9683
test-health-hpehwadvoee-pro04a,2,47.6786
test-health-hpehwadvoee-con02a,0,46.1846
test-health-hpehwadvoee-con02a,1,48.4143
test-health-hpehwadvoee-con02a,2,48.3816
test-health-hpehwadvoee-con05a,0,48.1356
test-health-hpehwadvoee-con05a,1,48.8768
test-health-hpehwadvoee-con05a,2,46.8810
test-health-hpehwadvoee-con04a,0,45.8198
test-health-hpehwadvoee-con04a,1,51.6540
test-health-hpehwadvoee-con04a,2,50.6272
test-health-hpehwadvoee-con03a,0,46.4282
test-health-hpehwadvoee-con03a,1,49.0390
test-health-hpehwadvoee-con03a,2,52.3187
test-health-hpehwadvoee-con01a,0,48.1001
test-health-hpehwadvoee-con01a,1,49.1016
test-health-hpehwadvoee-con01a,2,48.4675
test-health-dhghwapgd-pro02a,0,48.5828
test-health-dhghwapgd-pro02a,1,48.4618
test-health-dhghwapgd-pro02a,2,49.5516
test-health-dhghwapgd-pro05a,0,48.0158
test-health-dhghwapgd-pro05a,1,48.5947
test-health-dhghwapgd-pro05a,2,47.7132
test-health-dhghwapgd-pro01a,0,48.9306
test-health-dhghwapgd-pro01a,1,53.3668
test-health-dhghwapgd-pro01a,2,49.7468
test-health-dhghwapgd-pro03a,0,47.0669
test-health-dhghwapgd-pro03a,1,49.4881
test-health-dhghwapgd-pro03a,2,49.8328
test-health-dhghwapgd-pro04a,0,47.6307
test-health-dhghwapgd-pro04a,1,48.6852
test-health-dhghwapgd-pro04a,2,48.0919
test-health-dhghwapgd-con02a,0,65.5572
test-health-dhghwapgd-con02a,1,48.6661
test-health-dhghwapgd-con02a,2,48.3761
test-health-dhghwapgd-con04a,0,49.1132
test-health-dhghwapgd-con04a,1,49.3345
test-health-dhghwapgd-con04a,2,51.6873
test-health-dhghwapgd-con03a,0,47.5440
test-health-dhghwapgd-con03a,1,49.6923
test-health-dhghwapgd-con03a,2,48.6222
test-health-dhghwapgd-con01a,0,48.2780
test-health-dhghwapgd-con01a,1,48.4507
test-health-dhghwapgd-con01a,2,48.9948
test-health-dhghhbampt-pro02a,0,50.5945
test-health-dhghhbampt-pro02a,1,50.9713
test-health-dhghhbampt-pro02a,2,46.9925
test-health-dhghhbampt-pro01a,0,51.3843
test-health-dhghhbampt-pro01a,1,49.8608
test-health-dhghhbampt-pro01a,2,48.2852
test-health-dhghhbampt-pro03a,0,47.0411
test-health-dhghhbampt-pro03a,1,50.8405
test-health-dhghhbampt-pro03a,2,47.3011
test-health-dhghhbampt-con02a,0,46.3455
test-health-dhghhbampt-con02a,1,49.2785
test-health-dhghhbampt-con02a,2,48.3313
test-health-dhghhbampt-con03a,0,48.6596
test-health-dhghhbampt-con03a,1,50.7900
test-health-dhghhbampt-con03a,2,47.4002
test-health-dhghhbampt-con01a,0,47.6587
test-health-dhghhbampt-con01a,1,49.7274
test-health-dhghhbampt-con01a,2,47.4838
test-health-dhpelhbass-pro02a,0,135.2859
test-health-dhpelhbass-pro02a,1,47.9438
test-health-dhpelhbass-pro02a,2,47.3328
test-health-dhpelhbass-pro01a,0,47.6083
test-health-dhpelhbass-pro01a,1,47.9406
test-health-dhpelhbass-pro01a,2,47.9551
test-health-dhpelhbass-pro03a,0,47.3618
test-health-dhpelhbass-pro03a,1,47.5943
test-health-dhpelhbass-pro03a,2,48.4303
test-health-dhpelhbass-con02a,0,49.2146
test-health-dhpelhbass-con02a,1,49.9974
test-health-dhpelhbass-con02a,2,50.4606
test-health-dhpelhbass-con04a,0,48.2310
test-health-dhpelhbass-con04a,1,48.7326
test-health-dhpelhbass-con04a,2,48.1611
test-health-dhpelhbass-con03a,0,50.4220
test-health-dhpelhbass-con03a,1,47.3552
test-health-dhpelhbass-con03a,2,47.2817
test-health-dhpelhbass-con01a,0,46.7323
test-health-dhpelhbass-con01a,1,47.7158
test-health-dhpelhbass-con01a,2,48.7170
test-sport-aastshsrqsar-pro02a,0,103.9235
test-sport-aastshsrqsar-pro02a,1,49.6900
test-sport-aastshsrqsar-pro02a,2,49.8818
test-sport-aastshsrqsar-pro01a,0,60.1854
test-sport-aastshsrqsar-pro01a,1,51.3900
test-sport-aastshsrqsar-pro01a,2,50.2347
test-sport-aastshsrqsar-pro03a,0,48.3321
test-sport-aastshsrqsar-pro03a,1,52.4449
test-sport-aastshsrqsar-pro03a,2,48.7624
test-sport-aastshsrqsar-con02a,0,51.9532
test-sport-aastshsrqsar-con02a,1,123.7313
test-sport-aastshsrqsar-con02a,2,106.2432
test-sport-aastshsrqsar-con04a,0,62.1983
test-sport-aastshsrqsar-con04a,1,49.4989
test-sport-aastshsrqsar-con04a,2,49.1163
test-sport-aastshsrqsar-con03a,0,120.1420
test-sport-aastshsrqsar-con03a,1,47.2704
test-sport-aastshsrqsar-con03a,2,48.1987
test-sport-aastshsrqsar-con01a,0,95.5018
test-sport-aastshsrqsar-con01a,1,48.2082
test-sport-aastshsrqsar-con01a,2,47.7623
test-sport-otshwbe2uuyt-pro02a,0,91.2135
test-sport-otshwbe2uuyt-pro02a,1,49.6445
test-sport-otshwbe2uuyt-pro02a,2,50.6502
test-sport-otshwbe2uuyt-pro01a,0,67.5733
test-sport-otshwbe2uuyt-pro01a,1,50.8650
test-sport-otshwbe2uuyt-pro01a,2,51.4996
test-sport-otshwbe2uuyt-pro03a,0,64.9904
test-sport-otshwbe2uuyt-pro03a,1,49.8199
test-sport-otshwbe2uuyt-pro03a,2,49.0155
test-sport-otshwbe2uuyt-con02a,0,77.3145
test-sport-otshwbe2uuyt-con02a,1,48.7014
test-sport-otshwbe2uuyt-con02a,2,47.6372
test-sport-otshwbe2uuyt-con05a,0,68.0643
test-sport-otshwbe2uuyt-con05a,1,48.0195
test-sport-otshwbe2uuyt-con05a,2,47.8345
test-sport-otshwbe2uuyt-con04a,0,56.9976
test-sport-otshwbe2uuyt-con04a,1,48.4116
test-sport-otshwbe2uuyt-con04a,2,48.0362
test-sport-otshwbe2uuyt-con03a,0,52.3197
test-sport-otshwbe2uuyt-con03a,1,47.9892
test-sport-otshwbe2uuyt-con03a,2,47.9711
test-sport-otshwbe2uuyt-con01a,0,61.0562
test-sport-otshwbe2uuyt-con01a,1,50.6287
test-sport-otshwbe2uuyt-con01a,2,49.0175
test-sport-ybfgsohbhog-pro02a,0,73.6495
test-sport-ybfgsohbhog-pro02a,1,48.5183
test-sport-ybfgsohbhog-pro02a,2,49.2756
test-sport-ybfgsohbhog-pro01a,0,47.0581
test-sport-ybfgsohbhog-pro01a,1,49.0512
test-sport-ybfgsohbhog-pro01a,2,58.6343
test-sport-ybfgsohbhog-pro03a,0,55.5548
test-sport-ybfgsohbhog-pro03a,1,49.7312
test-sport-ybfgsohbhog-pro03a,2,48.2990
test-sport-ybfgsohbhog-pro04a,0,53.4457
test-sport-ybfgsohbhog-pro04a,1,48.1305
test-sport-ybfgsohbhog-pro04a,2,49.6078
test-sport-ybfgsohbhog-con02a,0,117.0586
test-sport-ybfgsohbhog-con02a,1,48.4242
test-sport-ybfgsohbhog-con02a,2,49.3196
test-sport-ybfgsohbhog-con03a,0,57.1892
test-sport-ybfgsohbhog-con03a,1,47.7740
test-sport-ybfgsohbhog-con03a,2,59.0365
test-sport-ybfgsohbhog-con01a,0,60.0888
test-sport-ybfgsohbhog-con01a,1,47.6068
test-sport-ybfgsohbhog-con01a,2,51.6433
test-sport-tshbmlbscac-pro02a,0,134.4233
test-sport-tshbmlbscac-pro02a,1,47.3187
test-sport-tshbmlbscac-pro02a,2,48.2950
test-sport-tshbmlbscac-pro01a,0,56.1188
test-sport-tshbmlbscac-pro01a,1,46.5156
test-sport-tshbmlbscac-pro01a,2,47.5195
test-sport-tshbmlbscac-pro03a,0,47.2375
test-sport-tshbmlbscac-pro03a,1,48.0859
test-sport-tshbmlbscac-pro03a,2,46.5138
test-sport-tshbmlbscac-pro04a,0,50.6279
test-sport-tshbmlbscac-pro04a,1,48.6713
test-sport-tshbmlbscac-pro04a,2,46.9793
test-sport-tshbmlbscac-con02a,0,49.9380
test-sport-tshbmlbscac-con02a,1,47.2656
test-sport-tshbmlbscac-con02a,2,47.5963
test-sport-tshbmlbscac-con04a,0,53.2169
test-sport-tshbmlbscac-con04a,1,46.6586
test-sport-tshbmlbscac-con04a,2,47.1186
test-sport-tshbmlbscac-con03a,0,48.6486
test-sport-tshbmlbscac-con03a,1,48.1677
test-sport-tshbmlbscac-con03a,2,49.2694
test-sport-tshbmlbscac-con01a,0,57.8679
test-sport-tshbmlbscac-con01a,1,46.6344
test-sport-tshbmlbscac-con01a,2,46.6460
test-free-speech-debate-magghbcrg-pro02a,0,71.2566
test-free-speech-debate-magghbcrg-pro02a,1,47.7770
test-free-speech-debate-magghbcrg-pro02a,2,48.6417
test-free-speech-debate-magghbcrg-pro01a,0,52.0854
test-free-speech-debate-magghbcrg-pro01a,1,50.1099
test-free-speech-debate-magghbcrg-pro01a,2,49.6062
test-free-speech-debate-magghbcrg-pro03a,0,50.9572
test-free-speech-debate-magghbcrg-pro03a,1,50.5056
test-free-speech-debate-magghbcrg-pro03a,2,53.0494
test-free-speech-debate-magghbcrg-con02a,0,59.8295
test-free-speech-debate-magghbcrg-con02a,1,48.6889
test-free-speech-debate-magghbcrg-con02a,2,48.6970
test-free-speech-debate-magghbcrg-con03a,0,49.8791
test-free-speech-debate-magghbcrg-con03a,1,49.0783
test-free-speech-debate-magghbcrg-con03a,2,52.0643
test-free-speech-debate-magghbcrg-con01a,0,53.1862
test-free-speech-debate-magghbcrg-con01a,1,50.5292
test-free-speech-debate-magghbcrg-con01a,2,134.9398
test-free-speech-debate-nshbbsbfb-pro02a,0,67.3583
test-free-speech-debate-nshbbsbfb-pro02a,1,139.1300
test-free-speech-debate-nshbbsbfb-pro02a,2,48.5797
test-free-speech-debate-nshbbsbfb-pro01a,0,49.7273
test-free-speech-debate-nshbbsbfb-pro01a,1,48.2947
test-free-speech-debate-nshbbsbfb-pro01a,2,48.3918
test-free-speech-debate-nshbbsbfb-pro03a,0,49.2270
test-free-speech-debate-nshbbsbfb-pro03a,1,48.4043
test-free-speech-debate-nshbbsbfb-pro03a,2,50.7791
test-free-speech-debate-nshbbsbfb-pro04a,0,51.2738
test-free-speech-debate-nshbbsbfb-pro04a,1,50.8977
test-free-speech-debate-nshbbsbfb-pro04a,2,49.5744
test-free-speech-debate-nshbbsbfb-con02a,0,48.1514
test-free-speech-debate-nshbbsbfb-con02a,1,50.0472
test-free-speech-debate-nshbbsbfb-con02a,2,48.4813
test-free-speech-debate-nshbbsbfb-con03a,0,48.6438
test-free-speech-debate-nshbbsbfb-con03a,1,49.4541
test-free-speech-debate-nshbbsbfb-con03a,2,49.0829
test-free-speech-debate-nshbbsbfb-con01a,0,57.6292
test-free-speech-debate-nshbbsbfb-con01a,1,49.4745
test-free-speech-debate-nshbbsbfb-con01a,2,52.6024
test-free-speech-debate-fsaphgiap-pro02a,0,71.4156
test-free-speech-debate-fsaphgiap-pro02a,1,48.5671
test-free-speech-debate-fsaphgiap-pro02a,2,49.0007
test-free-speech-debate-fsaphgiap-pro01a,0,52.0505
test-free-speech-debate-fsaphgiap-pro01a,1,48.8221
test-free-speech-debate-fsaphgiap-pro01a,2,54.3398
test-free-speech-debate-fsaphgiap-pro03a,0,50.4006
test-free-speech-debate-fsaphgiap-pro03a,1,48.8854
test-free-speech-debate-fsaphgiap-pro03a,2,53.5673
test-free-speech-debate-fsaphgiap-pro04a,0,58.5580
test-free-speech-debate-fsaphgiap-pro04a,1,48.8815
test-free-speech-debate-fsaphgiap-pro04a,2,52.3494
test-free-speech-debate-fsaphgiap-con02a,0,55.3731
test-free-speech-debate-fsaphgiap-con02a,1,48.9893
test-free-speech-debate-fsaphgiap-con02a,2,52.4174
test-free-speech-debate-fsaphgiap-con04a,0,65.3766
test-free-speech-debate-fsaphgiap-con04a,1,50.4632
test-free-speech-debate-fsaphgiap-con04a,2,49.2906
test-free-speech-debate-fsaphgiap-con03a,0,57.4361
test-free-speech-debate-fsaphgiap-con03a,1,50.6951
test-free-speech-debate-fsaphgiap-con03a,2,49.4658
test-free-speech-debate-fsaphgiap-con01a,0,49.1721
test-free-speech-debate-fsaphgiap-con01a,1,48.9512
test-free-speech-debate-fsaphgiap-con01a,2,48.1752
test-free-speech-debate-yfsdfkhbwu-pro02a,0,87.7054
test-free-speech-debate-yfsdfkhbwu-pro02a,1,50.3042
test-free-speech-debate-yfsdfkhbwu-pro02a,2,49.4674
test-free-speech-debate-yfsdfkhbwu-pro01a,0,59.7073
test-free-speech-debate-yfsdfkhbwu-pro01a,1,48.1931
test-free-speech-debate-yfsdfkhbwu-pro01a,2,47.3961
test-free-speech-debate-yfsdfkhbwu-pro03a,0,50.9866
test-free-speech-debate-yfsdfkhbwu-pro03a,1,47.4585
test-free-speech-debate-yfsdfkhbwu-pro03a,2,47.7654
test-free-speech-debate-yfsdfkhbwu-con02a,0,54.3295
test-free-speech-debate-yfsdfkhbwu-con02a,1,49.9033
test-free-speech-debate-yfsdfkhbwu-con02a,2,50.5698
test-free-speech-debate-yfsdfkhbwu-con03a,0,52.2230
test-free-speech-debate-yfsdfkhbwu-con03a,1,50.1487
test-free-speech-debate-yfsdfkhbwu-con03a,2,50.7762
test-free-speech-debate-yfsdfkhbwu-con01a,0,51.9862
test-free-speech-debate-yfsdfkhbwu-con01a,1,54.6663
test-free-speech-debate-yfsdfkhbwu-con01a,2,52.0145
test-free-speech-debate-ldhwbmclg-pro02a,0,58.5382
test-free-speech-debate-ldhwbmclg-pro02a,1,49.3747
test-free-speech-debate-ldhwbmclg-pro02a,2,51.5411
test-free-speech-debate-ldhwbmclg-pro01a,0,59.5781
test-free-speech-debate-ldhwbmclg-pro01a,1,48.0538
test-free-speech-debate-ldhwbmclg-pro01a,2,50.3322
test-free-speech-debate-ldhwbmclg-pro03a,0,49.1273
test-free-speech-debate-ldhwbmclg-pro03a,1,48.5421
test-free-speech-debate-ldhwbmclg-pro03a,2,48.5577
test-free-speech-debate-ldhwbmclg-con02a,0,54.8172
test-free-speech-debate-ldhwbmclg-con02a,1,61.9074
test-free-speech-debate-ldhwbmclg-con02a,2,48.6767
test-free-speech-debate-ldhwbmclg-con03a,0,49.3986
test-free-speech-debate-ldhwbmclg-con03a,1,47.9015
test-free-speech-debate-ldhwbmclg-con03a,2,49.8997
test-free-speech-debate-ldhwbmclg-con01a,0,48.9977
test-free-speech-debate-ldhwbmclg-con01a,1,48.8499
test-free-speech-debate-ldhwbmclg-con01a,2,48.5155
test-free-speech-debate-ldhwprhs-pro02a,0,54.3418
test-free-speech-debate-ldhwprhs-pro02a,1,52.2784
test-free-speech-debate-ldhwprhs-pro02a,2,49.1113
test-free-speech-debate-ldhwprhs-pro01a,0,51.4607
test-free-speech-debate-ldhwprhs-pro01a,1,48.5095
test-free-speech-debate-ldhwprhs-pro01a,2,48.8519
test-free-speech-debate-ldhwprhs-pro03a,0,50.7505
test-free-speech-debate-ldhwprhs-pro03a,1,49.7476
test-free-speech-debate-ldhwprhs-pro03a,2,49.8948
test-free-speech-debate-ldhwprhs-con02a,0,48.6200
test-free-speech-debate-ldhwprhs-con02a,1,50.4499
test-free-speech-debate-ldhwprhs-con02a,2,49.2852
test-free-speech-debate-ldhwprhs-con03a,0,48.7206
test-free-speech-debate-ldhwprhs-con03a,1,48.5277
test-free-speech-debate-ldhwprhs-con03a,2,48.6108
test-free-speech-debate-ldhwprhs-con01a,0,49.2711
test-free-speech-debate-ldhwprhs-con01a,1,48.2059
test-free-speech-debate-ldhwprhs-con01a,2,49.3662
test-free-speech-debate-radhbsshr-pro02a,0,50.7350
test-free-speech-debate-radhbsshr-pro02a,1,49.9324
test-free-speech-debate-radhbsshr-pro02a,2,54.4248
test-free-speech-debate-radhbsshr-pro01a,0,48.9700
test-free-speech-debate-radhbsshr-pro01a,1,49.6713
test-free-speech-debate-radhbsshr-pro01a,2,48.3299
test-free-speech-debate-radhbsshr-pro03a,0,50.8830
test-free-speech-debate-radhbsshr-pro03a,1,54.1068
test-free-speech-debate-radhbsshr-pro03a,2,51.3947
test-free-speech-debate-radhbsshr-con02a,0,49.2115
test-free-speech-debate-radhbsshr-con02a,1,50.0097
test-free-speech-debate-radhbsshr-con02a,2,49.1175
test-free-speech-debate-radhbsshr-con04a,0,50.0333
test-free-speech-debate-radhbsshr-con04a,1,49.8146
test-free-speech-debate-radhbsshr-con04a,2,49.2246
test-free-speech-debate-radhbsshr-con03a,0,49.7671
test-free-speech-debate-radhbsshr-con03a,1,49.0058
test-free-speech-debate-radhbsshr-con03a,2,48.6760
test-free-speech-debate-radhbsshr-con01a,0,48.5242
test-free-speech-debate-radhbsshr-con01a,1,48.6546
test-free-speech-debate-radhbsshr-con01a,2,50.1476
test-free-speech-debate-fchbjaj-pro02a,0,53.2579
test-free-speech-debate-fchbjaj-pro02a,1,48.8571
test-free-speech-debate-fchbjaj-pro02a,2,50.4817
test-free-speech-debate-fchbjaj-pro01a,0,136.5172
test-free-speech-debate-fchbjaj-pro01a,1,48.6456
test-free-speech-debate-fchbjaj-pro01a,2,48.9928
test-free-speech-debate-fchbjaj-pro03a,0,55.4782
test-free-speech-debate-fchbjaj-pro03a,1,49.0649
test-free-speech-debate-fchbjaj-pro03a,2,49.1659
test-free-speech-debate-fchbjaj-con02a,0,52.2920
test-free-speech-debate-fchbjaj-con02a,1,52.0812
test-free-speech-debate-fchbjaj-con02a,2,54.7514
test-free-speech-debate-fchbjaj-con03a,0,49.8938
test-free-speech-debate-fchbjaj-con03a,1,52.7116
test-free-speech-debate-fchbjaj-con03a,2,49.0645
test-free-speech-debate-fchbjaj-con01a,0,50.2856
test-free-speech-debate-fchbjaj-con01a,1,48.8413
test-free-speech-debate-fchbjaj-con01a,2,47.7946
test-free-speech-debate-nshbcsbawc-pro02a,0,47.3125
test-free-speech-debate-nshbcsbawc-pro02a,1,47.6160
test-free-speech-debate-nshbcsbawc-pro02a,2,47.5915
test-free-speech-debate-nshbcsbawc-pro01a,0,48.1554
test-free-speech-debate-nshbcsbawc-pro01a,1,162.1707
test-free-speech-debate-nshbcsbawc-pro01a,2,47.3415
test-free-speech-debate-nshbcsbawc-pro03a,0,47.7863
test-free-speech-debate-nshbcsbawc-pro03a,1,48.6041
test-free-speech-debate-nshbcsbawc-pro03a,2,47.1965
test-free-speech-debate-nshbcsbawc-pro04a,0,52.3273
test-free-speech-debate-nshbcsbawc-pro04a,1,50.7428
test-free-speech-debate-nshbcsbawc-pro04a,2,51.1493
test-free-speech-debate-nshbcsbawc-con02a,0,50.3571
test-free-speech-debate-nshbcsbawc-con02a,1,48.5986
test-free-speech-debate-nshbcsbawc-con02a,2,48.4960
test-free-speech-debate-nshbcsbawc-con03a,0,49.0870
test-free-speech-debate-nshbcsbawc-con03a,1,51.7017
test-free-speech-debate-nshbcsbawc-con03a,2,50.9595
test-free-speech-debate-nshbcsbawc-con01a,0,48.8016
test-free-speech-debate-nshbcsbawc-con01a,1,47.1118
test-free-speech-debate-nshbcsbawc-con01a,2,52.5145
test-economy-egecegphw-pro02a,0,60.7410
test-economy-egecegphw-pro02a,1,49.4671
test-economy-egecegphw-pro02a,2,53.0423
test-economy-egecegphw-pro01a,0,56.1263
test-economy-egecegphw-pro01a,1,47.4812
test-economy-egecegphw-pro01a,2,48.6202
test-economy-egecegphw-pro03a,0,56.4010
test-economy-egecegphw-pro03a,1,48.3948
test-economy-egecegphw-pro03a,2,49.2678
test-economy-egecegphw-con02a,0,48.8851
test-economy-egecegphw-con02a,1,48.3996
test-economy-egecegphw-con02a,2,48.3486
test-economy-egecegphw-con03a,0,49.3701
test-economy-egecegphw-con03a,1,50.9457
test-economy-egecegphw-con03a,2,47.5765
test-economy-egecegphw-con01a,0,50.1260
test-economy-egecegphw-con01a,1,48.1785
test-economy-egecegphw-con01a,2,48.5251
test-economy-beplcpdffe-pro02a,0,52.2372
test-economy-beplcpdffe-pro02a,1,48.0078
test-economy-beplcpdffe-pro02a,2,49.4697
test-economy-beplcpdffe-pro01a,0,78.5570
test-economy-beplcpdffe-pro01a,1,49.8177
test-economy-beplcpdffe-pro01a,2,53.4377
test-economy-beplcpdffe-pro03a,0,48.4787
test-economy-beplcpdffe-pro03a,1,47.4700
test-economy-beplcpdffe-pro03a,2,50.8371
test-economy-beplcpdffe-pro04a,0,48.5902
test-economy-beplcpdffe-pro04a,1,49.8187
test-economy-beplcpdffe-pro04a,2,49.4950
test-economy-beplcpdffe-con02a,0,48.7933
test-economy-beplcpdffe-con02a,1,194.4527
test-economy-beplcpdffe-con02a,2,49.0979
test-economy-beplcpdffe-con05a,0,50.4515
test-economy-beplcpdffe-con05a,1,49.4096
test-economy-beplcpdffe-con05a,2,129.7676
test-economy-beplcpdffe-con04a,0,47.5836
test-economy-beplcpdffe-con04a,1,48.8674
test-economy-beplcpdffe-con04a,2,47.7854
test-economy-beplcpdffe-con03a,0,47.9279
test-economy-beplcpdffe-con03a,1,48.2591
test-economy-beplcpdffe-con03a,2,49.5997
test-economy-beplcpdffe-con01a,0,47.7696
test-economy-beplcpdffe-con01a,1,49.0732
test-economy-beplcpdffe-con01a,2,50.8264
test-economy-thsptr-pro02a,0,60.0816
test-economy-thsptr-pro02a,1,49.5692
test-economy-thsptr-pro02a,2,51.8770
test-economy-thsptr-pro05a,0,63.5430
test-economy-thsptr-pro05a,1,50.3502
test-economy-thsptr-pro05a,2,49.0597
test-economy-thsptr-pro01a,0,50.3898
test-economy-thsptr-pro01a,1,48.5135
test-economy-thsptr-pro01a,2,47.9932
test-economy-thsptr-pro03a,0,62.1309
test-economy-thsptr-pro03a,1,49.5922
test-economy-thsptr-pro03a,2,49.2320
test-economy-thsptr-pro04a,0,98.3794
test-economy-thsptr-pro04a,1,50.7140
test-economy-thsptr-pro04a,2,48.9721
test-economy-thsptr-con02a,0,48.3073
test-economy-thsptr-con02a,1,49.0151
test-economy-thsptr-con02a,2,49.5614
test-economy-thsptr-con05a,0,60.8535
test-economy-thsptr-con05a,1,49.5937
test-economy-thsptr-con05a,2,49.6985
test-economy-thsptr-con04a,0,50.0699
test-economy-thsptr-con04a,1,50.9651
test-economy-thsptr-con04a,2,53.5449
test-economy-thsptr-con03a,0,54.5802
test-economy-thsptr-con03a,1,49.6017
test-economy-thsptr-con03a,2,49.3015
test-economy-thsptr-con01a,0,49.5517
test-economy-thsptr-con01a,1,50.7446
test-economy-thsptr-con01a,2,49.1214
test-economy-epiasghbf-pro02a,0,50.7982
test-economy-epiasghbf-pro02a,1,50.9038
test-economy-epiasghbf-pro02a,2,70.2657
test-economy-epiasghbf-pro01a,0,49.1945
test-economy-epiasghbf-pro01a,1,49.5094
test-economy-epiasghbf-pro01a,2,51.6475
test-economy-epiasghbf-pro03a,0,50.9681
test-economy-epiasghbf-pro03a,1,47.3851
test-economy-epiasghbf-pro03a,2,49.0215
test-economy-epiasghbf-con02a,0,47.4978
test-economy-epiasghbf-con02a,1,47.5555
test-economy-epiasghbf-con02a,2,50.0976
test-economy-epiasghbf-con04a,0,51.3127
test-economy-epiasghbf-con04a,1,48.5772
test-economy-epiasghbf-con04a,2,48.7404
test-economy-epiasghbf-con03a,0,51.9655
test-economy-epiasghbf-con03a,1,48.1654
test-economy-epiasghbf-con03a,2,46.7324
test-economy-epiasghbf-con01a,0,49.9640
test-economy-epiasghbf-con01a,1,47.7776
test-economy-epiasghbf-con01a,2,47.5089
test-economy-epegiahsc-pro02a,0,66.5511
test-economy-epegiahsc-pro02a,1,51.9424
test-economy-epegiahsc-pro02a,2,49.7495
test-economy-epegiahsc-pro01a,0,52.8833
test-economy-epegiahsc-pro01a,1,52.9109
test-economy-epegiahsc-pro01a,2,53.1062
test-economy-epegiahsc-pro03a,0,54.7700
test-economy-epegiahsc-pro03a,1,51.3595
test-economy-epegiahsc-pro03a,2,47.8631
test-economy-epegiahsc-con02a,0,52.2984
test-economy-epegiahsc-con02a,1,54.6059
test-economy-epegiahsc-con02a,2,47.9831
test-economy-epegiahsc-con04a,0,58.5243
test-economy-epegiahsc-con04a,1,48.8827
test-economy-epegiahsc-con04a,2,49.0946
test-economy-epegiahsc-con03a,0,51.1195
test-economy-epegiahsc-con03a,1,50.4121
test-economy-epegiahsc-con03a,2,50.0147
test-economy-epegiahsc-con01a,0,50.3314
test-economy-epegiahsc-con01a,1,51.0955
test-economy-epegiahsc-con01a,2,49.9870
test-economy-egiahbwaka-pro02a,0,54.2767
test-economy-egiahbwaka-pro02a,1,49.4359
test-economy-egiahbwaka-pro02a,2,50.1588
test-economy-egiahbwaka-pro01a,0,53.8790
test-economy-egiahbwaka-pro01a,1,48.6697
test-economy-egiahbwaka-pro01a,2,49.4591
test-economy-egiahbwaka-pro03a,0,50.2106
test-economy-egiahbwaka-pro03a,1,151.2773
test-economy-egiahbwaka-pro03a,2,47.3155
test-economy-egiahbwaka-con02a,0,49.5667
test-economy-egiahbwaka-con02a,1,49.0150
test-economy-egiahbwaka-con02a,2,47.1337
test-economy-egiahbwaka-con03a,0,52.1194
test-economy-egiahbwaka-con03a,1,54.1301
test-economy-egiahbwaka-con03a,2,132.0674
test-economy-egiahbwaka-con01a,0,50.8047
test-economy-egiahbwaka-con01a,1,50.4161
test-economy-egiahbwaka-con01a,2,49.2642
test-economy-egppphbcb-pro02a,0,56.7188
test-economy-egppphbcb-pro02a,1,50.5673
test-economy-egppphbcb-pro02a,2,49.4956
test-economy-egppphbcb-pro01a,0,51.2614
test-economy-egppphbcb-pro01a,1,51.4488
test-economy-egppphbcb-pro01a,2,50.4345
test-economy-egppphbcb-pro03a,0,70.4994
test-economy-egppphbcb-pro03a,1,48.9270
test-economy-egppphbcb-pro03a,2,50.1684
test-economy-egppphbcb-pro04a,0,49.6880
test-economy-egppphbcb-pro04a,1,48.8938
test-economy-egppphbcb-pro04a,2,50.0132
test-economy-egppphbcb-con02a,0,78.0064
test-economy-egppphbcb-con02a,1,50.3404
test-economy-egppphbcb-con02a,2,51.2693
test-economy-egppphbcb-con03a,0,71.5413
test-economy-egppphbcb-con03a,1,51.7709
test-economy-egppphbcb-con03a,2,50.3601
test-economy-egppphbcb-con01a,0,49.6754
test-economy-egppphbcb-con01a,1,51.5304
test-economy-egppphbcb-con01a,2,48.9284
test-economy-bhahwbsps-pro02a,0,48.1606
test-economy-bhahwbsps-pro02a,1,51.8542
test-economy-bhahwbsps-pro02a,2,47.9353
test-economy-bhahwbsps-pro01a,0,54.7812
test-economy-bhahwbsps-pro01a,1,52.6639
test-economy-bhahwbsps-pro01a,2,48.3942
test-economy-bhahwbsps-pro03a,0,47.4145
test-economy-bhahwbsps-pro03a,1,48.6406
test-economy-bhahwbsps-pro03a,2,49.0883
test-economy-bhahwbsps-pro04a,0,49.7680
test-economy-bhahwbsps-pro04a,1,47.8506
test-economy-bhahwbsps-pro04a,2,48.0159
test-economy-bhahwbsps-con02a,0,49.5933
test-economy-bhahwbsps-con02a,1,48.4733
test-economy-bhahwbsps-con02a,2,48.6808
test-economy-bhahwbsps-con03a,0,49.3203
test-economy-bhahwbsps-con03a,1,47.3685
test-economy-bhahwbsps-con03a,2,49.1456
test-economy-bhahwbsps-con01a,0,50.0328
test-economy-bhahwbsps-con01a,1,47.6811
test-economy-bhahwbsps-con01a,2,47.4255
test-economy-bepiehbesa-pro02a,0,63.9829
test-economy-bepiehbesa-pro02a,1,52.1856
test-economy-bepiehbesa-pro02a,2,50.0003
test-economy-bepiehbesa-pro01a,0,51.0844
test-economy-bepiehbesa-pro01a,1,48.6408
test-economy-bepiehbesa-pro01a,2,48.4893
test-economy-bepiehbesa-pro03a,0,48.4700
test-economy-bepiehbesa-pro03a,1,48.7693
test-economy-bepiehbesa-pro03a,2,48.5818
test-economy-bepiehbesa-pro04a,0,56.1541
test-economy-bepiehbesa-pro04a,1,48.1611
test-economy-bepiehbesa-pro04a,2,48.6792
test-economy-bepiehbesa-con02a,0,50.9934
test-economy-bepiehbesa-con02a,1,48.7433
test-economy-bepiehbesa-con02a,2,48.3811
test-economy-bepiehbesa-con03a,0,48.8130
test-economy-bepiehbesa-con03a,1,49.6505
test-economy-bepiehbesa-con03a,2,47.7414
test-economy-bepiehbesa-con01a,0,50.8869
test-economy-bepiehbesa-con01a,1,49.3764
test-economy-bepiehbesa-con01a,2,49.3666
test-economy-thhghwhwift-pro02a,0,49.6360
test-economy-thhghwhwift-pro02a,1,49.9846
test-economy-thhghwhwift-pro02a,2,48.1217
test-economy-thhghwhwift-pro01a,0,49.9436
test-economy-thhghwhwift-pro01a,1,50.5938
test-economy-thhghwhwift-pro01a,2,49.0868
test-economy-thhghwhwift-pro03a,0,50.7761
test-economy-thhghwhwift-pro03a,1,49.9118
test-economy-thhghwhwift-pro03a,2,47.7262
test-economy-thhghwhwift-con02a,0,51.8105
test-economy-thhghwhwift-con02a,1,48.0637
test-economy-thhghwhwift-con02a,2,47.6664
test-economy-thhghwhwift-con03a,0,47.6518
test-economy-thhghwhwift-con03a,1,48.6383
test-economy-thhghwhwift-con03a,2,48.2838
test-economy-thhghwhwift-con01a,0,49.0194
test-economy-thhghwhwift-con01a,1,50.5925
test-economy-thhghwhwift-con01a,2,59.0290
test-economy-fiahwpamu-pro02a,0,51.6783
test-economy-fiahwpamu-pro02a,1,49.3953
test-economy-fiahwpamu-pro02a,2,55.8928
test-economy-fiahwpamu-pro05a,0,49.8547
test-economy-fiahwpamu-pro05a,1,49.2489
test-economy-fiahwpamu-pro05a,2,57.0840
test-economy-fiahwpamu-pro01a,0,51.7033
test-economy-fiahwpamu-pro01a,1,48.2676
test-economy-fiahwpamu-pro01a,2,50.0766
test-economy-fiahwpamu-pro03a,0,50.0145
test-economy-fiahwpamu-pro03a,1,50.8922
test-economy-fiahwpamu-pro03a,2,51.7193
test-economy-fiahwpamu-pro04a,0,51.0100
test-economy-fiahwpamu-pro04a,1,48.5931
test-economy-fiahwpamu-pro04a,2,58.1397
test-economy-fiahwpamu-con02a,0,56.7394
test-economy-fiahwpamu-con02a,1,48.8937
test-economy-fiahwpamu-con02a,2,52.1297
test-economy-fiahwpamu-con03a,0,49.3929
test-economy-fiahwpamu-con03a,1,49.1179
test-economy-fiahwpamu-con03a,2,53.9080
test-economy-fiahwpamu-con01a,0,53.1906
test-economy-fiahwpamu-con01a,1,48.6729
test-economy-fiahwpamu-con01a,2,60.3745
test-economy-eptpghdtre-pro02a,0,151.1580
test-economy-eptpghdtre-pro02a,1,49.1746
test-economy-eptpghdtre-pro02a,2,50.2222
test-economy-eptpghdtre-pro01a,0,49.5376
test-economy-eptpghdtre-pro01a,1,47.0635
test-economy-eptpghdtre-pro01a,2,47.6911
test-economy-eptpghdtre-pro03a,0,49.2303
test-economy-eptpghdtre-pro03a,1,48.5570
test-economy-eptpghdtre-pro03a,2,50.1785
test-economy-eptpghdtre-pro04a,0,48.9610
test-economy-eptpghdtre-pro04a,1,48.4600
test-economy-eptpghdtre-pro04a,2,52.8840
test-economy-eptpghdtre-con02a,0,50.0457
test-economy-eptpghdtre-con02a,1,49.9533
test-economy-eptpghdtre-con02a,2,53.9590
test-economy-eptpghdtre-con03a,0,48.3613
test-economy-eptpghdtre-con03a,1,48.5335
test-economy-eptpghdtre-con03a,2,50.4561
test-economy-eptpghdtre-con01a,0,51.5073
test-economy-eptpghdtre-con01a,1,50.9938
test-economy-eptpghdtre-con01a,2,49.1541
test-economy-epehwmrbals-pro02a,0,53.7683
test-economy-epehwmrbals-pro02a,1,53.4676
test-economy-epehwmrbals-pro02a,2,49.6692
test-economy-epehwmrbals-pro05a,0,50.8329
test-economy-epehwmrbals-pro05a,1,48.9864
test-economy-epehwmrbals-pro05a,2,48.9461
test-economy-epehwmrbals-pro01a,0,51.6686
test-economy-epehwmrbals-pro01a,1,49.0385
test-economy-epehwmrbals-pro01a,2,51.2645
test-economy-epehwmrbals-pro03a,0,49.4848
test-economy-epehwmrbals-pro03a,1,48.1321
test-economy-epehwmrbals-pro03a,2,50.2688
test-economy-epehwmrbals-pro04a,0,56.3976
test-economy-epehwmrbals-pro04a,1,48.7013
test-economy-epehwmrbals-pro04a,2,49.4113
test-economy-epehwmrbals-con02a,0,51.1990
test-economy-epehwmrbals-con02a,1,50.3557
test-economy-epehwmrbals-con02a,2,49.0932
test-economy-epehwmrbals-con04a,0,49.6540
test-economy-epehwmrbals-con04a,1,49.1392
test-economy-epehwmrbals-con04a,2,49.0759
test-economy-epehwmrbals-con03a,0,57.7705
test-economy-epehwmrbals-con03a,1,49.3554
test-economy-epehwmrbals-con03a,2,51.7987
test-economy-epehwmrbals-con01a,0,49.7276
test-economy-epehwmrbals-con01a,1,48.9257
test-economy-epehwmrbals-con01a,2,49.2672
test-economy-beghwbh-pro02a,0,56.1380
test-economy-beghwbh-pro02a,1,48.5363
test-economy-beghwbh-pro02a,2,47.3050
test-economy-beghwbh-pro01a,0,51.2707
test-economy-beghwbh-pro01a,1,47.1673
test-economy-beghwbh-pro01a,2,47.9164
test-economy-beghwbh-pro03a,0,50.8713
test-economy-beghwbh-pro03a,1,47.9852
test-economy-beghwbh-pro03a,2,47.7379
test-economy-beghwbh-con02a,0,48.0901
test-economy-beghwbh-con02a,1,46.5739
test-economy-beghwbh-con02a,2,49.8351
test-economy-beghwbh-con04a,0,57.7452
test-economy-beghwbh-con04a,1,48.3252
test-economy-beghwbh-con04a,2,48.9811
test-economy-beghwbh-con03a,0,50.6902
test-economy-beghwbh-con03a,1,47.8953
test-economy-beghwbh-con03a,2,48.2905
test-economy-beghwbh-con01a,0,54.3410
test-economy-beghwbh-con01a,1,47.0972
test-economy-beghwbh-con01a,2,49.7517
test-economy-bepahbtsnrt-pro02a,0,52.0424
test-economy-bepahbtsnrt-pro02a,1,49.3889
test-economy-bepahbtsnrt-pro02a,2,53.9384
test-economy-bepahbtsnrt-pro01a,0,52.2676
test-economy-bepahbtsnrt-pro01a,1,49.9090
test-economy-bepahbtsnrt-pro01a,2,49.5497
test-economy-bepahbtsnrt-pro03a,0,50.8176
test-economy-bepahbtsnrt-pro03a,1,49.8185
test-economy-bepahbtsnrt-pro03a,2,48.5114
test-economy-bepahbtsnrt-pro04a,0,48.4481
test-economy-bepahbtsnrt-pro04a,1,151.2523
test-economy-bepahbtsnrt-pro04a,2,48.1532
test-economy-bepahbtsnrt-con02a,0,58.8946
test-economy-bepahbtsnrt-con02a,1,50.9324
test-economy-bepahbtsnrt-con02a,2,49.4975
test-economy-bepahbtsnrt-con03a,0,49.5142
test-economy-bepahbtsnrt-con03a,1,51.6053
test-economy-bepahbtsnrt-con03a,2,113.8472
test-economy-bepahbtsnrt-con01a,0,51.2091
test-economy-bepahbtsnrt-con01a,1,49.4657
test-economy-bepahbtsnrt-con01a,2,47.8111
test-economy-epsihbdns-pro02a,0,50.9410
test-economy-epsihbdns-pro02a,1,48.9847
test-economy-epsihbdns-pro02a,2,50.0516
test-economy-epsihbdns-pro01a,0,135.5740
test-economy-epsihbdns-pro01a,1,50.1487
test-economy-epsihbdns-pro01a,2,48.9054
test-economy-epsihbdns-pro03a,0,50.4916
test-economy-epsihbdns-pro03a,1,50.0031
test-economy-epsihbdns-pro03a,2,48.7869
test-economy-epsihbdns-pro04a,0,58.2882
test-economy-epsihbdns-pro04a,1,49.4628
test-economy-epsihbdns-pro04a,2,48.9584
test-economy-epsihbdns-con02a,0,53.8902
test-economy-epsihbdns-con02a,1,49.7162
test-economy-epsihbdns-con02a,2,49.1150
test-economy-epsihbdns-con04a,0,52.5079
test-economy-epsihbdns-con04a,1,49.9315
test-economy-epsihbdns-con04a,2,51.0751
test-economy-epsihbdns-con03a,0,51.5444
test-economy-epsihbdns-con03a,1,48.4078
test-economy-epsihbdns-con03a,2,49.5730
test-economy-epsihbdns-con01a,0,56.6791
test-economy-epsihbdns-con01a,1,48.9364
test-economy-epsihbdns-con01a,2,50.7070
test-economy-bepighbdb-pro02a,0,57.1881
test-economy-bepighbdb-pro02a,1,51.3503
test-economy-bepighbdb-pro02a,2,50.1361
test-economy-bepighbdb-pro01a,0,50.8796
test-economy-bepighbdb-pro01a,1,52.6747
test-economy-bepighbdb-pro01a,2,49.5958
test-economy-bepighbdb-pro03a,0,61.5332
test-economy-bepighbdb-pro03a,1,50.1108
test-economy-bepighbdb-pro03a,2,52.4260
test-economy-bepighbdb-con02a,0,64.8682
test-economy-bepighbdb-con02a,1,48.9949
test-economy-bepighbdb-con02a,2,56.0353
test-economy-bepighbdb-con04a,0,49.7479
test-economy-bepighbdb-con04a,1,49.2221
test-economy-bepighbdb-con04a,2,52.6669
test-economy-bepighbdb-con03a,0,52.9018
test-economy-bepighbdb-con03a,1,49.0196
test-economy-bepighbdb-con03a,2,50.8553
test-economy-bepighbdb-con01a,0,50.0525
test-economy-bepighbdb-con01a,1,49.5718
test-economy-bepighbdb-con01a,2,53.2598
test-international-gmehbisrip1b-pro02a,0,98.6064
test-international-gmehbisrip1b-pro02a,1,48.4787
test-international-gmehbisrip1b-pro02a,2,51.7032
test-international-gmehbisrip1b-pro01a,0,53.0611
test-international-gmehbisrip1b-pro01a,1,49.2111
test-international-gmehbisrip1b-pro01a,2,48.0718
test-international-gmehbisrip1b-pro03a,0,52.3349
test-international-gmehbisrip1b-pro03a,1,49.6916
test-international-gmehbisrip1b-pro03a,2,48.2173
test-international-gmehbisrip1b-con02a,0,51.1554
test-international-gmehbisrip1b-con02a,1,48.0072
test-international-gmehbisrip1b-con02a,2,47.2910
test-international-gmehbisrip1b-con03a,0,49.5102
test-international-gmehbisrip1b-con03a,1,49.4061
test-international-gmehbisrip1b-con03a,2,47.4845
test-international-gmehbisrip1b-con01a,0,47.8806
test-international-gmehbisrip1b-con01a,1,47.0033
test-international-gmehbisrip1b-con01a,2,48.3354
test-international-miasimyhw-pro02a,0,49.4810
test-international-miasimyhw-pro02a,1,49.0982
test-international-miasimyhw-pro02a,2,50.7762
test-international-miasimyhw-pro05a,0,50.3990
test-international-miasimyhw-pro05a,1,48.7466
test-international-miasimyhw-pro05a,2,51.2153
test-international-miasimyhw-pro01a,0,49.1413
test-international-miasimyhw-pro01a,1,48.8480
test-international-miasimyhw-pro01a,2,53.0967
test-international-miasimyhw-pro03a,0,50.9224
test-international-miasimyhw-pro03a,1,49.1268
test-international-miasimyhw-pro03a,2,51.4148
test-international-miasimyhw-pro04a,0,48.9927
test-international-miasimyhw-pro04a,1,48.5396
test-international-miasimyhw-pro04a,2,50.0799
test-international-miasimyhw-con02a,0,49.9691
test-international-miasimyhw-con02a,1,49.0587
test-international-miasimyhw-con02a,2,48.6021
test-international-miasimyhw-con03a,0,48.6768
test-international-miasimyhw-con03a,1,48.3354
test-international-miasimyhw-con03a,2,49.1965
test-international-miasimyhw-con01a,0,48.3887
test-international-miasimyhw-con01a,1,158.2026
test-international-miasimyhw-con01a,2,48.9697
test-international-ghwcitca-pro02a,0,67.4789
test-international-ghwcitca-pro02a,1,50.2764
test-international-ghwcitca-pro02a,2,49.2465
test-international-ghwcitca-pro01a,0,50.0472
test-international-ghwcitca-pro01a,1,50.7585
test-international-ghwcitca-pro01a,2,125.2295
test-international-ghwcitca-pro03a,0,49.3854
test-international-ghwcitca-pro03a,1,48.3423
test-international-ghwcitca-pro03a,2,49.6689
test-international-ghwcitca-pro04a,0,55.8610
test-international-ghwcitca-pro04a,1,49.6226
test-international-ghwcitca-pro04a,2,50.4985
test-international-ghwcitca-con02a,0,49.2035
test-international-ghwcitca-con02a,1,49.0156
test-international-ghwcitca-con02a,2,51.1372
test-international-ghwcitca-con03a,0,50.2524
test-international-ghwcitca-con03a,1,47.9943
test-international-ghwcitca-con03a,2,54.6755
test-international-ghwcitca-con01a,0,51.2238
test-international-ghwcitca-con01a,1,49.3311
test-international-ghwcitca-con01a,2,49.8731
test-international-gmehwasr-pro02a,0,74.7463
test-international-gmehwasr-pro02a,1,50.7828
test-international-gmehwasr-pro02a,2,48.2512
test-international-gmehwasr-pro05a,0,55.6485
test-international-gmehwasr-pro05a,1,49.4754
test-international-gmehwasr-pro05a,2,48.1443
test-international-gmehwasr-pro01a,0,47.3307
test-international-gmehwasr-pro01a,1,48.6981
test-international-gmehwasr-pro01a,2,49.7165
test-international-gmehwasr-pro03a,0,55.9548
test-international-gmehwasr-pro03a,1,48.1598
test-international-gmehwasr-pro03a,2,48.6393
test-international-gmehwasr-pro04a,0,48.3291
test-international-gmehwasr-pro04a,1,47.6524
test-international-gmehwasr-pro04a,2,49.1973
test-international-gmehwasr-con02a,0,49.8250
test-international-gmehwasr-con02a,1,47.9110
test-international-gmehwasr-con02a,2,48.9353
test-international-gmehwasr-con05a,0,49.6969
test-international-gmehwasr-con05a,1,47.6897
test-international-gmehwasr-con05a,2,54.8437
test-international-gmehwasr-con04a,0,50.4745
test-international-gmehwasr-con04a,1,47.5074
test-international-gmehwasr-con04a,2,51.8687
test-international-gmehwasr-con03a,0,54.9362
test-international-gmehwasr-con03a,1,48.4786
test-international-gmehwasr-con03a,2,51.0850
test-international-gmehwasr-con01a,0,49.0459
test-international-gmehwasr-con01a,1,50.0721
test-international-gmehwasr-con01a,2,48.8269
test-international-aghbfcpspr-pro02a,0,51.2412
test-international-aghbfcpspr-pro02a,1,49.0102
test-international-aghbfcpspr-pro02a,2,48.7955
test-international-aghbfcpspr-pro05a,0,49.7976
test-international-aghbfcpspr-pro05a,1,48.2270
test-international-aghbfcpspr-pro05a,2,48.8520
test-international-aghbfcpspr-pro01a,0,50.4019
test-international-aghbfcpspr-pro01a,1,49.5627
test-international-aghbfcpspr-pro01a,2,80.8762
test-international-aghbfcpspr-pro03a,0,53.2264
test-international-aghbfcpspr-pro03a,1,49.8720
test-international-aghbfcpspr-pro03a,2,61.4118
test-international-aghbfcpspr-pro04a,0,50.0853
test-international-aghbfcpspr-pro04a,1,50.0838
test-international-aghbfcpspr-pro04a,2,61.5083
test-international-aghbfcpspr-con02a,0,66.7735
test-international-aghbfcpspr-con02a,1,50.5431
test-international-aghbfcpspr-con02a,2,61.4602
test-international-aghbfcpspr-con04a,0,64.5404
test-international-aghbfcpspr-con04a,1,48.1703
test-international-aghbfcpspr-con04a,2,76.4666
test-international-aghbfcpspr-con03a,0,67.7022
test-international-aghbfcpspr-con03a,1,50.1859
test-international-aghbfcpspr-con03a,2,480.0626
test-international-aghbfcpspr-con01a,0,53.0912
test-international-aghbfcpspr-con01a,1,49.0855
test-international-aghbfcpspr-con01a,2,92.7937
test-international-gpsmhbsosb-pro02a,0,63.3965
test-international-gpsmhbsosb-pro02a,1,50.4397
test-international-gpsmhbsosb-pro02a,2,68.4626
test-international-gpsmhbsosb-pro01a,0,51.5317
test-international-gpsmhbsosb-pro01a,1,51.1371
test-international-gpsmhbsosb-pro01a,2,68.5914
test-international-gpsmhbsosb-pro03a,0,50.3805
test-international-gpsmhbsosb-pro03a,1,47.5067
test-international-gpsmhbsosb-pro03a,2,68.5647
test-international-gpsmhbsosb-con02a,0,49.1258
test-international-gpsmhbsosb-con02a,1,49.0543
test-international-gpsmhbsosb-con02a,2,68.6612
test-international-gpsmhbsosb-con03a,0,50.7861
test-international-gpsmhbsosb-con03a,1,50.6570
test-international-gpsmhbsosb-con03a,2,137.2260
test-international-gpsmhbsosb-con01a,0,49.8067
test-international-gpsmhbsosb-con01a,1,50.0829
test-international-gpsmhbsosb-con01a,2,68.6017
test-international-apwhbaucmip-pro02a,0,137.4008
test-international-apwhbaucmip-pro02a,1,48.7372
test-international-apwhbaucmip-pro02a,2,68.6182
test-international-apwhbaucmip-pro01a,0,56.5313
test-international-apwhbaucmip-pro01a,1,50.0371
test-international-apwhbaucmip-pro01a,2,68.6383
test-international-apwhbaucmip-pro03a,0,53.1587
test-international-apwhbaucmip-pro03a,1,50.1647
test-international-apwhbaucmip-pro03a,2,68.5981
test-international-apwhbaucmip-pro04a,0,48.7026
test-international-apwhbaucmip-pro04a,1,48.4689
test-international-apwhbaucmip-pro04a,2,68.5984
test-international-apwhbaucmip-con02a,0,51.6536
test-international-apwhbaucmip-con02a,1,48.6019
test-international-apwhbaucmip-con02a,2,68.6004
test-international-apwhbaucmip-con04a,0,51.5855
test-international-apwhbaucmip-con04a,1,49.1503
test-international-apwhbaucmip-con04a,2,68.6321
test-international-apwhbaucmip-con03a,0,49.8067
test-international-apwhbaucmip-con03a,1,49.3855
test-international-apwhbaucmip-con03a,2,68.6025
test-international-apwhbaucmip-con01a,0,49.9758
test-international-apwhbaucmip-con01a,1,49.9200
test-international-apwhbaucmip-con01a,2,68.6880
test-international-iighbopcc-pro02a,0,50.3200
test-international-iighbopcc-pro02a,1,50.3864
test-international-iighbopcc-pro02a,2,68.5855
test-international-iighbopcc-pro01a,0,51.8211
test-international-iighbopcc-pro01a,1,51.8696
test-international-iighbopcc-pro01a,2,71.1574
test-international-iighbopcc-pro03a,0,50.9352
test-international-iighbopcc-pro03a,1,56.0457
test-international-iighbopcc-pro03a,2,69.4177
test-international-iighbopcc-con02a,0,53.2915
test-international-iighbopcc-con02a,1,48.3638
test-international-iighbopcc-con02a,2,65.7705
test-international-iighbopcc-con03a,0,51.6117
test-international-iighbopcc-con03a,1,49.3295
test-international-iighbopcc-con03a,2,68.1208
test-international-iighbopcc-con01a,0,51.7922
test-international-iighbopcc-con01a,1,49.7548
test-international-iighbopcc-con01a,2,68.6129
test-international-bldimehbn-pro02a,0,77.6739
test-international-bldimehbn-pro02a,1,49.0544
test-international-bldimehbn-pro02a,2,137.2623
test-international-bldimehbn-pro01a,0,63.0989
test-international-bldimehbn-pro01a,1,52.4903
test-international-bldimehbn-pro01a,2,68.6850
test-international-bldimehbn-pro03a,0,50.8954
test-international-bldimehbn-pro03a,1,53.8064
test-international-bldimehbn-pro03a,2,68.4828
test-international-bldimehbn-con02a,0,51.6198
test-international-bldimehbn-con02a,1,54.4572
test-international-bldimehbn-con02a,2,52.9813
test-international-bldimehbn-con03a,0,56.6805
test-international-bldimehbn-con03a,1,53.8998
test-international-bldimehbn-con03a,2,77.0758
test-international-bldimehbn-con01a,0,50.6429
test-international-bldimehbn-con01a,1,54.8976
test-international-bldimehbn-con01a,2,69.8341
test-international-amehbuaisji-pro02a,0,53.3949
test-international-amehbuaisji-pro02a,1,51.0501
test-international-amehbuaisji-pro02a,2,69.6296
test-international-amehbuaisji-pro01a,0,48.5368
test-international-amehbuaisji-pro01a,1,52.9100
test-international-amehbuaisji-pro01a,2,68.9812
test-international-amehbuaisji-pro03a,0,50.7923
test-international-amehbuaisji-pro03a,1,50.9363
test-international-amehbuaisji-pro03a,2,66.0269
test-international-amehbuaisji-con02a,0,50.7634
test-international-amehbuaisji-con02a,1,52.7215
test-international-amehbuaisji-con02a,2,68.6539
test-international-amehbuaisji-con04a,0,51.5671
test-international-amehbuaisji-con04a,1,49.7581
test-international-amehbuaisji-con04a,2,68.5790
test-international-amehbuaisji-con03a,0,51.3252
test-international-amehbuaisji-con03a,1,52.7686
test-international-amehbuaisji-con03a,2,68.6598
test-international-amehbuaisji-con01a,0,49.3717
test-international-amehbuaisji-con01a,1,50.2653
test-international-amehbuaisji-con01a,2,68.5875
test-international-gpdwhwcusa-pro02a,0,50.0302
test-international-gpdwhwcusa-pro02a,1,51.3157
test-international-gpdwhwcusa-pro02a,2,68.6142
test-international-gpdwhwcusa-pro01a,0,49.9101
test-international-gpdwhwcusa-pro01a,1,52.1101
test-international-gpdwhwcusa-pro01a,2,68.5363
test-international-gpdwhwcusa-pro03a,0,58.6760
test-international-gpdwhwcusa-pro03a,1,51.4046
test-international-gpdwhwcusa-pro03a,2,68.6690
test-international-gpdwhwcusa-con02a,0,135.3020
test-international-gpdwhwcusa-con02a,1,51.7501
test-international-gpdwhwcusa-con02a,2,68.5840
test-international-gpdwhwcusa-con05a,0,51.6011
test-international-gpdwhwcusa-con05a,1,159.2326
test-international-gpdwhwcusa-con05a,2,72.0550
test-international-gpdwhwcusa-con04a,0,53.7739
test-international-gpdwhwcusa-con04a,1,49.1592
test-international-gpdwhwcusa-con04a,2,67.7011
test-international-gpdwhwcusa-con03a,0,55.4413
test-international-gpdwhwcusa-con03a,1,55.1263
test-international-gpdwhwcusa-con03a,2,69.2919
test-international-gpdwhwcusa-con01a,0,49.8424
test-international-gpdwhwcusa-con01a,1,49.2923
test-international-gpdwhwcusa-con01a,2,65.4338
test-international-ghbunhf-pro02a,0,55.0764
test-international-ghbunhf-pro02a,1,51.3234
test-international-ghbunhf-pro02a,2,69.0245
test-international-ghbunhf-pro05a,0,75.4420
test-international-ghbunhf-pro05a,1,52.0625
test-international-ghbunhf-pro05a,2,68.2157
test-international-ghbunhf-pro01a,0,57.1616
test-international-ghbunhf-pro01a,1,51.9347
test-international-ghbunhf-pro01a,2,68.6151
test-international-ghbunhf-pro03a,0,51.9422
test-international-ghbunhf-pro03a,1,50.6463
test-international-ghbunhf-pro03a,2,92.8923
test-international-ghbunhf-pro04a,0,51.7511
test-international-ghbunhf-pro04a,1,51.9547
test-international-ghbunhf-pro04a,2,49.4451
test-international-ghbunhf-con02a,0,52.8814
test-international-ghbunhf-con02a,1,54.5638
test-international-ghbunhf-con02a,2,52.7746
test-international-ghbunhf-con05a,0,60.4009
test-international-ghbunhf-con05a,1,50.6056
test-international-ghbunhf-con05a,2,68.5817
test-international-ghbunhf-con04a,0,49.7804
test-international-ghbunhf-con04a,1,50.2223
test-international-ghbunhf-con04a,2,68.5881
test-international-ghbunhf-con03a,0,49.2791
test-international-ghbunhf-con03a,1,50.4832
test-international-ghbunhf-con03a,2,49.3235
test-international-ghbunhf-con01a,0,49.8855
test-international-ghbunhf-con01a,1,49.7945
test-international-ghbunhf-con01a,2,50.6924
test-international-aghwrem-pro02a,0,53.5403
test-international-aghwrem-pro02a,1,51.4191
test-international-aghwrem-pro02a,2,50.1431
test-international-aghwrem-pro05a,0,59.5325
test-international-aghwrem-pro05a,1,50.7475
test-international-aghwrem-pro05a,2,50.6825
test-international-aghwrem-pro01a,0,51.6653
test-international-aghwrem-pro01a,1,50.5911
test-international-aghwrem-pro01a,2,52.2140
test-international-aghwrem-pro03a,0,51.5704
test-international-aghwrem-pro03a,1,51.2453
test-international-aghwrem-pro03a,2,50.5784
test-international-aghwrem-pro04a,0,51.8821
test-international-aghwrem-pro04a,1,49.6837
test-international-aghwrem-pro04a,2,50.1272
test-international-aghwrem-con02a,0,51.5969
test-international-aghwrem-con02a,1,50.2769
test-international-aghwrem-con02a,2,51.2570
test-international-aghwrem-con04a,0,50.4055
test-international-aghwrem-con04a,1,50.4907
test-international-aghwrem-con04a,2,50.0526
test-international-aghwrem-con03a,0,50.5697
test-international-aghwrem-con03a,1,50.5561
test-international-aghwrem-con03a,2,52.6255
test-international-aghwrem-con01a,0,51.4957
test-international-aghwrem-con01a,1,50.8831
test-international-aghwrem-con01a,2,53.4974
test-international-bmaggiahbl-pro02a,0,52.2228
test-international-bmaggiahbl-pro02a,1,50.4996
test-international-bmaggiahbl-pro02a,2,50.7874
test-international-bmaggiahbl-pro01a,0,58.0499
test-international-bmaggiahbl-pro01a,1,50.3867
test-international-bmaggiahbl-pro01a,2,51.5837
test-international-bmaggiahbl-pro03a,0,51.6705
test-international-bmaggiahbl-pro03a,1,51.2492
test-international-bmaggiahbl-pro03a,2,53.5640
test-international-bmaggiahbl-con02a,0,52.2814
test-international-bmaggiahbl-con02a,1,51.6238
test-international-bmaggiahbl-con02a,2,52.0119
test-international-bmaggiahbl-con03a,0,55.0041
test-international-bmaggiahbl-con03a,1,50.4614
test-international-bmaggiahbl-con03a,2,51.1588
test-international-bmaggiahbl-con01a,0,93.8642
test-international-bmaggiahbl-con01a,1,51.4874
test-international-bmaggiahbl-con01a,2,51.5227
test-international-appghblsba-pro02a,0,66.7315
test-international-appghblsba-pro02a,1,51.6849
test-international-appghblsba-pro02a,2,50.0034
test-international-appghblsba-pro01a,0,52.2000
test-international-appghblsba-pro01a,1,51.2880
test-international-appghblsba-pro01a,2,54.4067
test-international-appghblsba-pro03a,0,51.3746
test-international-appghblsba-pro03a,1,142.3489
test-international-appghblsba-pro03a,2,51.7792
test-international-appghblsba-pro04a,0,48.9221
test-international-appghblsba-pro04a,1,50.5362
test-international-appghblsba-pro04a,2,50.1867
test-international-appghblsba-con02a,0,49.2054
test-international-appghblsba-con02a,1,52.4865
test-international-appghblsba-con02a,2,52.5505
test-international-appghblsba-con03a,0,50.0538
test-international-appghblsba-con03a,1,50.7550
test-international-appghblsba-con03a,2,51.6950
test-international-appghblsba-con01a,0,48.8586
test-international-appghblsba-con01a,1,50.0199
test-international-appghblsba-con01a,2,51.6709
test-international-ehbfe-pro02a,0,51.5136
test-international-ehbfe-pro02a,1,50.1258
test-international-ehbfe-pro02a,2,52.9010
test-international-ehbfe-pro05a,0,51.8857
test-international-ehbfe-pro05a,1,52.2634
test-international-ehbfe-pro05a,2,50.5033
test-international-ehbfe-pro01a,0,49.9145
test-international-ehbfe-pro01a,1,52.0041
test-international-ehbfe-pro01a,2,50.1674
test-international-ehbfe-pro03a,0,51.4487
test-international-ehbfe-pro03a,1,50.8918
test-international-ehbfe-pro03a,2,49.4959
test-international-ehbfe-pro04a,0,49.7188
test-international-ehbfe-pro04a,1,50.5484
test-international-ehbfe-pro04a,2,49.9745
test-international-ehbfe-con02a,0,49.4980
test-international-ehbfe-con02a,1,50.5059
test-international-ehbfe-con02a,2,50.2277
test-international-ehbfe-con04a,0,56.9162
test-international-ehbfe-con04a,1,52.1887
test-international-ehbfe-con04a,2,49.9847
test-international-ehbfe-con03a,0,55.5142
test-international-ehbfe-con03a,1,51.7153
test-international-ehbfe-con03a,2,53.6335
test-international-ehbfe-con01a,0,50.7242
test-international-ehbfe-con01a,1,55.6273
test-international-ehbfe-con01a,2,51.2675
test-international-iiahwagit-pro02a,0,52.0837
test-international-iiahwagit-pro02a,1,51.9137
test-international-iiahwagit-pro02a,2,54.3849
test-international-iiahwagit-pro05a,0,53.0907
test-international-iiahwagit-pro05a,1,55.8756
test-international-iiahwagit-pro05a,2,53.6395
test-international-iiahwagit-pro01a,0,49.8450
test-international-iiahwagit-pro01a,1,57.2603
test-international-iiahwagit-pro01a,2,54.6553
test-international-iiahwagit-pro03a,0,49.4946
test-international-iiahwagit-pro03a,1,60.7646
test-international-iiahwagit-pro03a,2,56.9830
test-international-iiahwagit-pro04a,0,50.1230
test-international-iiahwagit-pro04a,1,58.5884
test-international-iiahwagit-pro04a,2,52.5140
test-international-iiahwagit-con02a,0,55.6620
test-international-iiahwagit-con02a,1,48.7419
test-international-iiahwagit-con02a,2,50.0998
test-international-iiahwagit-con04a,0,55.8592
test-international-iiahwagit-con04a,1,50.0094
test-international-iiahwagit-con04a,2,50.5605
test-international-iiahwagit-con03a,0,49.0149
test-international-iiahwagit-con03a,1,50.0348
test-international-iiahwagit-con03a,2,50.2643
test-international-iiahwagit-con01a,0,51.0480
test-international-iiahwagit-con01a,1,60.1490
test-international-iiahwagit-con01a,2,55.6165
test-international-epvhwhranet-pro02a,0,49.9868
test-international-epvhwhranet-pro02a,1,51.5146
test-international-epvhwhranet-pro02a,2,52.2367
test-international-epvhwhranet-pro01a,0,51.5839
test-international-epvhwhranet-pro01a,1,48.8027
test-international-epvhwhranet-pro01a,2,54.5463
test-international-epvhwhranet-pro03a,0,56.7866
test-international-epvhwhranet-pro03a,1,51.0992
test-international-epvhwhranet-pro03a,2,51.4115
test-international-epvhwhranet-con02a,0,49.4835
test-international-epvhwhranet-con02a,1,56.2125
test-international-epvhwhranet-con02a,2,50.9775
test-international-epvhwhranet-con04a,0,51.4309
test-international-epvhwhranet-con04a,1,51.7967
test-international-epvhwhranet-con04a,2,50.4350
test-international-epvhwhranet-con03a,0,149.9706
test-international-epvhwhranet-con03a,1,51.7165
test-international-epvhwhranet-con03a,2,50.4666
test-international-epvhwhranet-con01a,0,49.5498
test-international-epvhwhranet-con01a,1,58.4532
test-international-epvhwhranet-con01a,2,50.7420
test-international-aglhrilhb-pro02a,0,51.7872
test-international-aglhrilhb-pro02a,1,51.0454
test-international-aglhrilhb-pro02a,2,49.6708
test-international-aglhrilhb-pro01a,0,62.2767
test-international-aglhrilhb-pro01a,1,49.8470
test-international-aglhrilhb-pro01a,2,53.5576
test-international-aglhrilhb-pro03a,0,64.5925
test-international-aglhrilhb-pro03a,1,51.0429
test-international-aglhrilhb-pro03a,2,56.3563
test-international-aglhrilhb-pro04a,0,53.7262
test-international-aglhrilhb-pro04a,1,49.2519
test-international-aglhrilhb-pro04a,2,52.8705
test-international-aglhrilhb-con02a,0,52.2904
test-international-aglhrilhb-con02a,1,50.8532
test-international-aglhrilhb-con02a,2,55.1312
test-international-aglhrilhb-con03a,0,50.7770
test-international-aglhrilhb-con03a,1,50.9022
test-international-aglhrilhb-con03a,2,51.6680
test-international-aglhrilhb-con01a,0,50.1527
test-international-aglhrilhb-con01a,1,51.0845
test-international-aglhrilhb-con01a,2,51.7031
test-international-siacphbnt-pro02a,0,55.8671
test-international-siacphbnt-pro02a,1,51.9829
test-international-siacphbnt-pro02a,2,54.9706
test-international-siacphbnt-pro05a,0,50.8537
test-international-siacphbnt-pro05a,1,52.5374
test-international-siacphbnt-pro05a,2,119.0951
test-international-siacphbnt-pro01a,0,56.9500
test-international-siacphbnt-pro01a,1,50.6554
test-international-siacphbnt-pro01a,2,52.0984
test-international-siacphbnt-pro03a,0,53.8881
test-international-siacphbnt-pro03a,1,49.7899
test-international-siacphbnt-pro03a,2,50.9047
test-international-siacphbnt-pro04a,0,58.7225
test-international-siacphbnt-pro04a,1,51.6621
test-international-siacphbnt-pro04a,2,50.5016
test-international-siacphbnt-con02a,0,49.6078
test-international-siacphbnt-con02a,1,50.0583
test-international-siacphbnt-con02a,2,51.2208
test-international-siacphbnt-con04a,0,49.2107
test-international-siacphbnt-con04a,1,50.1926
test-international-siacphbnt-con04a,2,51.3650
test-international-siacphbnt-con03a,0,50.2909
test-international-siacphbnt-con03a,1,50.3289
test-international-siacphbnt-con03a,2,51.0068
test-international-siacphbnt-con01a,0,50.0728
test-international-siacphbnt-con01a,1,52.1324
test-international-siacphbnt-con01a,2,51.7135
test-international-aegmeppghw-pro02a,0,55.0488
test-international-aegmeppghw-pro02a,1,50.5313
test-international-aegmeppghw-pro02a,2,50.3425
test-international-aegmeppghw-pro01a,0,52.7217
test-international-aegmeppghw-pro01a,1,52.4348
test-international-aegmeppghw-pro01a,2,54.6130
test-international-aegmeppghw-pro03a,0,54.4415
test-international-aegmeppghw-pro03a,1,50.7610
test-international-aegmeppghw-pro03a,2,54.9539
test-international-aegmeppghw-pro04a,0,49.8012
test-international-aegmeppghw-pro04a,1,50.8521
test-international-aegmeppghw-pro04a,2,52.5351
test-international-aegmeppghw-con02a,0,49.9144
test-international-aegmeppghw-con02a,1,48.9621
test-international-aegmeppghw-con02a,2,55.9789
test-international-aegmeppghw-con05a,0,50.0225
test-international-aegmeppghw-con05a,1,50.7633
test-international-aegmeppghw-con05a,2,51.0824
test-international-aegmeppghw-con04a,0,50.7780
test-international-aegmeppghw-con04a,1,49.8880
test-international-aegmeppghw-con04a,2,50.8807
test-international-aegmeppghw-con03a,0,51.3862
test-international-aegmeppghw-con03a,1,50.2068
test-international-aegmeppghw-con03a,2,50.5040
test-international-aegmeppghw-con01a,0,49.3710
test-international-aegmeppghw-con01a,1,50.6868
test-international-aegmeppghw-con01a,2,49.4294
test-international-epglghbni-pro02a,0,56.7281
test-international-epglghbni-pro02a,1,52.7200
test-international-epglghbni-pro02a,2,50.1220
test-international-epglghbni-pro05a,0,53.0153
test-international-epglghbni-pro05a,1,52.2209
test-international-epglghbni-pro05a,2,54.7801
test-international-epglghbni-pro01a,0,75.4076
test-international-epglghbni-pro01a,1,50.5084
test-international-epglghbni-pro01a,2,49.7851
test-international-epglghbni-pro03a,0,134.4914
test-international-epglghbni-pro03a,1,50.5752
test-international-epglghbni-pro03a,2,51.7761
test-international-epglghbni-pro04a,0,48.0946
test-international-epglghbni-pro04a,1,51.4452
test-international-epglghbni-pro04a,2,50.6884
test-international-epglghbni-con02a,0,47.9259
test-international-epglghbni-con02a,1,49.8628
test-international-epglghbni-con02a,2,50.6631
test-international-epglghbni-con03a,0,50.6455
test-international-epglghbni-con03a,1,50.2591
test-international-epglghbni-con03a,2,51.9681
test-international-epglghbni-con01a,0,48.9807
test-international-epglghbni-con01a,1,134.7533
test-international-epglghbni-con01a,2,51.0092
test-international-glilpdwhsn-pro02a,0,48.8790
test-international-glilpdwhsn-pro02a,1,50.2006
test-international-glilpdwhsn-pro02a,2,58.0595
test-international-glilpdwhsn-pro01a,0,47.0009
test-international-glilpdwhsn-pro01a,1,55.6148
test-international-glilpdwhsn-pro01a,2,48.3077
test-international-glilpdwhsn-pro03a,0,47.1050
test-international-glilpdwhsn-pro03a,1,48.3864
test-international-glilpdwhsn-pro03a,2,48.9106
test-international-glilpdwhsn-con02a,0,47.4520
test-international-glilpdwhsn-con02a,1,49.9428
test-international-glilpdwhsn-con02a,2,48.0125
test-international-glilpdwhsn-con04a,0,50.9303
test-international-glilpdwhsn-con04a,1,50.7188
test-international-glilpdwhsn-con04a,2,49.4220
test-international-glilpdwhsn-con03a,0,47.8407
test-international-glilpdwhsn-con03a,1,53.4108
test-international-glilpdwhsn-con03a,2,49.9012
test-international-glilpdwhsn-con01a,0,47.7033
test-international-glilpdwhsn-con01a,1,49.4218
test-international-glilpdwhsn-con01a,2,129.8264
test-international-sepiahbaaw-pro02a,0,50.2460
test-international-sepiahbaaw-pro02a,1,50.9821
test-international-sepiahbaaw-pro02a,2,51.9060
test-international-sepiahbaaw-pro01a,0,49.5993
test-international-sepiahbaaw-pro01a,1,56.1936
test-international-sepiahbaaw-pro01a,2,50.5916
test-international-sepiahbaaw-pro03a,0,55.3888
test-international-sepiahbaaw-pro03a,1,55.2721
test-international-sepiahbaaw-pro03a,2,50.6421
test-international-sepiahbaaw-pro04a,0,49.4985
test-international-sepiahbaaw-pro04a,1,56.0738
test-international-sepiahbaaw-pro04a,2,52.1555
test-international-sepiahbaaw-con02a,0,49.8011
test-international-sepiahbaaw-con02a,1,60.2836
test-international-sepiahbaaw-con02a,2,52.3605
test-international-sepiahbaaw-con03a,0,49.8342
test-international-sepiahbaaw-con03a,1,50.6516
test-international-sepiahbaaw-con03a,2,50.2815
test-international-sepiahbaaw-con01a,0,53.2745
test-international-sepiahbaaw-con01a,1,49.8176
test-international-sepiahbaaw-con01a,2,50.2363
test-international-atiahblit-pro02a,0,54.4968
test-international-atiahblit-pro02a,1,51.8081
test-international-atiahblit-pro02a,2,52.0324
test-international-atiahblit-pro01a,0,51.4391
test-international-atiahblit-pro01a,1,50.1702
test-international-atiahblit-pro01a,2,50.6200
test-international-atiahblit-pro03a,0,50.5461
test-international-atiahblit-pro03a,1,51.0151
test-international-atiahblit-pro03a,2,50.9424
test-international-atiahblit-pro04a,0,48.9717
test-international-atiahblit-pro04a,1,53.3729
test-international-atiahblit-pro04a,2,57.3828
test-international-atiahblit-con02a,0,49.6456
test-international-atiahblit-con02a,1,51.7810
test-international-atiahblit-con02a,2,51.6437
test-international-atiahblit-con04a,0,50.3990
test-international-atiahblit-con04a,1,53.1830
test-international-atiahblit-con04a,2,50.5157
test-international-atiahblit-con03a,0,49.0779
test-international-atiahblit-con03a,1,53.3293
test-international-atiahblit-con03a,2,50.3039
test-international-atiahblit-con01a,0,48.3390
test-international-atiahblit-con01a,1,49.9016
test-international-atiahblit-con01a,2,52.3063
test-international-iwiaghbss-pro02a,0,48.7630
test-international-iwiaghbss-pro02a,1,51.8061
test-international-iwiaghbss-pro02a,2,50.7187
test-international-iwiaghbss-pro01a,0,51.4354
test-international-iwiaghbss-pro01a,1,58.0439
test-international-iwiaghbss-pro01a,2,52.1927
test-international-iwiaghbss-pro03a,0,71.5477
test-international-iwiaghbss-pro03a,1,52.3491
test-international-iwiaghbss-pro03a,2,51.0048
test-international-iwiaghbss-pro04a,0,56.4649
test-international-iwiaghbss-pro04a,1,51.4110
test-international-iwiaghbss-pro04a,2,49.6774
test-international-iwiaghbss-con02a,0,54.4681
test-international-iwiaghbss-con02a,1,49.2878
test-international-iwiaghbss-con02a,2,50.6784
test-international-iwiaghbss-con03a,0,54.5535
test-international-iwiaghbss-con03a,1,50.0216
test-international-iwiaghbss-con03a,2,50.3624
test-international-iwiaghbss-con01a,0,48.6097
test-international-iwiaghbss-con01a,1,49.5801
test-international-iwiaghbss-con01a,2,51.1993
test-international-segiahbarr-pro02a,0,51.3019
test-international-segiahbarr-pro02a,1,48.9895
test-international-segiahbarr-pro02a,2,51.2730
test-international-segiahbarr-pro01a,0,48.7576
test-international-segiahbarr-pro01a,1,145.4977
test-international-segiahbarr-pro01a,2,50.2858
test-international-segiahbarr-pro03a,0,50.4207
test-international-segiahbarr-pro03a,1,49.5918
test-international-segiahbarr-pro03a,2,52.0208
test-international-segiahbarr-pro04a,0,50.2176
test-international-segiahbarr-pro04a,1,50.4710
test-international-segiahbarr-pro04a,2,49.8729
test-international-segiahbarr-con02a,0,48.8756
test-international-segiahbarr-con02a,1,51.6704
test-international-segiahbarr-con02a,2,52.8041
test-international-segiahbarr-con04a,0,49.3574
test-international-segiahbarr-con04a,1,48.7866
test-international-segiahbarr-con04a,2,51.4307
test-international-segiahbarr-con03a,0,49.0220
test-international-segiahbarr-con03a,1,49.7934
test-international-segiahbarr-con03a,2,51.0117
test-international-segiahbarr-con01a,0,48.8954
test-international-segiahbarr-con01a,1,48.5629
test-international-segiahbarr-con01a,2,50.3273
test-international-aahwstdrtfm-pro02a,0,49.6675
test-international-aahwstdrtfm-pro02a,1,48.9901
test-international-aahwstdrtfm-pro02a,2,50.5209
test-international-aahwstdrtfm-pro01a,0,49.2475
test-international-aahwstdrtfm-pro01a,1,48.8252
test-international-aahwstdrtfm-pro01a,2,51.1059
test-international-aahwstdrtfm-pro03a,0,56.7194
test-international-aahwstdrtfm-pro03a,1,50.9755
test-international-aahwstdrtfm-pro03a,2,50.2988
test-international-aahwstdrtfm-pro04a,0,51.2420
test-international-aahwstdrtfm-pro04a,1,50.0163
test-international-aahwstdrtfm-pro04a,2,49.5868
test-international-aahwstdrtfm-con02a,0,52.9083
test-international-aahwstdrtfm-con02a,1,49.1856
test-international-aahwstdrtfm-con02a,2,50.1022
test-international-aahwstdrtfm-con03a,0,48.2053
test-international-aahwstdrtfm-con03a,1,49.9462
test-international-aahwstdrtfm-con03a,2,50.4187
test-international-aahwstdrtfm-con01a,0,49.1516
test-international-aahwstdrtfm-con01a,1,51.7471
test-international-aahwstdrtfm-con01a,2,50.1879
test-international-ipecfiepg-pro02a,0,50.1792
test-international-ipecfiepg-pro02a,1,48.1613
test-international-ipecfiepg-pro02a,2,58.9808
test-international-ipecfiepg-pro01a,0,48.8709
test-international-ipecfiepg-pro01a,1,49.8558
test-international-ipecfiepg-pro01a,2,49.3931
test-international-ipecfiepg-pro03a,0,48.4315
test-international-ipecfiepg-pro03a,1,48.4257
test-international-ipecfiepg-pro03a,2,48.5452
test-international-ipecfiepg-con02a,0,47.8427
test-international-ipecfiepg-con02a,1,47.7408
test-international-ipecfiepg-con02a,2,50.2133
test-international-ipecfiepg-con04a,0,48.4212
test-international-ipecfiepg-con04a,1,47.1768
test-international-ipecfiepg-con04a,2,49.6899
test-international-ipecfiepg-con03a,0,48.1653
test-international-ipecfiepg-con03a,1,48.8859
test-international-ipecfiepg-con03a,2,70.2514
test-international-ipecfiepg-con01a,0,53.1029
test-international-ipecfiepg-con01a,1,51.4493
test-international-ipecfiepg-con01a,2,50.2761
test-international-eghrhbeusli-pro02a,0,49.9438
test-international-eghrhbeusli-pro02a,1,49.1617
test-international-eghrhbeusli-pro02a,2,50.4549
test-international-eghrhbeusli-pro05a,0,52.1933
test-international-eghrhbeusli-pro05a,1,60.8475
test-international-eghrhbeusli-pro05a,2,51.1968
test-international-eghrhbeusli-pro01a,0,50.4500
test-international-eghrhbeusli-pro01a,1,67.7830
test-international-eghrhbeusli-pro01a,2,49.6404
test-international-eghrhbeusli-pro03a,0,50.2228
test-international-eghrhbeusli-pro03a,1,67.1248
test-international-eghrhbeusli-pro03a,2,49.8849
test-international-eghrhbeusli-pro04a,0,50.2298
test-international-eghrhbeusli-pro04a,1,48.3788
test-international-eghrhbeusli-pro04a,2,49.7291
test-international-eghrhbeusli-con02a,0,49.9470
test-international-eghrhbeusli-con02a,1,51.2185
test-international-eghrhbeusli-con02a,2,53.6261
test-international-eghrhbeusli-con05a,0,53.1247
test-international-eghrhbeusli-con05a,1,49.0664
test-international-eghrhbeusli-con05a,2,49.2652
test-international-eghrhbeusli-con04a,0,49.2836
test-international-eghrhbeusli-con04a,1,51.1461
test-international-eghrhbeusli-con04a,2,49.4196
test-international-eghrhbeusli-con03a,0,130.3380
test-international-eghrhbeusli-con03a,1,49.7536
test-international-eghrhbeusli-con03a,2,50.8157
test-international-eghrhbeusli-con01a,0,59.9425
test-international-eghrhbeusli-con01a,1,49.1750
test-international-eghrhbeusli-con01a,2,57.2438
test-international-gsciidffe-pro02a,0,52.6295
test-international-gsciidffe-pro02a,1,52.2527
test-international-gsciidffe-pro02a,2,50.9167
test-international-gsciidffe-pro01a,0,53.1141
test-international-gsciidffe-pro01a,1,50.8256
test-international-gsciidffe-pro01a,2,51.1262
test-international-gsciidffe-pro03a,0,51.4747
test-international-gsciidffe-pro03a,1,50.1100
test-international-gsciidffe-pro03a,2,51.1465
test-international-gsciidffe-pro04a,0,49.9819
test-international-gsciidffe-pro04a,1,48.8316
test-international-gsciidffe-pro04a,2,50.1489
test-international-gsciidffe-con02a,0,51.1688
test-international-gsciidffe-con02a,1,50.5067
test-international-gsciidffe-con02a,2,50.6503
test-international-gsciidffe-con04a,0,55.7458
test-international-gsciidffe-con04a,1,49.6582
test-international-gsciidffe-con04a,2,50.8423
test-international-gsciidffe-con03a,0,48.6382
test-international-gsciidffe-con03a,1,49.2955
test-international-gsciidffe-con03a,2,51.1005
test-international-gsciidffe-con01a,0,49.0596
test-international-gsciidffe-con01a,1,48.2843
test-international-gsciidffe-con01a,2,51.0186
test-international-eiahwpamu-pro02a,0,48.4470
test-international-eiahwpamu-pro02a,1,48.9859
test-international-eiahwpamu-pro02a,2,133.0330
test-international-eiahwpamu-pro05a,0,50.4217
test-international-eiahwpamu-pro05a,1,49.9491
test-international-eiahwpamu-pro05a,2,49.9700
test-international-eiahwpamu-pro01a,0,49.3420
test-international-eiahwpamu-pro01a,1,48.7210
test-international-eiahwpamu-pro01a,2,53.6339
test-international-eiahwpamu-pro03a,0,50.5494
test-international-eiahwpamu-pro03a,1,48.0631
test-international-eiahwpamu-pro03a,2,50.9509
test-international-eiahwpamu-pro04a,0,59.2274
test-international-eiahwpamu-pro04a,1,48.0196
test-international-eiahwpamu-pro04a,2,57.4165
test-international-eiahwpamu-con02a,0,51.8917
test-international-eiahwpamu-con02a,1,49.0627
test-international-eiahwpamu-con02a,2,51.1159
test-international-eiahwpamu-con03a,0,53.8105
test-international-eiahwpamu-con03a,1,48.0585
test-international-eiahwpamu-con03a,2,54.6810
test-international-eiahwpamu-con01a,0,50.8530
test-international-eiahwpamu-con01a,1,49.6408
test-international-eiahwpamu-con01a,2,52.7421
test-international-emephsate-pro02a,0,47.8543
test-international-emephsate-pro02a,1,52.2061
test-international-emephsate-pro02a,2,50.2518
test-international-emephsate-pro01a,0,50.0750
test-international-emephsate-pro01a,1,51.0987
test-international-emephsate-pro01a,2,51.0045
test-international-emephsate-pro03a,0,48.7478
test-international-emephsate-pro03a,1,52.0582
test-international-emephsate-pro03a,2,52.1314
test-international-emephsate-con02a,0,49.3419
test-international-emephsate-con02a,1,61.1506
test-international-emephsate-con02a,2,52.9754
test-international-emephsate-con03a,0,61.9600
test-international-emephsate-con03a,1,56.0921
test-international-emephsate-con03a,2,51.1002
test-international-emephsate-con01a,0,50.7470
test-international-emephsate-con01a,1,48.9563
test-international-emephsate-con01a,2,52.4596
test-international-epdlhfcefp-pro02a,0,50.7146
test-international-epdlhfcefp-pro02a,1,48.5024
test-international-epdlhfcefp-pro02a,2,56.0235
test-international-epdlhfcefp-pro01a,0,52.3739
test-international-epdlhfcefp-pro01a,1,48.8110
test-international-epdlhfcefp-pro01a,2,51.8710
test-international-epdlhfcefp-pro03a,0,47.9585
test-international-epdlhfcefp-pro03a,1,48.3292
test-international-epdlhfcefp-pro03a,2,51.0880
test-international-epdlhfcefp-pro04a,0,51.5678
test-international-epdlhfcefp-pro04a,1,50.1316
test-international-epdlhfcefp-pro04a,2,51.7890
test-international-epdlhfcefp-con02a,0,48.5034
test-international-epdlhfcefp-con02a,1,48.9868
test-international-epdlhfcefp-con02a,2,51.7461
test-international-epdlhfcefp-con03a,0,47.2843
test-international-epdlhfcefp-con03a,1,48.1920
test-international-epdlhfcefp-con03a,2,50.1494
test-international-epdlhfcefp-con01a,0,49.9024
test-international-epdlhfcefp-con01a,1,48.2948
test-international-epdlhfcefp-con01a,2,51.3823
test-international-ssiarcmhb-pro02a,0,143.8134
test-international-ssiarcmhb-pro02a,1,50.9906
test-international-ssiarcmhb-pro02a,2,94.8640
test-international-ssiarcmhb-pro05a,0,47.9304
test-international-ssiarcmhb-pro05a,1,49.6369
test-international-ssiarcmhb-pro05a,2,69.0139
test-international-ssiarcmhb-pro01a,0,48.5693
test-international-ssiarcmhb-pro01a,1,47.7647
test-international-ssiarcmhb-pro01a,2,69.9106
test-international-ssiarcmhb-pro03a,0,47.3806
test-international-ssiarcmhb-pro03a,1,135.7944
test-international-ssiarcmhb-pro03a,2,80.0774
test-international-ssiarcmhb-pro04a,0,47.9207
test-international-ssiarcmhb-pro04a,1,49.3719
test-international-ssiarcmhb-pro04a,2,56.4171
test-international-ssiarcmhb-con02a,0,55.7313
test-international-ssiarcmhb-con02a,1,48.5147
test-international-ssiarcmhb-con02a,2,56.4421
test-international-ssiarcmhb-con05a,0,47.7794
test-international-ssiarcmhb-con05a,1,49.5536
test-international-ssiarcmhb-con05a,2,54.7509
test-international-ssiarcmhb-con04a,0,47.5387
test-international-ssiarcmhb-con04a,1,46.6692
test-international-ssiarcmhb-con04a,2,161.4689
test-international-ssiarcmhb-con03a,0,47.7309
test-international-ssiarcmhb-con03a,1,48.7380
test-international-ssiarcmhb-con03a,2,71.9341
test-international-ssiarcmhb-con01a,0,47.4315
test-international-ssiarcmhb-con01a,1,49.7176
test-international-ssiarcmhb-con01a,2,55.7975
test-philosophy-pppgshbsd-pro02a,0,54.1533
test-philosophy-pppgshbsd-pro02a,1,48.8231
test-philosophy-pppgshbsd-pro02a,2,59.7848
test-philosophy-pppgshbsd-pro01a,0,51.1988
test-philosophy-pppgshbsd-pro01a,1,49.4491
test-philosophy-pppgshbsd-pro01a,2,79.9966
test-philosophy-pppgshbsd-pro03a,0,50.2370
test-philosophy-pppgshbsd-pro03a,1,49.0506
test-philosophy-pppgshbsd-pro03a,2,73.3525
test-philosophy-pppgshbsd-con02a,0,50.2497
test-philosophy-pppgshbsd-con02a,1,50.5389
test-philosophy-pppgshbsd-con02a,2,55.1913
test-philosophy-pppgshbsd-con05a,0,50.1359
test-philosophy-pppgshbsd-con05a,1,49.2543
test-philosophy-pppgshbsd-con05a,2,59.8536
test-philosophy-pppgshbsd-con04a,0,49.2723
test-philosophy-pppgshbsd-con04a,1,49.9482
test-philosophy-pppgshbsd-con04a,2,79.4471
test-philosophy-pppgshbsd-con03a,0,49.0991
test-philosophy-pppgshbsd-con03a,1,50.0579
test-philosophy-pppgshbsd-con03a,2,88.1124
test-philosophy-pppgshbsd-con01a,0,49.8439
test-philosophy-pppgshbsd-con01a,1,48.8631
test-philosophy-pppgshbsd-con01a,2,58.3197
test-philosophy-elhbrd-pro02a,0,49.5930
test-philosophy-elhbrd-pro02a,1,47.8242
test-philosophy-elhbrd-pro02a,2,60.2676
test-philosophy-elhbrd-pro01a,0,47.7243
test-philosophy-elhbrd-pro01a,1,47.3061
test-philosophy-elhbrd-pro01a,2,69.5196
test-philosophy-elhbrd-pro03a,0,47.5239
test-philosophy-elhbrd-pro03a,1,47.9314
test-philosophy-elhbrd-pro03a,2,70.7251
test-philosophy-elhbrd-con02a,0,47.6417
test-philosophy-elhbrd-con02a,1,49.2967
test-philosophy-elhbrd-con02a,2,56.9118
test-philosophy-elhbrd-con04a,0,47.1668
test-philosophy-elhbrd-con04a,1,49.2879
test-philosophy-elhbrd-con04a,2,70.9500
test-philosophy-elhbrd-con03a,0,49.0934
test-philosophy-elhbrd-con03a,1,47.5403
test-philosophy-elhbrd-con03a,2,76.4120
test-philosophy-elhbrd-con01a,0,55.2594
test-philosophy-elhbrd-con01a,1,48.3851
test-philosophy-elhbrd-con01a,2,61.8064
test-philosophy-apessghwba-pro02a,0,48.3560
test-philosophy-apessghwba-pro02a,1,47.7160
test-philosophy-apessghwba-pro02a,2,72.2277
test-philosophy-apessghwba-pro05a,0,48.5069
test-philosophy-apessghwba-pro05a,1,47.2748
test-philosophy-apessghwba-pro05a,2,75.5326
test-philosophy-apessghwba-pro01a,0,53.2708
test-philosophy-apessghwba-pro01a,1,48.5754
test-philosophy-apessghwba-pro01a,2,58.5308
test-philosophy-apessghwba-pro03a,0,48.1849
test-philosophy-apessghwba-pro03a,1,47.4335
test-philosophy-apessghwba-pro03a,2,71.7531
test-philosophy-apessghwba-pro04a,0,47.4212
test-philosophy-apessghwba-pro04a,1,46.5663
test-philosophy-apessghwba-pro04a,2,82.3325
test-philosophy-apessghwba-con02a,0,47.5401
test-philosophy-apessghwba-con02a,1,48.8382
test-philosophy-apessghwba-con02a,2,58.1316
test-philosophy-apessghwba-con05a,0,47.1998
test-philosophy-apessghwba-con05a,1,47.6018
test-philosophy-apessghwba-con05a,2,61.5872
test-philosophy-apessghwba-con04a,0,48.3936
test-philosophy-apessghwba-con04a,1,48.1806
test-philosophy-apessghwba-con04a,2,76.0502
test-philosophy-apessghwba-con03a,0,49.2256
test-philosophy-apessghwba-con03a,1,48.5523
test-philosophy-apessghwba-con03a,2,59.0566
test-philosophy-apessghwba-con01a,0,48.4846
test-philosophy-apessghwba-con01a,1,48.2792
test-philosophy-apessghwba-con01a,2,61.0302
test-philosophy-elkosmj-pro02a,0,48.7955
test-philosophy-elkosmj-pro02a,1,49.5575
test-philosophy-elkosmj-pro02a,2,74.1963
test-philosophy-elkosmj-pro01a,0,48.3499
test-philosophy-elkosmj-pro01a,1,129.0538
test-philosophy-elkosmj-pro01a,2,56.0192
test-philosophy-elkosmj-pro03a,0,48.7113
test-philosophy-elkosmj-pro03a,1,62.6392
test-philosophy-elkosmj-pro03a,2,71.3613
test-philosophy-elkosmj-con02a,0,47.2290
test-philosophy-elkosmj-con02a,1,54.0698
test-philosophy-elkosmj-con02a,2,69.0553
test-philosophy-elkosmj-con05a,0,51.1027
test-philosophy-elkosmj-con05a,1,49.1743
test-philosophy-elkosmj-con05a,2,56.2003
test-philosophy-elkosmj-con04a,0,48.6102
test-philosophy-elkosmj-con04a,1,48.4577
test-philosophy-elkosmj-con04a,2,60.9243
test-philosophy-elkosmj-con06a,0,49.5611
test-philosophy-elkosmj-con06a,1,55.6106
test-philosophy-elkosmj-con06a,2,75.3876
test-philosophy-elkosmj-con03a,0,49.2407
test-philosophy-elkosmj-con03a,1,48.7984
test-philosophy-elkosmj-con03a,2,57.3812
test-philosophy-elkosmj-con01a,0,47.0185
test-philosophy-elkosmj-con01a,1,52.7926
test-philosophy-elkosmj-con01a,2,59.3986
test-philosophy-pphbclsbs-pro02a,0,50.0453
test-philosophy-pphbclsbs-pro02a,1,50.9976
test-philosophy-pphbclsbs-pro02a,2,75.0451
test-philosophy-pphbclsbs-pro05a,0,50.6753
test-philosophy-pphbclsbs-pro05a,1,50.9201
test-philosophy-pphbclsbs-pro05a,2,57.8143
test-philosophy-pphbclsbs-pro01a,0,48.5759
test-philosophy-pphbclsbs-pro01a,1,50.1894
test-philosophy-pphbclsbs-pro01a,2,57.5853
test-philosophy-pphbclsbs-pro03a,0,49.0137
test-philosophy-pphbclsbs-pro03a,1,49.5839
test-philosophy-pphbclsbs-pro03a,2,74.5987
test-philosophy-pphbclsbs-pro04a,0,49.9288
test-philosophy-pphbclsbs-pro04a,1,48.6143
test-philosophy-pphbclsbs-pro04a,2,64.8616
test-philosophy-pphbclsbs-con02a,0,51.4366
test-philosophy-pphbclsbs-con02a,1,54.5905
test-philosophy-pphbclsbs-con02a,2,55.4688
test-philosophy-pphbclsbs-con05a,0,50.1748
test-philosophy-pphbclsbs-con05a,1,80.5905
test-philosophy-pphbclsbs-con05a,2,65.7978
test-philosophy-pphbclsbs-con04a,0,50.0780
test-philosophy-pphbclsbs-con04a,1,48.7068
test-philosophy-pphbclsbs-con04a,2,74.7332
test-philosophy-pphbclsbs-con03a,0,49.6401
test-philosophy-pphbclsbs-con03a,1,49.4420
test-philosophy-pphbclsbs-con03a,2,56.1179
test-philosophy-pphbclsbs-con01a,0,54.8050
test-philosophy-pphbclsbs-con01a,1,50.6731
test-philosophy-pphbclsbs-con01a,2,54.8638
test-philosophy-npppmhwup-pro02a,0,49.6757
test-philosophy-npppmhwup-pro02a,1,48.7462
test-philosophy-npppmhwup-pro02a,2,74.0037
test-philosophy-npppmhwup-pro01a,0,48.5027
test-philosophy-npppmhwup-pro01a,1,49.9668
test-philosophy-npppmhwup-pro01a,2,61.4565
test-philosophy-npppmhwup-pro03a,0,48.4750
test-philosophy-npppmhwup-pro03a,1,47.9617
test-philosophy-npppmhwup-pro03a,2,159.1988
test-philosophy-npppmhwup-pro04a,0,49.3751
test-philosophy-npppmhwup-pro04a,1,48.0793
test-philosophy-npppmhwup-pro04a,2,68.5669
test-philosophy-npppmhwup-con02a,0,50.7847
test-philosophy-npppmhwup-con02a,1,49.3975
test-philosophy-npppmhwup-con02a,2,58.4563
test-philosophy-npppmhwup-con03a,0,48.2224
test-philosophy-npppmhwup-con03a,1,48.4200
test-philosophy-npppmhwup-con03a,2,70.0361
test-philosophy-npppmhwup-con01a,0,50.6735
test-philosophy-npppmhwup-con01a,1,48.1732
test-philosophy-npppmhwup-con01a,2,56.8323
test-philosophy-npegiepp-pro02a,0,50.5425
test-philosophy-npegiepp-pro02a,1,61.5932
test-philosophy-npegiepp-pro02a,2,54.0650
test-philosophy-npegiepp-pro05a,0,49.6719
test-philosophy-npegiepp-pro05a,1,49.4389
test-philosophy-npegiepp-pro05a,2,59.3539
test-philosophy-npegiepp-pro01a,0,48.8583
test-philosophy-npegiepp-pro01a,1,66.7439
test-philosophy-npegiepp-pro01a,2,77.2746
test-philosophy-npegiepp-pro03a,0,48.5183
test-philosophy-npegiepp-pro03a,1,48.4578
test-philosophy-npegiepp-pro03a,2,54.3916
test-philosophy-npegiepp-pro04a,0,147.5504
test-philosophy-npegiepp-pro04a,1,48.2475
test-philosophy-npegiepp-pro04a,2,54.2031
test-philosophy-npegiepp-con02a,0,48.4869
test-philosophy-npegiepp-con02a,1,63.3555
test-philosophy-npegiepp-con02a,2,79.5564
test-philosophy-npegiepp-con04a,0,50.5337
test-philosophy-npegiepp-con04a,1,51.2046
test-philosophy-npegiepp-con04a,2,67.2350
test-philosophy-npegiepp-con03a,0,48.7710
test-philosophy-npegiepp-con03a,1,49.3799
test-philosophy-npegiepp-con03a,2,66.9985
test-philosophy-npegiepp-con01a,0,48.8541
test-philosophy-npegiepp-con01a,1,97.3673
test-philosophy-npegiepp-con01a,2,66.2284
test-philosophy-eppphwlrtjs-pro02a,0,49.5044
test-philosophy-eppphwlrtjs-pro02a,1,48.9282
test-philosophy-eppphwlrtjs-pro02a,2,64.0862
test-philosophy-eppphwlrtjs-pro05a,0,48.5534
test-philosophy-eppphwlrtjs-pro05a,1,83.0451
test-philosophy-eppphwlrtjs-pro05a,2,64.8375
test-philosophy-eppphwlrtjs-pro01a,0,49.1806
test-philosophy-eppphwlrtjs-pro01a,1,60.4057
test-philosophy-eppphwlrtjs-pro01a,2,64.2666
test-philosophy-eppphwlrtjs-pro03a,0,49.6870
test-philosophy-eppphwlrtjs-pro03a,1,60.0524
test-philosophy-eppphwlrtjs-pro03a,2,62.7085
test-philosophy-eppphwlrtjs-pro04a,0,48.6905
test-philosophy-eppphwlrtjs-pro04a,1,209.2109
test-philosophy-eppphwlrtjs-pro04a,2,69.8669
test-philosophy-eppphwlrtjs-con02a,0,47.7290
test-philosophy-eppphwlrtjs-con02a,1,110.8372
test-philosophy-eppphwlrtjs-con02a,2,70.6900
test-philosophy-eppphwlrtjs-con04a,0,47.2815
test-philosophy-eppphwlrtjs-con04a,1,81.9518
test-philosophy-eppphwlrtjs-con04a,2,66.9502
test-philosophy-eppphwlrtjs-con03a,0,47.1528
test-philosophy-eppphwlrtjs-con03a,1,48.1416
test-philosophy-eppphwlrtjs-con03a,2,67.3517
test-philosophy-eppphwlrtjs-con01a,0,47.9376
test-philosophy-eppphwlrtjs-con01a,1,50.0124
test-philosophy-eppphwlrtjs-con01a,2,65.9174
test-philosophy-pppthbtcb-pro02a,0,48.8679
test-philosophy-pppthbtcb-pro02a,1,49.8320
test-philosophy-pppthbtcb-pro02a,2,68.3913
test-philosophy-pppthbtcb-pro05a,0,51.3807
test-philosophy-pppthbtcb-pro05a,1,50.2257
test-philosophy-pppthbtcb-pro05a,2,160.5469
test-philosophy-pppthbtcb-pro01a,0,50.7359
test-philosophy-pppthbtcb-pro01a,1,50.0129
test-philosophy-pppthbtcb-pro01a,2,70.5966
test-philosophy-pppthbtcb-pro03a,0,47.8767
test-philosophy-pppthbtcb-pro03a,1,50.7912
test-philosophy-pppthbtcb-pro03a,2,82.9247
test-philosophy-pppthbtcb-pro04a,0,48.8443
test-philosophy-pppthbtcb-pro04a,1,49.0147
test-philosophy-pppthbtcb-pro04a,2,77.6891
test-philosophy-pppthbtcb-con02a,0,48.1989
test-philosophy-pppthbtcb-con02a,1,48.0099
test-philosophy-pppthbtcb-con02a,2,68.1983
test-philosophy-pppthbtcb-con04a,0,49.2124
test-philosophy-pppthbtcb-con04a,1,54.1797
test-philosophy-pppthbtcb-con04a,2,69.2041
test-philosophy-pppthbtcb-con03a,0,48.9489
test-philosophy-pppthbtcb-con03a,1,50.5842
test-philosophy-pppthbtcb-con03a,2,68.2030
test-philosophy-pppthbtcb-con01a,0,48.2056
test-philosophy-pppthbtcb-con01a,1,49.9743
test-philosophy-pppthbtcb-con01a,2,66.3096
test-philosophy-ippelhbcp-pro02a,0,48.3719
test-philosophy-ippelhbcp-pro02a,1,54.9698
test-philosophy-ippelhbcp-pro02a,2,60.1449
test-philosophy-ippelhbcp-pro01a,0,49.9992
test-philosophy-ippelhbcp-pro01a,1,99.8479
test-philosophy-ippelhbcp-pro01a,2,53.7496
test-philosophy-ippelhbcp-pro03a,0,49.5185
test-philosophy-ippelhbcp-pro03a,1,50.2514
test-philosophy-ippelhbcp-pro03a,2,48.8586
test-philosophy-ippelhbcp-con02a,0,49.8464
test-philosophy-ippelhbcp-con02a,1,130.3589
test-philosophy-ippelhbcp-con02a,2,48.9226
test-philosophy-ippelhbcp-con04a,0,48.0338
test-philosophy-ippelhbcp-con04a,1,48.4739
test-philosophy-ippelhbcp-con04a,2,47.8348
test-philosophy-ippelhbcp-con03a,0,47.5698
test-philosophy-ippelhbcp-con03a,1,49.5286
test-philosophy-ippelhbcp-con03a,2,49.3155
test-philosophy-ippelhbcp-con01a,0,55.5664
test-philosophy-ippelhbcp-con01a,1,51.8916
test-philosophy-ippelhbcp-con01a,2,48.9192
test-law-ilppppghb-pro02a,0,65.5664
test-law-ilppppghb-pro02a,1,53.3616
test-law-ilppppghb-pro02a,2,50.6855
test-law-ilppppghb-pro01a,0,49.5475
test-law-ilppppghb-pro01a,1,50.9619
test-law-ilppppghb-pro01a,2,49.5680
test-law-ilppppghb-pro03a,0,143.9370
test-law-ilppppghb-pro03a,1,51.9832
test-law-ilppppghb-pro03a,2,50.8250
test-law-ilppppghb-pro04a,0,52.3116
test-law-ilppppghb-pro04a,1,52.2407
test-law-ilppppghb-pro04a,2,48.9141
test-law-ilppppghb-con02a,0,48.0829
test-law-ilppppghb-con02a,1,50.5957
test-law-ilppppghb-con02a,2,51.0155
test-law-ilppppghb-con03a,0,47.9368
test-law-ilppppghb-con03a,1,49.7632
test-law-ilppppghb-con03a,2,48.5819
test-law-ilppppghb-con01a,0,48.4580
test-law-ilppppghb-con01a,1,48.1120
test-law-ilppppghb-con01a,2,54.2763
test-law-lgplhbssbco-pro02a,0,48.3823
test-law-lgplhbssbco-pro02a,1,47.6869
test-law-lgplhbssbco-pro02a,2,47.2871
test-law-lgplhbssbco-pro01a,0,47.9264
test-law-lgplhbssbco-pro01a,1,47.2761
test-law-lgplhbssbco-pro01a,2,48.5700
test-law-lgplhbssbco-pro03a,0,47.9414
test-law-lgplhbssbco-pro03a,1,49.7249
test-law-lgplhbssbco-pro03a,2,49.6292
test-law-lgplhbssbco-pro04a,0,48.2709
test-law-lgplhbssbco-pro04a,1,48.6763
test-law-lgplhbssbco-pro04a,2,48.1214
test-law-lgplhbssbco-con02a,0,47.8071
test-law-lgplhbssbco-con02a,1,49.0140
test-law-lgplhbssbco-con02a,2,51.2401
test-law-lgplhbssbco-con03a,0,51.0633
test-law-lgplhbssbco-con03a,1,48.1355
test-law-lgplhbssbco-con03a,2,47.7957
test-law-lgplhbssbco-con01a,0,51.6992
test-law-lgplhbssbco-con01a,1,48.7433
test-law-lgplhbssbco-con01a,2,49.1033
test-law-ralhrilglv-pro02a,0,47.9191
test-law-ralhrilglv-pro02a,1,52.6462
test-law-ralhrilglv-pro02a,2,49.0172
test-law-ralhrilglv-pro01a,0,49.3688
test-law-ralhrilglv-pro01a,1,49.0799
test-law-ralhrilglv-pro01a,2,48.7579
test-law-ralhrilglv-pro03a,0,48.2981
test-law-ralhrilglv-pro03a,1,48.4025
test-law-ralhrilglv-pro03a,2,49.0260
test-law-ralhrilglv-con02a,0,52.9484
test-law-ralhrilglv-con02a,1,48.1920
test-law-ralhrilglv-con02a,2,47.4566
test-law-ralhrilglv-con04a,0,47.9627
test-law-ralhrilglv-con04a,1,47.6303
test-law-ralhrilglv-con04a,2,47.8081
test-law-ralhrilglv-con03a,0,48.6962
test-law-ralhrilglv-con03a,1,50.1940
test-law-ralhrilglv-con03a,2,50.8408
test-law-ralhrilglv-con01a,0,47.3665
test-law-ralhrilglv-con01a,1,48.7501
test-law-ralhrilglv-con01a,2,47.6560
test-law-thgglcplgphw-pro02a,0,50.5657
test-law-thgglcplgphw-pro02a,1,52.0077
test-law-thgglcplgphw-pro02a,2,85.6598
test-law-thgglcplgphw-pro01a,0,48.5206
test-law-thgglcplgphw-pro01a,1,48.9573
test-law-thgglcplgphw-pro01a,2,58.4313
test-law-thgglcplgphw-pro03a,0,49.3514
test-law-thgglcplgphw-pro03a,1,49.4690
test-law-thgglcplgphw-pro03a,2,58.5586
test-law-thgglcplgphw-con02a,0,49.3672
test-law-thgglcplgphw-con02a,1,50.1627
test-law-thgglcplgphw-con02a,2,48.2198
test-law-thgglcplgphw-con03a,0,50.4279
test-law-thgglcplgphw-con03a,1,49.0533
test-law-thgglcplgphw-con03a,2,48.0954
test-law-thgglcplgphw-con01a,0,51.0362
test-law-thgglcplgphw-con01a,1,48.9079
test-law-thgglcplgphw-con01a,2,47.3104
test-law-cplgpshwdp-pro02a,0,49.0649
test-law-cplgpshwdp-pro02a,1,48.4544
test-law-cplgpshwdp-pro02a,2,49.2013
test-law-cplgpshwdp-pro05a,0,50.1268
test-law-cplgpshwdp-pro05a,1,129.9335
test-law-cplgpshwdp-pro05a,2,48.5373
test-law-cplgpshwdp-pro01a,0,48.8612
test-law-cplgpshwdp-pro01a,1,50.0297
test-law-cplgpshwdp-pro01a,2,50.3029
test-law-cplgpshwdp-pro03a,0,49.6491
test-law-cplgpshwdp-pro03a,1,47.5655
test-law-cplgpshwdp-pro03a,2,48.7687
test-law-cplgpshwdp-pro04a,0,47.8356
test-law-cplgpshwdp-pro04a,1,48.4582
test-law-cplgpshwdp-pro04a,2,47.2952
test-law-cplgpshwdp-con02a,0,48.4878
test-law-cplgpshwdp-con02a,1,47.6101
test-law-cplgpshwdp-con02a,2,48.5772
test-law-cplgpshwdp-con04a,0,49.3636
test-law-cplgpshwdp-con04a,1,48.6765
test-law-cplgpshwdp-con04a,2,51.0550
test-law-cplgpshwdp-con03a,0,50.5973
test-law-cplgpshwdp-con03a,1,49.0641
test-law-cplgpshwdp-con03a,2,49.1383
test-law-cplgpshwdp-con01a,0,54.1996
test-law-cplgpshwdp-con01a,1,47.8714
test-law-cplgpshwdp-con01a,2,48.7005
test-law-umtlilhotac-pro02a,0,48.9480
test-law-umtlilhotac-pro02a,1,47.7231
test-law-umtlilhotac-pro02a,2,49.8157
test-law-umtlilhotac-pro01a,0,48.7647
test-law-umtlilhotac-pro01a,1,48.9337
test-law-umtlilhotac-pro01a,2,48.1592
test-law-umtlilhotac-pro03a,0,48.2532
test-law-umtlilhotac-pro03a,1,48.9890
test-law-umtlilhotac-pro03a,2,48.2558
test-law-umtlilhotac-con02a,0,47.5808
test-law-umtlilhotac-con02a,1,50.4075
test-law-umtlilhotac-con02a,2,49.7237
test-law-umtlilhotac-con03a,0,48.4780
test-law-umtlilhotac-con03a,1,49.3981
test-law-umtlilhotac-con03a,2,50.6291
test-law-umtlilhotac-con01a,0,52.7643
test-law-umtlilhotac-con01a,1,47.0985
test-law-umtlilhotac-con01a,2,49.9793
test-law-cplglghwbhwd-pro02a,0,50.1698
test-law-cplglghwbhwd-pro02a,1,48.3493
test-law-cplglghwbhwd-pro02a,2,50.5383
test-law-cplglghwbhwd-pro01a,0,50.9874
test-law-cplglghwbhwd-pro01a,1,48.8128
test-law-cplglghwbhwd-pro01a,2,49.8414
test-law-cplglghwbhwd-pro03a,0,49.2956
test-law-cplglghwbhwd-pro03a,1,47.7790
test-law-cplglghwbhwd-pro03a,2,48.6714
test-law-cplglghwbhwd-con02a,0,49.0857
test-law-cplglghwbhwd-con02a,1,48.4718
test-law-cplglghwbhwd-con02a,2,49.7886
test-law-cplglghwbhwd-con03a,0,52.3245
test-law-cplglghwbhwd-con03a,1,47.5795
test-law-cplglghwbhwd-con03a,2,132.5494
test-law-cplglghwbhwd-con01a,0,48.9573
test-law-cplglghwbhwd-con01a,1,48.0335
test-law-cplglghwbhwd-con01a,2,48.1381
test-law-sdiflhrdffe-pro02a,0,50.2473
test-law-sdiflhrdffe-pro02a,1,49.5141
test-law-sdiflhrdffe-pro02a,2,50.2714
test-law-sdiflhrdffe-pro01a,0,47.9961
test-law-sdiflhrdffe-pro01a,1,49.7719
test-law-sdiflhrdffe-pro01a,2,50.9429
test-law-sdiflhrdffe-pro03a,0,49.6093
test-law-sdiflhrdffe-pro03a,1,50.1256
test-law-sdiflhrdffe-pro03a,2,58.1128
test-law-sdiflhrdffe-con02a,0,50.8804
test-law-sdiflhrdffe-con02a,1,50.3718
test-law-sdiflhrdffe-con02a,2,51.3517
test-law-sdiflhrdffe-con04a,0,51.0055
test-law-sdiflhrdffe-con04a,1,56.7824
test-law-sdiflhrdffe-con04a,2,51.2531
test-law-sdiflhrdffe-con03a,0,51.9700
test-law-sdiflhrdffe-con03a,1,56.2612
test-law-sdiflhrdffe-con03a,2,51.6282
test-law-sdiflhrdffe-con01a,0,50.0024
test-law-sdiflhrdffe-con01a,1,49.8845
test-law-sdiflhrdffe-con01a,2,49.7599
test-law-rmelhrilhbiw-pro02a,0,50.2070
test-law-rmelhrilhbiw-pro02a,1,48.2348
test-law-rmelhrilhbiw-pro02a,2,48.3668
test-law-rmelhrilhbiw-pro01a,0,48.3850
test-law-rmelhrilhbiw-pro01a,1,47.8017
test-law-rmelhrilhbiw-pro01a,2,48.2594
test-law-rmelhrilhbiw-pro03a,0,47.1538
test-law-rmelhrilhbiw-pro03a,1,46.8450
test-law-rmelhrilhbiw-pro03a,2,49.2322
test-law-rmelhrilhbiw-pro04a,0,48.0854
test-law-rmelhrilhbiw-pro04a,1,48.2224
test-law-rmelhrilhbiw-pro04a,2,49.2676
test-law-rmelhrilhbiw-con02a,0,47.8341
test-law-rmelhrilhbiw-con02a,1,47.3358
test-law-rmelhrilhbiw-con02a,2,48.8764
test-law-rmelhrilhbiw-con04a,0,47.9855
test-law-rmelhrilhbiw-con04a,1,47.5713
test-law-rmelhrilhbiw-con04a,2,48.9102
test-law-rmelhrilhbiw-con03a,0,48.2332
test-law-rmelhrilhbiw-con03a,1,55.1400
test-law-rmelhrilhbiw-con03a,2,48.8294
test-law-rmelhrilhbiw-con01a,0,49.1941
test-law-rmelhrilhbiw-con01a,1,53.1094
test-law-rmelhrilhbiw-con01a,2,49.0937
test-law-cpilhbishioe-pro02a,0,48.4307
test-law-cpilhbishioe-pro02a,1,58.6772
test-law-cpilhbishioe-pro02a,2,48.8850
test-law-cpilhbishioe-pro01a,0,47.3476
test-law-cpilhbishioe-pro01a,1,47.6488
test-law-cpilhbishioe-pro01a,2,48.0579
test-law-cpilhbishioe-pro03a,0,50.9697
test-law-cpilhbishioe-pro03a,1,49.3215
test-law-cpilhbishioe-pro03a,2,48.7706
test-law-cpilhbishioe-pro04a,0,48.0050
test-law-cpilhbishioe-pro04a,1,47.3208
test-law-cpilhbishioe-pro04a,2,48.7193
test-law-cpilhbishioe-con02a,0,49.6075
test-law-cpilhbishioe-con02a,1,47.7698
test-law-cpilhbishioe-con02a,2,49.4967
test-law-cpilhbishioe-con04a,0,134.1535
test-law-cpilhbishioe-con04a,1,48.7419
test-law-cpilhbishioe-con04a,2,49.3427
test-law-cpilhbishioe-con03a,0,56.7409
test-law-cpilhbishioe-con03a,1,47.6591
test-law-cpilhbishioe-con03a,2,50.8655
test-law-cpilhbishioe-con01a,0,58.7972
test-law-cpilhbishioe-con01a,1,48.7043
test-law-cpilhbishioe-con01a,2,51.4649
test-law-tlcplghwfne-pro02a,0,56.1505
test-law-tlcplghwfne-pro02a,1,50.8789
test-law-tlcplghwfne-pro02a,2,55.3150
test-law-tlcplghwfne-pro01a,0,54.7389
test-law-tlcplghwfne-pro01a,1,50.2316
test-law-tlcplghwfne-pro01a,2,50.8341
test-law-tlcplghwfne-pro03a,0,47.5367
test-law-tlcplghwfne-pro03a,1,48.5091
test-law-tlcplghwfne-pro03a,2,53.7959
test-law-tlcplghwfne-con02a,0,47.9756
test-law-tlcplghwfne-con02a,1,48.0235
test-law-tlcplghwfne-con02a,2,51.2031
test-law-tlcplghwfne-con03a,0,55.1531
test-law-tlcplghwfne-con03a,1,47.7825
test-law-tlcplghwfne-con03a,2,48.4920
test-law-tlcplghwfne-con01a,0,47.6320
test-law-tlcplghwfne-con01a,1,47.7197
test-law-tlcplghwfne-con01a,2,48.1166
test-law-phwmfri-pro02a,0,53.5161
test-law-phwmfri-pro02a,1,48.4460
test-law-phwmfri-pro02a,2,50.6096
test-law-phwmfri-pro01a,0,48.9301
test-law-phwmfri-pro01a,1,48.1438
test-law-phwmfri-pro01a,2,130.5964
test-law-phwmfri-pro03a,0,47.8011
test-law-phwmfri-pro03a,1,50.2658
test-law-phwmfri-pro03a,2,49.4813
test-law-phwmfri-con02a,0,48.5693
test-law-phwmfri-con02a,1,49.9881
test-law-phwmfri-con02a,2,49.1301
test-law-phwmfri-con03a,0,48.1441
test-law-phwmfri-con03a,1,49.2399
test-law-phwmfri-con03a,2,50.5022
test-law-phwmfri-con01a,0,47.7303
test-law-phwmfri-con01a,1,49.2908
test-law-phwmfri-con01a,2,47.9940
test-law-hrpepthwuto-pro02a,0,49.5359
test-law-hrpepthwuto-pro02a,1,51.4589
test-law-hrpepthwuto-pro02a,2,49.0078
test-law-hrpepthwuto-pro01a,0,48.6330
test-law-hrpepthwuto-pro01a,1,49.3299
test-law-hrpepthwuto-pro01a,2,51.1516
test-law-hrpepthwuto-pro03a,0,48.9408
test-law-hrpepthwuto-pro03a,1,48.4893
test-law-hrpepthwuto-pro03a,2,48.2905
test-law-hrpepthwuto-con02a,0,49.1603
test-law-hrpepthwuto-con02a,1,52.1145
test-law-hrpepthwuto-con02a,2,49.9148
test-law-hrpepthwuto-con03a,0,51.1080
test-law-hrpepthwuto-con03a,1,54.1115
test-law-hrpepthwuto-con03a,2,49.6707
test-law-hrpepthwuto-con01a,0,49.8338
test-law-hrpepthwuto-con01a,1,53.4584
test-law-hrpepthwuto-con01a,2,49.4553
test-law-lghwpcctcc-pro02a,0,48.7493
test-law-lghwpcctcc-pro02a,1,49.5834
test-law-lghwpcctcc-pro02a,2,49.3895
test-law-lghwpcctcc-pro01a,0,52.0571
test-law-lghwpcctcc-pro01a,1,50.7400
test-law-lghwpcctcc-pro01a,2,48.2226
test-law-lghwpcctcc-pro03a,0,50.7410
test-law-lghwpcctcc-pro03a,1,48.3283
test-law-lghwpcctcc-pro03a,2,48.1858
test-law-lghwpcctcc-con02a,0,48.5713
test-law-lghwpcctcc-con02a,1,48.7644
test-law-lghwpcctcc-con02a,2,48.0693
test-law-lghwpcctcc-con04a,0,48.2627
test-law-lghwpcctcc-con04a,1,48.3386
test-law-lghwpcctcc-con04a,2,48.9109
test-law-lghwpcctcc-con03a,0,48.1515
test-law-lghwpcctcc-con03a,1,162.0682
test-law-lghwpcctcc-con03a,2,48.8776
test-law-lghwpcctcc-con01a,0,54.2836
test-law-lghwpcctcc-con01a,1,48.0589
test-law-lghwpcctcc-con01a,2,49.8271
test-law-sdfclhrppph-pro02a,0,50.1587
test-law-sdfclhrppph-pro02a,1,49.0428
test-law-sdfclhrppph-pro02a,2,57.5955
test-law-sdfclhrppph-pro01a,0,49.4331
test-law-sdfclhrppph-pro01a,1,49.7933
test-law-sdfclhrppph-pro01a,2,52.8093
test-law-sdfclhrppph-pro03a,0,49.9544
test-law-sdfclhrppph-pro03a,1,49.9743
test-law-sdfclhrppph-pro03a,2,55.1364
test-law-sdfclhrppph-pro04a,0,139.6173
test-law-sdfclhrppph-pro04a,1,50.3639
test-law-sdfclhrppph-pro04a,2,49.6201
test-law-sdfclhrppph-con02a,0,53.3443
test-law-sdfclhrppph-con02a,1,51.2206
test-law-sdfclhrppph-con02a,2,50.2109
test-law-sdfclhrppph-con01a,0,58.3003
test-law-sdfclhrppph-con01a,1,48.4691
test-law-sdfclhrppph-con01a,2,51.9257
test-law-tahglcphsld-pro02a,0,47.7868
test-law-tahglcphsld-pro02a,1,47.7718
test-law-tahglcphsld-pro02a,2,55.0022
test-law-tahglcphsld-pro06a,0,65.2129
test-law-tahglcphsld-pro06a,1,47.1305
test-law-tahglcphsld-pro06a,2,47.5594
test-law-tahglcphsld-pro05a,0,51.0127
test-law-tahglcphsld-pro05a,1,92.0930
test-law-tahglcphsld-pro05a,2,48.0645
test-law-tahglcphsld-pro01a,0,47.7131
test-law-tahglcphsld-pro01a,1,50.9438
test-law-tahglcphsld-pro01a,2,47.5813
test-law-tahglcphsld-pro07a,0,48.1041
test-law-tahglcphsld-pro07a,1,52.0698
test-law-tahglcphsld-pro07a,2,48.8021
test-law-tahglcphsld-pro03a,0,49.3224
test-law-tahglcphsld-pro03a,1,48.3569
test-law-tahglcphsld-pro03a,2,47.2268
test-law-tahglcphsld-pro04a,0,48.8157
test-law-tahglcphsld-pro04a,1,47.9793
test-law-tahglcphsld-pro04a,2,49.1389
test-law-tahglcphsld-con02a,0,47.8014
test-law-tahglcphsld-con02a,1,47.6812
test-law-tahglcphsld-con02a,2,50.8876
test-law-tahglcphsld-con03a,0,48.0250
test-law-tahglcphsld-con03a,1,48.2198
test-law-tahglcphsld-con03a,2,48.1338
test-law-tahglcphsld-con01a,0,47.9604
test-law-tahglcphsld-con01a,1,48.3989
test-law-tahglcphsld-con01a,2,47.8075
test-law-cppshbcjsfm-pro02a,0,47.2015
test-law-cppshbcjsfm-pro02a,1,49.8430
test-law-cppshbcjsfm-pro02a,2,54.7906
test-law-cppshbcjsfm-pro01a,0,47.3737
test-law-cppshbcjsfm-pro01a,1,48.4196
test-law-cppshbcjsfm-pro01a,2,51.8479
test-law-cppshbcjsfm-con02a,0,48.2985
test-law-cppshbcjsfm-con02a,1,47.5283
test-law-cppshbcjsfm-con02a,2,47.1406
test-law-cppshbcjsfm-con04a,0,48.3014
test-law-cppshbcjsfm-con04a,1,47.7556
test-law-cppshbcjsfm-con04a,2,47.5140
test-law-cppshbcjsfm-con03a,0,49.5689
test-law-cppshbcjsfm-con03a,1,47.5967
test-law-cppshbcjsfm-con03a,2,47.9657
test-law-cppshbcjsfm-con01a,0,49.3671
test-law-cppshbcjsfm-con01a,1,47.0693
test-law-cppshbcjsfm-con01a,2,50.3132
test-law-lghbacpsba-pro02a,0,52.5109
test-law-lghbacpsba-pro02a,1,50.2848
test-law-lghbacpsba-pro02a,2,48.2155
test-law-lghbacpsba-pro05a,0,49.5684
test-law-lghbacpsba-pro05a,1,48.7244
test-law-lghbacpsba-pro05a,2,48.6444
test-law-lghbacpsba-pro01a,0,49.4756
test-law-lghbacpsba-pro01a,1,48.6785
test-law-lghbacpsba-pro01a,2,54.0116
test-law-lghbacpsba-pro03a,0,47.9969
test-law-lghbacpsba-pro03a,1,50.1590
test-law-lghbacpsba-pro03a,2,48.7674
test-law-lghbacpsba-pro04a,0,48.3245
test-law-lghbacpsba-pro04a,1,49.1210
test-law-lghbacpsba-pro04a,2,49.8046
test-law-lghbacpsba-con02a,0,49.4345
test-law-lghbacpsba-con02a,1,49.7409
test-law-lghbacpsba-con02a,2,48.7280
test-law-lghbacpsba-con03a,0,48.9089
test-law-lghbacpsba-con03a,1,49.8354
test-law-lghbacpsba-con03a,2,48.9663
test-law-lghbacpsba-con01a,0,50.3868
test-law-lghbacpsba-con01a,1,143.1982
test-law-lghbacpsba-con01a,2,48.4089
test-law-hrilpgwhwr-pro02a,0,48.9672
test-law-hrilpgwhwr-pro02a,1,48.8474
test-law-hrilpgwhwr-pro02a,2,54.9375
test-law-hrilpgwhwr-pro01a,0,47.6043
test-law-hrilpgwhwr-pro01a,1,48.8415
test-law-hrilpgwhwr-pro01a,2,53.6585
test-law-hrilpgwhwr-pro03a,0,47.5538
test-law-hrilpgwhwr-pro03a,1,50.6380
test-law-hrilpgwhwr-pro03a,2,46.7766
test-law-hrilpgwhwr-con02a,0,47.8186
test-law-hrilpgwhwr-con02a,1,53.4440
test-law-hrilpgwhwr-con02a,2,48.1280
test-law-hrilpgwhwr-con05a,0,48.8763
test-law-hrilpgwhwr-con05a,1,50.9525
test-law-hrilpgwhwr-con05a,2,47.6092
test-law-hrilpgwhwr-con04a,0,48.9179
test-law-hrilpgwhwr-con04a,1,47.9234
test-law-hrilpgwhwr-con04a,2,48.9649
test-law-hrilpgwhwr-con03a,0,50.7712
test-law-hrilpgwhwr-con03a,1,50.5886
test-law-hrilpgwhwr-con03a,2,47.5598
test-law-hrilpgwhwr-con01a,0,51.8011
test-law-hrilpgwhwr-con01a,1,48.6955
test-law-hrilpgwhwr-con01a,2,48.3097
test-education-ufsdfkhbwu-pro02a,0,52.0618
test-education-ufsdfkhbwu-pro02a,1,50.7891
test-education-ufsdfkhbwu-pro02a,2,49.6268
test-education-ufsdfkhbwu-pro01a,0,48.8394
test-education-ufsdfkhbwu-pro01a,1,53.1855
test-education-ufsdfkhbwu-pro01a,2,49.4161
test-education-ufsdfkhbwu-pro03a,0,50.1155
test-education-ufsdfkhbwu-pro03a,1,51.5988
test-education-ufsdfkhbwu-pro03a,2,55.3824
test-education-ufsdfkhbwu-con02a,0,50.5834
test-education-ufsdfkhbwu-con02a,1,51.0476
test-education-ufsdfkhbwu-con02a,2,53.6728
test-education-ufsdfkhbwu-con03a,0,49.3182
test-education-ufsdfkhbwu-con03a,1,49.6574
test-education-ufsdfkhbwu-con03a,2,50.7839
test-education-ufsdfkhbwu-con01a,0,50.1794
test-education-ufsdfkhbwu-con01a,1,50.9894
test-education-ufsdfkhbwu-con01a,2,55.1277
test-education-egtuscpih-pro02a,0,48.5052
test-education-egtuscpih-pro02a,1,50.4390
test-education-egtuscpih-pro02a,2,47.4051
test-education-egtuscpih-pro05a,0,48.2440
test-education-egtuscpih-pro05a,1,47.5255
test-education-egtuscpih-pro05a,2,47.8562
test-education-egtuscpih-pro01a,0,48.1599
test-education-egtuscpih-pro01a,1,53.3799
test-education-egtuscpih-pro01a,2,47.2393
test-education-egtuscpih-pro03a,0,52.0823
test-education-egtuscpih-pro03a,1,51.9314
test-education-egtuscpih-pro03a,2,124.9699
test-education-egtuscpih-pro04a,0,48.1348
test-education-egtuscpih-pro04a,1,51.9682
test-education-egtuscpih-pro04a,2,49.7501
test-education-egtuscpih-con02a,0,46.8536
test-education-egtuscpih-con02a,1,49.1426
test-education-egtuscpih-con02a,2,47.6416
test-education-egtuscpih-con05a,0,48.0113
test-education-egtuscpih-con05a,1,52.8939
test-education-egtuscpih-con05a,2,48.5176
test-education-egtuscpih-con04a,0,47.1112
test-education-egtuscpih-con04a,1,49.1538
test-education-egtuscpih-con04a,2,47.1063
test-education-egtuscpih-con03a,0,47.8928
test-education-egtuscpih-con03a,1,57.3567
test-education-egtuscpih-con03a,2,47.5427
test-education-egtuscpih-con01a,0,47.4552
test-education-egtuscpih-con01a,1,53.0493
test-education-egtuscpih-con01a,2,47.1504
test-education-ughbuesbf-pro02a,0,47.3234
test-education-ughbuesbf-pro02a,1,56.6853
test-education-ughbuesbf-pro02a,2,48.2302
test-education-ughbuesbf-pro01a,0,47.4964
test-education-ughbuesbf-pro01a,1,50.8841
test-education-ughbuesbf-pro01a,2,47.7408
test-education-ughbuesbf-pro03a,0,47.7539
test-education-ughbuesbf-pro03a,1,49.0109
test-education-ughbuesbf-pro03a,2,54.9247
test-education-ughbuesbf-pro04a,0,47.9422
test-education-ughbuesbf-pro04a,1,47.8601
test-education-ughbuesbf-pro04a,2,48.2433
test-education-ughbuesbf-con02a,0,47.4963
test-education-ughbuesbf-con02a,1,48.5382
test-education-ughbuesbf-con02a,2,47.6945
test-education-ughbuesbf-con05a,0,47.8514
test-education-ughbuesbf-con05a,1,49.2705
test-education-ughbuesbf-con05a,2,47.1131
test-education-ughbuesbf-con04a,0,47.2687
test-education-ughbuesbf-con04a,1,51.1815
test-education-ughbuesbf-con04a,2,47.6768
test-education-ughbuesbf-con03a,0,46.8111
test-education-ughbuesbf-con03a,1,53.8430
test-education-ughbuesbf-con03a,2,47.1933
test-education-ughbuesbf-con01a,0,47.8566
test-education-ughbuesbf-con01a,1,47.8211
test-education-ughbuesbf-con01a,2,48.8368
test-education-usuprmhbu-pro02a,0,53.2561
test-education-usuprmhbu-pro02a,1,51.0978
test-education-usuprmhbu-pro02a,2,50.4591
test-education-usuprmhbu-pro01a,0,50.4582
test-education-usuprmhbu-pro01a,1,49.1916
test-education-usuprmhbu-pro01a,2,48.4100
test-education-usuprmhbu-pro03a,0,48.5029
test-education-usuprmhbu-pro03a,1,49.2729
test-education-usuprmhbu-pro03a,2,48.5775
test-education-usuprmhbu-con02a,0,49.1147
test-education-usuprmhbu-con02a,1,48.5913
test-education-usuprmhbu-con02a,2,56.2020
test-education-usuprmhbu-con03a,0,49.8028
test-education-usuprmhbu-con03a,1,49.3664
test-education-usuprmhbu-con03a,2,48.2198
test-education-usuprmhbu-con01a,0,168.8976
test-education-usuprmhbu-con01a,1,49.1830
test-education-usuprmhbu-con01a,2,48.4408
test-education-pteuhwfphe-pro02a,0,47.9738
test-education-pteuhwfphe-pro02a,1,49.1214
test-education-pteuhwfphe-pro02a,2,48.0362
test-education-pteuhwfphe-pro01a,0,48.8795
test-education-pteuhwfphe-pro01a,1,49.0854
test-education-pteuhwfphe-pro01a,2,48.2950
test-education-pteuhwfphe-pro03a,0,52.3610
test-education-pteuhwfphe-pro03a,1,51.4994
test-education-pteuhwfphe-pro03a,2,49.1717
test-education-pteuhwfphe-con02a,0,51.7924
test-education-pteuhwfphe-con02a,1,47.3796
test-education-pteuhwfphe-con02a,2,47.7002
test-education-pteuhwfphe-con04a,0,47.9373
test-education-pteuhwfphe-con04a,1,49.4338
test-education-pteuhwfphe-con04a,2,48.8062
test-education-pteuhwfphe-con03a,0,48.6310
test-education-pteuhwfphe-con03a,1,51.1763
test-education-pteuhwfphe-con03a,2,48.0600
test-education-pteuhwfphe-con01a,0,47.3328
test-education-pteuhwfphe-con01a,1,48.4073
test-education-pteuhwfphe-con01a,2,48.4300
test-education-pstrgsehwt-pro02a,0,53.0381
test-education-pstrgsehwt-pro02a,1,49.6388
test-education-pstrgsehwt-pro02a,2,48.0388
test-education-pstrgsehwt-pro05a,0,47.7413
test-education-pstrgsehwt-pro05a,1,48.3653
test-education-pstrgsehwt-pro05a,2,48.6353
test-education-pstrgsehwt-pro01a,0,56.5077
test-education-pstrgsehwt-pro01a,1,49.7784
test-education-pstrgsehwt-pro01a,2,47.7940
test-education-pstrgsehwt-pro03a,0,48.4128
test-education-pstrgsehwt-pro03a,1,49.2819
test-education-pstrgsehwt-pro03a,2,49.0292
test-education-pstrgsehwt-pro04a,0,48.0892
test-education-pstrgsehwt-pro04a,1,50.0209
test-education-pstrgsehwt-pro04a,2,128.6468
test-education-pstrgsehwt-con02a,0,57.0498
test-education-pstrgsehwt-con02a,1,52.4408
test-education-pstrgsehwt-con02a,2,47.6779
test-education-pstrgsehwt-con04a,0,48.2798
test-education-pstrgsehwt-con04a,1,48.8702
test-education-pstrgsehwt-con04a,2,47.4614
test-education-pstrgsehwt-con03a,0,48.2460
test-education-pstrgsehwt-con03a,1,46.5690
test-education-pstrgsehwt-con03a,2,45.8768
test-education-pstrgsehwt-con01a,0,48.5375
test-education-pstrgsehwt-con01a,1,46.5397
test-education-pstrgsehwt-con01a,2,48.5230
test-education-xeegshwfeu-pro02a,0,47.6406
test-education-xeegshwfeu-pro02a,1,47.8431
test-education-xeegshwfeu-pro02a,2,47.5264
test-education-xeegshwfeu-pro01a,0,48.0481
test-education-xeegshwfeu-pro01a,1,48.7018
test-education-xeegshwfeu-pro01a,2,46.7855
test-education-xeegshwfeu-pro03a,0,49.4207
test-education-xeegshwfeu-pro03a,1,47.4532
test-education-xeegshwfeu-pro03a,2,48.6191
test-education-xeegshwfeu-con02a,0,47.9448
test-education-xeegshwfeu-con02a,1,47.1518
test-education-xeegshwfeu-con02a,2,49.0127
test-education-xeegshwfeu-con03a,0,48.1033
test-education-xeegshwfeu-con03a,1,48.4358
test-education-xeegshwfeu-con03a,2,47.2835
test-education-xeegshwfeu-con01a,0,48.6318
test-education-xeegshwfeu-con01a,1,46.9728
test-education-xeegshwfeu-con01a,2,46.8934
test-education-udfakusma-pro02a,0,49.8909
test-education-udfakusma-pro02a,1,47.8335
test-education-udfakusma-pro02a,2,47.9286
test-education-udfakusma-pro01a,0,50.7826
test-education-udfakusma-pro01a,1,48.1224
test-education-udfakusma-pro01a,2,47.5012
test-education-udfakusma-pro03a,0,50.8415
test-education-udfakusma-pro03a,1,49.3240
test-education-udfakusma-pro03a,2,47.2738
test-education-udfakusma-pro04a,0,50.3401
test-education-udfakusma-pro04a,1,107.0050
test-education-udfakusma-pro04a,2,47.8546
test-education-udfakusma-con02a,0,49.1729
test-education-udfakusma-con02a,1,47.1679
test-education-udfakusma-con02a,2,48.0384
test-education-udfakusma-con04a,0,51.8624
test-education-udfakusma-con04a,1,46.8194
test-education-udfakusma-con04a,2,49.0598
test-education-udfakusma-con03a,0,47.0563
test-education-udfakusma-con03a,1,52.6432
test-education-udfakusma-con03a,2,47.9080
test-education-udfakusma-con01a,0,49.8042
test-education-udfakusma-con01a,1,48.5115
test-education-udfakusma-con01a,2,48.4149
test-education-tuhwastua-pro02a,0,51.3290
test-education-tuhwastua-pro02a,1,48.7405
test-education-tuhwastua-pro02a,2,47.4466
test-education-tuhwastua-pro05a,0,154.2327
test-education-tuhwastua-pro05a,1,50.0825
test-education-tuhwastua-pro05a,2,46.8071
test-education-tuhwastua-pro01a,0,47.7646
test-education-tuhwastua-pro01a,1,46.8411
test-education-tuhwastua-pro01a,2,48.3972
test-education-tuhwastua-pro03a,0,52.1009
test-education-tuhwastua-pro03a,1,49.0255
test-education-tuhwastua-pro03a,2,49.9140
test-education-tuhwastua-pro04a,0,52.3284
test-education-tuhwastua-pro04a,1,48.0244
test-education-tuhwastua-pro04a,2,50.2391
test-education-tuhwastua-con02a,0,48.0957
test-education-tuhwastua-con02a,1,49.7084
test-education-tuhwastua-con02a,2,50.7175
test-education-tuhwastua-con01a,0,47.3167
test-education-tuhwastua-con01a,1,46.7802
test-education-tuhwastua-con01a,2,52.2639
test-education-egscphsrdt-pro02a,0,49.1506
test-education-egscphsrdt-pro02a,1,47.9105
test-education-egscphsrdt-pro02a,2,50.1143
test-education-egscphsrdt-pro01a,0,48.2241
test-education-egscphsrdt-pro01a,1,47.3688
test-education-egscphsrdt-pro01a,2,47.6669
test-education-egscphsrdt-pro03a,0,47.7735
test-education-egscphsrdt-pro03a,1,48.1586
test-education-egscphsrdt-pro03a,2,47.9847
test-education-egscphsrdt-con02a,0,48.9924
test-education-egscphsrdt-con02a,1,48.5158
test-education-egscphsrdt-con02a,2,49.4003
test-education-egscphsrdt-con03a,0,48.4818
test-education-egscphsrdt-con03a,1,50.2666
test-education-egscphsrdt-con03a,2,48.1551
test-education-egscphsrdt-con01a,0,52.5571
test-education-egscphsrdt-con01a,1,48.3687
test-education-egscphsrdt-con01a,2,49.8482
test-education-pshhghwpba0-pro02a,0,50.6467
test-education-pshhghwpba0-pro02a,1,47.6940
test-education-pshhghwpba0-pro02a,2,51.8842
test-education-pshhghwpba0-pro01a,0,50.7857
test-education-pshhghwpba0-pro01a,1,47.0823
test-education-pshhghwpba0-pro01a,2,49.3598
test-education-pshhghwpba0-pro03a,0,50.1216
test-education-pshhghwpba0-pro03a,1,48.3298
test-education-pshhghwpba0-pro03a,2,52.1331
test-education-pshhghwpba0-pro04a,0,50.4155
test-education-pshhghwpba0-pro04a,1,46.9606
test-education-pshhghwpba0-pro04a,2,57.2772
test-education-pshhghwpba0-con02a,0,52.0724
test-education-pshhghwpba0-con02a,1,51.1064
test-education-pshhghwpba0-con02a,2,48.7201
test-education-pshhghwpba0-con04a,0,48.1333
test-education-pshhghwpba0-con04a,1,48.5489
test-education-pshhghwpba0-con04a,2,47.5300
test-education-pshhghwpba0-con03a,0,52.0239
test-education-pshhghwpba0-con03a,1,47.3390
test-education-pshhghwpba0-con03a,2,47.2872
test-education-pshhghwpba0-con01a,0,50.7781
test-education-pshhghwpba0-con01a,1,47.1185
test-education-pshhghwpba0-con01a,2,48.2153
test-politics-nlpdwhbusbuc-pro02a,0,57.1423
test-politics-nlpdwhbusbuc-pro02a,1,49.0871
test-politics-nlpdwhbusbuc-pro02a,2,48.6536
test-politics-nlpdwhbusbuc-pro01a,0,51.6270
test-politics-nlpdwhbusbuc-pro01a,1,48.1619
test-politics-nlpdwhbusbuc-pro01a,2,50.1579
test-politics-nlpdwhbusbuc-pro03a,0,51.6799
test-politics-nlpdwhbusbuc-pro03a,1,48.4885
test-politics-nlpdwhbusbuc-pro03a,2,50.5573
test-politics-nlpdwhbusbuc-con02a,0,58.0602
test-politics-nlpdwhbusbuc-con02a,1,56.6768
test-politics-nlpdwhbusbuc-con02a,2,49.8871
test-politics-nlpdwhbusbuc-con03a,0,49.8746
test-politics-nlpdwhbusbuc-con03a,1,53.6215
test-politics-nlpdwhbusbuc-con03a,2,48.7986
test-politics-nlpdwhbusbuc-con01a,0,49.2699
test-politics-nlpdwhbusbuc-con01a,1,62.3258
test-politics-nlpdwhbusbuc-con01a,2,52.4355
test-politics-oepghbrnsl-pro02a,0,50.7852
test-politics-oepghbrnsl-pro02a,1,53.2853
test-politics-oepghbrnsl-pro02a,2,48.6344
test-politics-oepghbrnsl-pro01a,0,51.0706
test-politics-oepghbrnsl-pro01a,1,140.5577
test-politics-oepghbrnsl-pro01a,2,48.5848
test-politics-oepghbrnsl-pro03a,0,49.1865
test-politics-oepghbrnsl-pro03a,1,48.1790
test-politics-oepghbrnsl-pro03a,2,50.1322
test-politics-oepghbrnsl-pro04a,0,47.4218
test-politics-oepghbrnsl-pro04a,1,47.2633
test-politics-oepghbrnsl-pro04a,2,48.4739
test-politics-oepghbrnsl-con02a,0,48.5319
test-politics-oepghbrnsl-con02a,1,49.6399
test-politics-oepghbrnsl-con02a,2,48.4782
test-politics-oepghbrnsl-con04a,0,48.4719
test-politics-oepghbrnsl-con04a,1,48.6645
test-politics-oepghbrnsl-con04a,2,49.6091
test-politics-oepghbrnsl-con03a,0,48.5957
test-politics-oepghbrnsl-con03a,1,47.9393
test-politics-oepghbrnsl-con03a,2,50.3587
test-politics-oepghbrnsl-con01a,0,48.7961
test-politics-oepghbrnsl-con01a,1,49.8021
test-politics-oepghbrnsl-con01a,2,51.5979
test-politics-oeplhbuwhmi-pro02a,0,49.6126
test-politics-oeplhbuwhmi-pro02a,1,51.3497
test-politics-oeplhbuwhmi-pro02a,2,49.1480
test-politics-oeplhbuwhmi-pro01a,0,48.8877
test-politics-oeplhbuwhmi-pro01a,1,48.9482
test-politics-oeplhbuwhmi-pro01a,2,53.3874
test-politics-oeplhbuwhmi-pro03a,0,58.7195
test-politics-oeplhbuwhmi-pro03a,1,49.6853
test-politics-oeplhbuwhmi-pro03a,2,49.0116
test-politics-oeplhbuwhmi-pro04a,0,48.0787
test-politics-oeplhbuwhmi-pro04a,1,47.9831
test-politics-oeplhbuwhmi-pro04a,2,50.4526
test-politics-oeplhbuwhmi-con02a,0,57.0391
test-politics-oeplhbuwhmi-con02a,1,50.4466
test-politics-oeplhbuwhmi-con02a,2,48.6365
test-politics-oeplhbuwhmi-con04a,0,53.1611
test-politics-oeplhbuwhmi-con04a,1,47.7310
test-politics-oeplhbuwhmi-con04a,2,56.2533
test-politics-oeplhbuwhmi-con03a,0,60.0356
test-politics-oeplhbuwhmi-con03a,1,47.3316
test-politics-oeplhbuwhmi-con03a,2,51.7212
test-politics-oeplhbuwhmi-con01a,0,123.9125
test-politics-oeplhbuwhmi-con01a,1,49.1900
test-politics-oeplhbuwhmi-con01a,2,50.6123
test-politics-oapghwliva-pro01a,0,50.4118
test-politics-oapghwliva-pro01a,1,49.2629
test-politics-oapghwliva-pro01a,2,57.3484
test-politics-oapghwliva-con02a,0,48.5361
test-politics-oapghwliva-con02a,1,48.2323
test-politics-oapghwliva-con02a,2,48.0331
test-politics-oapghwliva-con03a,0,48.8622
test-politics-oapghwliva-con03a,1,47.0104
test-politics-oapghwliva-con03a,2,48.2585
test-politics-oapghwliva-con01a,0,49.1079
test-politics-oapghwliva-con01a,1,48.3122
test-politics-oapghwliva-con01a,2,135.9911
test-politics-dhbanhrnw-pro02a,0,47.9224
test-politics-dhbanhrnw-pro02a,1,47.7325
test-politics-dhbanhrnw-pro02a,2,48.6558
test-politics-dhbanhrnw-pro05a,0,48.9928
test-politics-dhbanhrnw-pro05a,1,47.0331
test-politics-dhbanhrnw-pro05a,2,50.6513
test-politics-dhbanhrnw-pro01a,0,47.6803
test-politics-dhbanhrnw-pro01a,1,50.0264
test-politics-dhbanhrnw-pro01a,2,54.9999
test-politics-dhbanhrnw-pro03a,0,47.3757
test-politics-dhbanhrnw-pro03a,1,48.8415
test-politics-dhbanhrnw-pro03a,2,49.2682
test-politics-dhbanhrnw-pro04a,0,50.2332
test-politics-dhbanhrnw-pro04a,1,47.5429
test-politics-dhbanhrnw-pro04a,2,47.9088
test-politics-dhbanhrnw-con02a,0,48.4890
test-politics-dhbanhrnw-con02a,1,47.3567
test-politics-dhbanhrnw-con02a,2,47.6859
test-politics-dhbanhrnw-con05a,0,47.0211
test-politics-dhbanhrnw-con05a,1,46.9090
test-politics-dhbanhrnw-con05a,2,47.1123
test-politics-dhbanhrnw-con04a,0,47.4800
test-politics-dhbanhrnw-con04a,1,48.4905
test-politics-dhbanhrnw-con04a,2,56.3411
test-politics-dhbanhrnw-con03a,0,48.9080
test-politics-dhbanhrnw-con03a,1,49.5495
test-politics-dhbanhrnw-con03a,2,49.2563
test-politics-dhbanhrnw-con01a,0,47.8048
test-politics-dhbanhrnw-con01a,1,48.6935
test-politics-dhbanhrnw-con01a,2,48.8730
test-politics-cdfsaphgiap-pro02a,0,51.0184
test-politics-cdfsaphgiap-pro02a,1,48.4111
test-politics-cdfsaphgiap-pro02a,2,50.0215
test-politics-cdfsaphgiap-pro01a,0,50.4123
test-politics-cdfsaphgiap-pro01a,1,49.1487
test-politics-cdfsaphgiap-pro01a,2,50.1891
test-politics-cdfsaphgiap-pro03a,0,50.1389
test-politics-cdfsaphgiap-pro03a,1,48.6791
test-politics-cdfsaphgiap-pro03a,2,49.8249
test-politics-cdfsaphgiap-pro04a,0,47.9591
test-politics-cdfsaphgiap-pro04a,1,47.8829
test-politics-cdfsaphgiap-pro04a,2,48.5969
test-politics-cdfsaphgiap-con02a,0,47.7971
test-politics-cdfsaphgiap-con02a,1,48.5086
test-politics-cdfsaphgiap-con02a,2,49.2362
test-politics-cdfsaphgiap-con04a,0,49.1292
test-politics-cdfsaphgiap-con04a,1,48.3554
test-politics-cdfsaphgiap-con04a,2,48.7151
test-politics-cdfsaphgiap-con03a,0,50.0385
test-politics-cdfsaphgiap-con03a,1,55.6518
test-politics-cdfsaphgiap-con03a,2,50.0806
test-politics-cdfsaphgiap-con01a,0,129.9399
test-politics-cdfsaphgiap-con01a,1,49.2567
test-politics-cdfsaphgiap-con01a,2,48.8097
test-politics-ghbgussbsbt-pro02a,0,58.9049
test-politics-ghbgussbsbt-pro02a,1,48.3334
test-politics-ghbgussbsbt-pro02a,2,51.7797
test-politics-ghbgussbsbt-pro01a,0,51.4148
test-politics-ghbgussbsbt-pro01a,1,48.2509
test-politics-ghbgussbsbt-pro01a,2,50.0810
test-politics-ghbgussbsbt-pro03a,0,50.0805
test-politics-ghbgussbsbt-pro03a,1,49.0763
test-politics-ghbgussbsbt-pro03a,2,48.7138
test-politics-ghbgussbsbt-pro04a,0,47.5473
test-politics-ghbgussbsbt-pro04a,1,47.3629
test-politics-ghbgussbsbt-pro04a,2,47.9453
test-politics-ghbgussbsbt-con02a,0,47.6396
test-politics-ghbgussbsbt-con02a,1,47.8241
test-politics-ghbgussbsbt-con02a,2,47.4417
test-politics-ghbgussbsbt-con04a,0,47.7179
test-politics-ghbgussbsbt-con04a,1,47.4284
test-politics-ghbgussbsbt-con04a,2,48.6639
test-politics-ghbgussbsbt-con03a,0,47.8578
test-politics-ghbgussbsbt-con03a,1,48.9919
test-politics-ghbgussbsbt-con03a,2,48.9515
test-politics-ghbgussbsbt-con01a,0,47.8901
test-politics-ghbgussbsbt-con01a,1,50.2159
test-politics-ghbgussbsbt-con01a,2,48.9694
test-politics-oapdhwinkp-pro02a,0,48.6141
test-politics-oapdhwinkp-pro02a,1,50.6537
test-politics-oapdhwinkp-pro02a,2,49.9993
test-politics-oapdhwinkp-pro01a,0,49.7246
test-politics-oapdhwinkp-pro01a,1,49.0276
test-politics-oapdhwinkp-pro01a,2,48.4839
test-politics-oapdhwinkp-pro03a,0,49.6390
test-politics-oapdhwinkp-pro03a,1,49.0075
test-politics-oapdhwinkp-pro03a,2,48.0422
test-politics-oapdhwinkp-con02a,0,50.1134
test-politics-oapdhwinkp-con02a,1,50.5395
test-politics-oapdhwinkp-con02a,2,49.1977
test-politics-oapdhwinkp-con03a,0,48.3404
test-politics-oapdhwinkp-con03a,1,47.9362
test-politics-oapdhwinkp-con03a,2,47.6501
test-politics-oapdhwinkp-con01a,0,47.5822
test-politics-oapdhwinkp-con01a,1,47.7227
test-politics-oapdhwinkp-con01a,2,49.1892
test-politics-epvhbfsmsaop-pro02a,0,48.9963
test-politics-epvhbfsmsaop-pro02a,1,50.3007
test-politics-epvhbfsmsaop-pro02a,2,120.4229
test-politics-epvhbfsmsaop-pro01a,0,47.9752
test-politics-epvhbfsmsaop-pro01a,1,50.6356
test-politics-epvhbfsmsaop-pro01a,2,47.7517
test-politics-epvhbfsmsaop-pro03a,0,48.1074
test-politics-epvhbfsmsaop-pro03a,1,54.4275
test-politics-epvhbfsmsaop-pro03a,2,47.0303
test-politics-epvhbfsmsaop-con02a,0,48.7531
test-politics-epvhbfsmsaop-con02a,1,55.5742
test-politics-epvhbfsmsaop-con02a,2,49.3346
test-politics-epvhbfsmsaop-con03a,0,49.8995
test-politics-epvhbfsmsaop-con03a,1,57.0570
test-politics-epvhbfsmsaop-con03a,2,49.3196
test-politics-epvhbfsmsaop-con01a,0,48.6051
test-politics-epvhbfsmsaop-con01a,1,47.7439
test-politics-epvhbfsmsaop-con01a,2,47.9196
test-politics-cpegiepgh-pro02a,0,47.6941
test-politics-cpegiepgh-pro02a,1,47.8573
test-politics-cpegiepgh-pro02a,2,47.9663
test-politics-cpegiepgh-pro01a,0,47.7250
test-politics-cpegiepgh-pro01a,1,50.1402
test-politics-cpegiepgh-pro01a,2,47.3715
test-politics-cpegiepgh-pro03a,0,47.6100
test-politics-cpegiepgh-pro03a,1,54.0362
test-politics-cpegiepgh-pro03a,2,47.2844
test-politics-cpegiepgh-pro04a,0,47.9419
test-politics-cpegiepgh-pro04a,1,51.8644
test-politics-cpegiepgh-pro04a,2,47.5188
test-politics-cpegiepgh-con02a,0,48.0566
test-politics-cpegiepgh-con02a,1,48.4081
test-politics-cpegiepgh-con02a,2,48.3890
test-politics-cpegiepgh-con03a,0,48.1397
test-politics-cpegiepgh-con03a,1,47.0570
test-politics-cpegiepgh-con03a,2,48.6959
test-politics-cpegiepgh-con01a,0,48.3237
test-politics-cpegiepgh-con01a,1,47.5596
test-politics-cpegiepgh-con01a,2,47.7547
test-politics-cpecfiepg-pro02a,0,50.0534
test-politics-cpecfiepg-pro02a,1,48.8107
test-politics-cpecfiepg-pro02a,2,51.4986
test-politics-cpecfiepg-pro01a,0,48.7276
test-politics-cpecfiepg-pro01a,1,166.3244
test-politics-cpecfiepg-pro01a,2,47.7233
test-politics-cpecfiepg-pro03a,0,48.9081
test-politics-cpecfiepg-pro03a,1,48.1354
test-politics-cpecfiepg-pro03a,2,48.0053
test-politics-cpecfiepg-con02a,0,47.4163
test-politics-cpecfiepg-con02a,1,47.3537
test-politics-cpecfiepg-con02a,2,47.7228
test-politics-cpecfiepg-con04a,0,147.4036
test-politics-cpecfiepg-con04a,1,49.0411
test-politics-cpecfiepg-con04a,2,48.2164
test-politics-cpecfiepg-con03a,0,47.6709
test-politics-cpecfiepg-con03a,1,48.2742
test-politics-cpecfiepg-con03a,2,48.5750
test-politics-cpecfiepg-con01a,0,47.7186
test-politics-cpecfiepg-con01a,1,48.5175
test-politics-cpecfiepg-con01a,2,48.1570
test-politics-ypppgvhwmv-pro02a,0,48.5745
test-politics-ypppgvhwmv-pro02a,1,47.5568
test-politics-ypppgvhwmv-pro02a,2,49.9909
test-politics-ypppgvhwmv-pro05a,0,49.7063
test-politics-ypppgvhwmv-pro05a,1,50.6649
test-politics-ypppgvhwmv-pro05a,2,48.7330
test-politics-ypppgvhwmv-pro01a,0,47.9922
test-politics-ypppgvhwmv-pro01a,1,47.8256
test-politics-ypppgvhwmv-pro01a,2,48.6298
test-politics-ypppgvhwmv-pro03a,0,46.7196
test-politics-ypppgvhwmv-pro03a,1,46.2407
test-politics-ypppgvhwmv-pro03a,2,48.5265
test-politics-ypppgvhwmv-pro04a,0,48.2939
test-politics-ypppgvhwmv-pro04a,1,47.8104
test-politics-ypppgvhwmv-pro04a,2,67.4787
test-politics-ypppgvhwmv-con02a,0,49.1580
test-politics-ypppgvhwmv-con02a,1,49.4657
test-politics-ypppgvhwmv-con02a,2,72.6470
test-politics-ypppgvhwmv-con03a,0,46.9531
test-politics-ypppgvhwmv-con03a,1,52.9023
test-politics-ypppgvhwmv-con03a,2,48.1294
test-politics-ypppgvhwmv-con01a,0,47.5917
test-politics-ypppgvhwmv-con01a,1,48.6486
test-politics-ypppgvhwmv-con01a,2,48.0577
test-politics-pgsimhwoia-pro02a,0,48.5753
test-politics-pgsimhwoia-pro02a,1,51.2101
test-politics-pgsimhwoia-pro02a,2,49.2317
test-politics-pgsimhwoia-pro01a,0,48.7402
test-politics-pgsimhwoia-pro01a,1,49.9814
test-politics-pgsimhwoia-pro01a,2,47.8685
test-politics-pgsimhwoia-pro03a,0,50.6740
test-politics-pgsimhwoia-pro03a,1,53.9176
test-politics-pgsimhwoia-pro03a,2,49.6263
test-politics-pgsimhwoia-con02a,0,49.4688
test-politics-pgsimhwoia-con02a,1,54.4696
test-politics-pgsimhwoia-con02a,2,48.6594
test-politics-pgsimhwoia-con03a,0,49.8981
test-politics-pgsimhwoia-con03a,1,53.8217
test-politics-pgsimhwoia-con03a,2,48.7365
test-politics-pgsimhwoia-con01a,0,49.3696
test-politics-pgsimhwoia-con01a,1,49.1487
test-politics-pgsimhwoia-con01a,2,53.2303
test-politics-mtpghwaacb-pro02a,0,49.8229
test-politics-mtpghwaacb-pro02a,1,49.8833
test-politics-mtpghwaacb-pro02a,2,53.4264
test-politics-mtpghwaacb-pro01a,0,49.3841
test-politics-mtpghwaacb-pro01a,1,49.7882
test-politics-mtpghwaacb-pro01a,2,55.9053
test-politics-mtpghwaacb-pro03a,0,48.9811
test-politics-mtpghwaacb-pro03a,1,48.5858
test-politics-mtpghwaacb-pro03a,2,49.3806
test-politics-mtpghwaacb-con02a,0,49.0650
test-politics-mtpghwaacb-con02a,1,50.3944
test-politics-mtpghwaacb-con02a,2,51.8242
test-politics-mtpghwaacb-con03a,0,49.5652
test-politics-mtpghwaacb-con03a,1,51.0737
test-politics-mtpghwaacb-con03a,2,50.0428
test-politics-mtpghwaacb-con01a,0,48.9794
test-politics-mtpghwaacb-con01a,1,51.8456
test-politics-mtpghwaacb-con01a,2,48.7294
test-politics-oglilpdwhsn-pro02a,0,48.1756
test-politics-oglilpdwhsn-pro02a,1,51.3737
test-politics-oglilpdwhsn-pro02a,2,47.4338
test-politics-oglilpdwhsn-pro01a,0,68.0389
test-politics-oglilpdwhsn-pro01a,1,51.7970
test-politics-oglilpdwhsn-pro01a,2,48.0460
test-politics-oglilpdwhsn-pro03a,0,61.3234
test-politics-oglilpdwhsn-pro03a,1,47.6427
test-politics-oglilpdwhsn-pro03a,2,49.6681
test-politics-oglilpdwhsn-con02a,0,47.6771
test-politics-oglilpdwhsn-con02a,1,48.0927
test-politics-oglilpdwhsn-con02a,2,48.5305
test-politics-oglilpdwhsn-con04a,0,49.5692
test-politics-oglilpdwhsn-con04a,1,48.4688
test-politics-oglilpdwhsn-con04a,2,80.1560
test-politics-oglilpdwhsn-con03a,0,48.7882
test-politics-oglilpdwhsn-con03a,1,138.0854
test-politics-oglilpdwhsn-con03a,2,48.8528
test-politics-oglilpdwhsn-con01a,0,47.6025
test-politics-oglilpdwhsn-con01a,1,48.8833
test-politics-oglilpdwhsn-con01a,2,48.7267
test-politics-grcrgshwbr-pro02a,0,48.5502
test-politics-grcrgshwbr-pro02a,1,50.7114
test-politics-grcrgshwbr-pro02a,2,49.0492
test-politics-grcrgshwbr-pro05a,0,47.3953
test-politics-grcrgshwbr-pro05a,1,50.3657
test-politics-grcrgshwbr-pro05a,2,47.3558
test-politics-grcrgshwbr-pro01a,0,47.9066
test-politics-grcrgshwbr-pro01a,1,51.7327
test-politics-grcrgshwbr-pro01a,2,49.9918
test-politics-grcrgshwbr-pro03a,0,48.7883
test-politics-grcrgshwbr-pro03a,1,47.9613
test-politics-grcrgshwbr-pro03a,2,48.5011
test-politics-grcrgshwbr-pro04a,0,50.7405
test-politics-grcrgshwbr-pro04a,1,48.2921
test-politics-grcrgshwbr-pro04a,2,48.4228
test-politics-grcrgshwbr-con02a,0,47.9116
test-politics-grcrgshwbr-con02a,1,48.1010
test-politics-grcrgshwbr-con02a,2,49.6279
test-politics-grcrgshwbr-con04a,0,49.2959
test-politics-grcrgshwbr-con04a,1,47.1574
test-politics-grcrgshwbr-con04a,2,47.2342
test-politics-grcrgshwbr-con03a,0,48.1097
test-politics-grcrgshwbr-con03a,1,47.4107
test-politics-grcrgshwbr-con03a,2,63.8601
test-politics-grcrgshwbr-con01a,0,47.4811
test-politics-grcrgshwbr-con01a,1,49.8801
test-politics-grcrgshwbr-con01a,2,48.9409
test-politics-dhwem-pro02a,0,55.1990
test-politics-dhwem-pro02a,1,50.8554
test-politics-dhwem-pro02a,2,48.7081
test-politics-dhwem-pro06a,0,52.6115
test-politics-dhwem-pro06a,1,51.1333
test-politics-dhwem-pro06a,2,49.2574
test-politics-dhwem-pro05a,0,49.8683
test-politics-dhwem-pro05a,1,49.3303
test-politics-dhwem-pro05a,2,49.2923
test-politics-dhwem-pro01a,0,52.1927
test-politics-dhwem-pro01a,1,49.6849
test-politics-dhwem-pro01a,2,49.6959
test-politics-dhwem-pro03a,0,51.8826
test-politics-dhwem-pro03a,1,47.6753
test-politics-dhwem-pro03a,2,48.4208
test-politics-dhwem-pro04a,0,49.3668
test-politics-dhwem-pro04a,1,50.2587
test-politics-dhwem-pro04a,2,48.3798
test-politics-dhwem-con02a,0,47.9115
test-politics-dhwem-con02a,1,48.7554
test-politics-dhwem-con02a,2,49.6911
test-politics-dhwem-con04a,0,48.6186
test-politics-dhwem-con04a,1,50.0760
test-politics-dhwem-con04a,2,52.0278
test-politics-dhwem-con03a,0,49.0975
test-politics-dhwem-con03a,1,48.8508
test-politics-dhwem-con03a,2,139.5115
test-politics-dhwem-con01a,0,48.8264
test-politics-dhwem-con01a,1,48.1726
test-politics-dhwem-con01a,2,49.1037
test-politics-eppghwlrba-pro02a,0,51.4020
test-politics-eppghwlrba-pro02a,1,48.5273
test-politics-eppghwlrba-pro02a,2,49.5437
test-politics-eppghwlrba-pro01a,0,50.1535
test-politics-eppghwlrba-pro01a,1,53.2829
test-politics-eppghwlrba-pro01a,2,56.0244
test-politics-eppghwlrba-pro03a,0,49.2940
test-politics-eppghwlrba-pro03a,1,47.6841
test-politics-eppghwlrba-pro03a,2,58.9599
test-politics-eppghwlrba-pro04a,0,50.1609
test-politics-eppghwlrba-pro04a,1,50.7425
test-politics-eppghwlrba-pro04a,2,52.3263
test-politics-eppghwlrba-con02a,0,54.0865
test-politics-eppghwlrba-con02a,1,48.1392
test-politics-eppghwlrba-con02a,2,61.3198
test-politics-eppghwlrba-con04a,0,48.6708
test-politics-eppghwlrba-con04a,1,47.7135
test-politics-eppghwlrba-con04a,2,47.9631
test-politics-eppghwlrba-con03a,0,49.4626
test-politics-eppghwlrba-con03a,1,47.7103
test-politics-eppghwlrba-con03a,2,47.2306
test-politics-eppghwlrba-con01a,0,48.9053
test-politics-eppghwlrba-con01a,1,48.5330
test-politics-eppghwlrba-con01a,2,66.2884
test-politics-eppghwgpi-pro02a,0,49.3105
test-politics-eppghwgpi-pro02a,1,49.9279
test-politics-eppghwgpi-pro02a,2,50.9596
test-politics-eppghwgpi-pro05a,0,48.5055
test-politics-eppghwgpi-pro05a,1,50.4210
test-politics-eppghwgpi-pro05a,2,93.5204
test-politics-eppghwgpi-pro01a,0,52.2144
test-politics-eppghwgpi-pro01a,1,48.7897
test-politics-eppghwgpi-pro01a,2,50.5700
test-politics-eppghwgpi-pro03a,0,50.8509
test-politics-eppghwgpi-pro03a,1,49.6423
test-politics-eppghwgpi-pro03a,2,49.2319
test-politics-eppghwgpi-pro04a,0,54.3186
test-politics-eppghwgpi-pro04a,1,48.7358
test-politics-eppghwgpi-pro04a,2,50.2797
test-politics-eppghwgpi-con02a,0,49.7389
test-politics-eppghwgpi-con02a,1,48.7995
test-politics-eppghwgpi-con02a,2,54.8709
test-politics-eppghwgpi-con05a,0,54.5095
test-politics-eppghwgpi-con05a,1,54.4165
test-politics-eppghwgpi-con05a,2,49.4043
test-politics-eppghwgpi-con04a,0,50.9924
test-politics-eppghwgpi-con04a,1,52.5161
test-politics-eppghwgpi-con04a,2,50.3473
test-politics-eppghwgpi-con03a,0,138.7134
test-politics-eppghwgpi-con03a,1,48.1286
test-politics-eppghwgpi-con03a,2,56.5305
test-politics-eppghwgpi-con01a,0,49.8391
test-politics-eppghwgpi-con01a,1,48.7973
test-politics-eppghwgpi-con01a,2,48.7607
test-politics-glgvhbqssc-pro02a,0,52.5821
test-politics-glgvhbqssc-pro02a,1,48.7251
test-politics-glgvhbqssc-pro02a,2,48.0048
test-politics-glgvhbqssc-pro01a,0,55.4304
test-politics-glgvhbqssc-pro01a,1,48.1035
test-politics-glgvhbqssc-pro01a,2,49.3258
test-politics-glgvhbqssc-pro03a,0,53.4249
test-politics-glgvhbqssc-pro03a,1,50.0741
test-politics-glgvhbqssc-pro03a,2,49.8132
test-politics-glgvhbqssc-con02a,0,54.5671
test-politics-glgvhbqssc-con02a,1,47.9814
test-politics-glgvhbqssc-con02a,2,49.6883
test-politics-glgvhbqssc-con01a,0,50.3091
test-politics-glgvhbqssc-con01a,1,48.1668
test-politics-glgvhbqssc-con01a,2,49.0259
test-politics-gvhwhnerse-pro02a,0,50.5739
test-politics-gvhwhnerse-pro02a,1,49.7228
test-politics-gvhwhnerse-pro02a,2,55.4559
test-politics-gvhwhnerse-pro01a,0,48.4802
test-politics-gvhwhnerse-pro01a,1,50.2366
test-politics-gvhwhnerse-pro01a,2,48.8481
test-politics-gvhwhnerse-pro03a,0,50.5962
test-politics-gvhwhnerse-pro03a,1,50.2100
test-politics-gvhwhnerse-pro03a,2,48.8061
test-politics-gvhwhnerse-pro04a,0,49.4826
test-politics-gvhwhnerse-pro04a,1,48.6979
test-politics-gvhwhnerse-pro04a,2,49.6084
test-politics-gvhwhnerse-con02a,0,47.6418
test-politics-gvhwhnerse-con02a,1,49.2837
test-politics-gvhwhnerse-con02a,2,47.6787
test-politics-gvhwhnerse-con04a,0,49.3645
test-politics-gvhwhnerse-con04a,1,48.3313
test-politics-gvhwhnerse-con04a,2,137.7422
test-politics-gvhwhnerse-con03a,0,50.9916
test-politics-gvhwhnerse-con03a,1,49.2041
test-politics-gvhwhnerse-con03a,2,49.4386
test-politics-gvhwhnerse-con01a,0,49.9112
test-politics-gvhwhnerse-con01a,1,50.1805
test-politics-gvhwhnerse-con01a,2,49.5645
test-politics-lghwdecm-pro02a,0,51.0995
test-politics-lghwdecm-pro02a,1,48.1277
test-politics-lghwdecm-pro02a,2,50.5584
test-politics-lghwdecm-pro01a,0,47.2054
test-politics-lghwdecm-pro01a,1,49.5061
test-politics-lghwdecm-pro01a,2,50.7489
test-politics-lghwdecm-pro03a,0,49.5265
test-politics-lghwdecm-pro03a,1,49.7450
test-politics-lghwdecm-pro03a,2,49.4191
test-politics-lghwdecm-pro04a,0,48.8284
test-politics-lghwdecm-pro04a,1,49.2284
test-politics-lghwdecm-pro04a,2,49.4896
test-politics-lghwdecm-con02a,0,48.5101
test-politics-lghwdecm-con02a,1,48.1700
test-politics-lghwdecm-con02a,2,50.6790
test-politics-lghwdecm-con04a,0,49.3348
test-politics-lghwdecm-con04a,1,48.8678
test-politics-lghwdecm-con04a,2,49.8440
test-politics-lghwdecm-con03a,0,48.3757
test-politics-lghwdecm-con03a,1,49.0924
test-politics-lghwdecm-con03a,2,53.4221
test-politics-lghwdecm-con01a,0,48.7449
test-politics-lghwdecm-con01a,1,47.4296
test-politics-lghwdecm-con01a,2,48.4857
test-politics-ypppdghwid-pro02a,0,49.7451
test-politics-ypppdghwid-pro02a,1,48.9251
test-politics-ypppdghwid-pro02a,2,49.6848
test-politics-ypppdghwid-pro01a,0,48.6816
test-politics-ypppdghwid-pro01a,1,51.4922
test-politics-ypppdghwid-pro01a,2,51.3083
test-politics-ypppdghwid-pro03a,0,54.9294
test-politics-ypppdghwid-pro03a,1,49.1191
test-politics-ypppdghwid-pro03a,2,51.4804
test-politics-ypppdghwid-pro04a,0,58.2100
test-politics-ypppdghwid-pro04a,1,51.1289
test-politics-ypppdghwid-pro04a,2,50.1099
test-politics-ypppdghwid-con02a,0,58.6048
test-politics-ypppdghwid-con02a,1,52.1244
test-politics-ypppdghwid-con02a,2,50.6123
test-politics-ypppdghwid-con05a,0,51.8679
test-politics-ypppdghwid-con05a,1,48.2892
test-politics-ypppdghwid-con05a,2,48.1148
test-politics-ypppdghwid-con04a,0,52.9788
test-politics-ypppdghwid-con04a,1,128.1321
test-politics-ypppdghwid-con04a,2,49.3899
test-politics-ypppdghwid-con03a,0,48.4242
test-politics-ypppdghwid-con03a,1,48.4817
test-politics-ypppdghwid-con03a,2,49.2474
test-politics-ypppdghwid-con01a,0,141.4242
test-politics-ypppdghwid-con01a,1,56.9441
test-politics-ypppdghwid-con01a,2,48.8883
test-politics-gvhbhlsbr-pro02a,0,50.7008
test-politics-gvhbhlsbr-pro02a,1,56.5135
test-politics-gvhbhlsbr-pro02a,2,52.1837
test-politics-gvhbhlsbr-pro01a,0,50.6579
test-politics-gvhbhlsbr-pro01a,1,53.2040
test-politics-gvhbhlsbr-pro01a,2,48.1859
test-politics-gvhbhlsbr-pro03a,0,49.7092
test-politics-gvhbhlsbr-pro03a,1,54.5918
test-politics-gvhbhlsbr-pro03a,2,47.6733
test-politics-gvhbhlsbr-pro04a,0,51.4299
test-politics-gvhbhlsbr-pro04a,1,55.0390
test-politics-gvhbhlsbr-pro04a,2,50.9322
test-politics-gvhbhlsbr-con02a,0,52.5754
test-politics-gvhbhlsbr-con02a,1,47.8347
test-politics-gvhbhlsbr-con02a,2,49.6122
test-politics-gvhbhlsbr-con04a,0,50.0219
test-politics-gvhbhlsbr-con04a,1,48.0449
test-politics-gvhbhlsbr-con04a,2,51.1941
test-politics-gvhbhlsbr-con03a,0,50.9100
test-politics-gvhbhlsbr-con03a,1,49.9236
test-politics-gvhbhlsbr-con03a,2,57.7122
test-politics-gvhbhlsbr-con01a,0,49.0891
test-politics-gvhbhlsbr-con01a,1,47.2700
test-politics-gvhbhlsbr-con01a,2,49.3707
test-politics-cdmaggpdgdf-pro02a,0,51.2579
test-politics-cdmaggpdgdf-pro02a,1,50.4704
test-politics-cdmaggpdgdf-pro02a,2,50.8165
test-politics-cdmaggpdgdf-pro05a,0,50.8970
test-politics-cdmaggpdgdf-pro05a,1,49.5360
test-politics-cdmaggpdgdf-pro05a,2,54.6531
test-politics-cdmaggpdgdf-pro01a,0,50.0187
test-politics-cdmaggpdgdf-pro01a,1,48.4348
test-politics-cdmaggpdgdf-pro01a,2,49.1902
test-politics-cdmaggpdgdf-pro03a,0,50.8032
test-politics-cdmaggpdgdf-pro03a,1,49.7638
test-politics-cdmaggpdgdf-pro03a,2,48.5930
test-politics-cdmaggpdgdf-pro04a,0,50.8707
test-politics-cdmaggpdgdf-pro04a,1,49.1264
test-politics-cdmaggpdgdf-pro04a,2,49.3552
test-politics-cdmaggpdgdf-con02a,0,50.7075
test-politics-cdmaggpdgdf-con02a,1,49.4493
test-politics-cdmaggpdgdf-con02a,2,49.6599
test-politics-cdmaggpdgdf-con05a,0,49.9054
test-politics-cdmaggpdgdf-con05a,1,47.8680
test-politics-cdmaggpdgdf-con05a,2,47.9084
test-politics-cdmaggpdgdf-con04a,0,50.7129
test-politics-cdmaggpdgdf-con04a,1,49.6861
test-politics-cdmaggpdgdf-con04a,2,49.2242
test-politics-cdmaggpdgdf-con03a,0,49.8560
test-politics-cdmaggpdgdf-con03a,1,50.1879
test-politics-cdmaggpdgdf-con03a,2,47.9148
test-politics-cdmaggpdgdf-con01a,0,49.8559
test-politics-cdmaggpdgdf-con01a,1,50.2076
test-politics-cdmaggpdgdf-con01a,2,48.5217
test-politics-oepdlhfcefp-pro02a,0,49.0913
test-politics-oepdlhfcefp-pro02a,1,57.1152
test-politics-oepdlhfcefp-pro02a,2,49.6939
test-politics-oepdlhfcefp-pro01a,0,49.4607
test-politics-oepdlhfcefp-pro01a,1,57.8455
test-politics-oepdlhfcefp-pro01a,2,48.2815
test-politics-oepdlhfcefp-pro03a,0,50.5920
test-politics-oepdlhfcefp-pro03a,1,65.9200
test-politics-oepdlhfcefp-pro03a,2,48.5742
test-politics-oepdlhfcefp-pro04a,0,49.7674
test-politics-oepdlhfcefp-pro04a,1,56.1075
test-politics-oepdlhfcefp-pro04a,2,47.4602
test-politics-oepdlhfcefp-con02a,0,50.6329
test-politics-oepdlhfcefp-con02a,1,51.6257
test-politics-oepdlhfcefp-con02a,2,47.4197
test-politics-oepdlhfcefp-con03a,0,49.7271
test-politics-oepdlhfcefp-con03a,1,51.2159
test-politics-oepdlhfcefp-con03a,2,48.0714
test-politics-oepdlhfcefp-con01a,0,49.6165
test-politics-oepdlhfcefp-con01a,1,52.8450
test-politics-oepdlhfcefp-con01a,2,47.6424
test-politics-glghssi-pro02a,0,50.1223
test-politics-glghssi-pro02a,1,52.0902
test-politics-glghssi-pro02a,2,49.1568
test-politics-glghssi-pro01a,0,49.2949
test-politics-glghssi-pro01a,1,51.0467
test-politics-glghssi-pro01a,2,48.8924
test-politics-glghssi-pro03a,0,50.4077
test-politics-glghssi-pro03a,1,54.2903
test-politics-glghssi-pro03a,2,48.8018
test-politics-glghssi-con02a,0,50.5822
test-politics-glghssi-con02a,1,149.7344
test-politics-glghssi-con02a,2,48.7188
test-politics-glghssi-con03a,0,51.1678
test-politics-glghssi-con03a,1,52.5789
test-politics-glghssi-con03a,2,49.5169
test-politics-glghssi-con01a,0,49.3774
test-politics-glghssi-con01a,1,71.1969
test-politics-glghssi-con01a,2,48.5490
test-culture-mmciahbans-pro02a,0,50.6807
test-culture-mmciahbans-pro02a,1,77.1486
test-culture-mmciahbans-pro02a,2,49.1858
test-culture-mmciahbans-pro01a,0,50.1537
test-culture-mmciahbans-pro01a,1,77.3005
test-culture-mmciahbans-pro01a,2,49.6382
test-culture-mmciahbans-pro03a,0,52.8497
test-culture-mmciahbans-pro03a,1,75.0928
test-culture-mmciahbans-pro03a,2,50.3899
test-culture-mmciahbans-con02a,0,50.3887
test-culture-mmciahbans-con02a,1,67.6533
test-culture-mmciahbans-con02a,2,48.8633
test-culture-mmciahbans-con04a,0,50.9738
test-culture-mmciahbans-con04a,1,78.5562
test-culture-mmciahbans-con04a,2,48.4435
test-culture-mmciahbans-con03a,0,52.2173
test-culture-mmciahbans-con03a,1,82.8025
test-culture-mmciahbans-con03a,2,48.0106
test-culture-mmciahbans-con01a,0,50.6902
test-culture-mmciahbans-con01a,1,85.6003
test-culture-mmciahbans-con01a,2,48.7326
test-culture-mthbah-pro02a,0,49.6885
test-culture-mthbah-pro02a,1,72.2568
test-culture-mthbah-pro02a,2,49.3409
test-culture-mthbah-pro05a,0,50.4506
test-culture-mthbah-pro05a,1,160.3520
test-culture-mthbah-pro05a,2,48.5794
test-culture-mthbah-pro01a,0,49.9036
test-culture-mthbah-pro01a,1,73.5646
test-culture-mthbah-pro01a,2,49.0104
test-culture-mthbah-pro03a,0,48.4747
test-culture-mthbah-pro03a,1,65.3566
test-culture-mthbah-pro03a,2,49.3658
test-culture-mthbah-pro04a,0,49.9631
test-culture-mthbah-pro04a,1,70.9084
test-culture-mthbah-pro04a,2,47.2437
test-culture-mthbah-con02a,0,51.6586
test-culture-mthbah-con02a,1,65.5601
test-culture-mthbah-con02a,2,48.8542
test-culture-mthbah-con04a,0,58.4548
test-culture-mthbah-con04a,1,68.2012
test-culture-mthbah-con04a,2,48.0754
test-culture-mthbah-con03a,0,49.8467
test-culture-mthbah-con03a,1,66.8473
test-culture-mthbah-con03a,2,140.6449
test-culture-mthbah-con01a,0,50.3375
test-culture-mthbah-con01a,1,69.1081
test-culture-mthbah-con01a,2,49.5958
test-culture-ahrtsdlgra-pro02a,0,51.1269
test-culture-ahrtsdlgra-pro02a,1,71.8561
test-culture-ahrtsdlgra-pro02a,2,50.1384
test-culture-ahrtsdlgra-pro01a,0,49.6327
test-culture-ahrtsdlgra-pro01a,1,73.1044
test-culture-ahrtsdlgra-pro01a,2,53.5179
test-culture-ahrtsdlgra-pro03a,0,49.6902
test-culture-ahrtsdlgra-pro03a,1,69.2949
test-culture-ahrtsdlgra-pro03a,2,52.3683
test-culture-ahrtsdlgra-con02a,0,50.3864
test-culture-ahrtsdlgra-con02a,1,76.7491
test-culture-ahrtsdlgra-con02a,2,50.0942
test-culture-ahrtsdlgra-con03a,0,50.2678
test-culture-ahrtsdlgra-con03a,1,73.1560
test-culture-ahrtsdlgra-con03a,2,49.2596
test-culture-ahrtsdlgra-con01a,0,49.1135
test-culture-ahrtsdlgra-con01a,1,63.7533
test-culture-ahrtsdlgra-con01a,2,47.8150
test-culture-ascidfakhba-pro02a,0,50.4589
test-culture-ascidfakhba-pro02a,1,69.7619
test-culture-ascidfakhba-pro02a,2,47.4756
test-culture-ascidfakhba-pro01a,0,49.4840
test-culture-ascidfakhba-pro01a,1,68.2719
test-culture-ascidfakhba-pro01a,2,47.7499
test-culture-ascidfakhba-pro03a,0,48.3611
test-culture-ascidfakhba-pro03a,1,67.8056
test-culture-ascidfakhba-pro03a,2,47.2257
test-culture-ascidfakhba-pro04a,0,50.2131
test-culture-ascidfakhba-pro04a,1,71.9155
test-culture-ascidfakhba-pro04a,2,48.8520
test-culture-ascidfakhba-con02a,0,49.2823
test-culture-ascidfakhba-con02a,1,69.8497
test-culture-ascidfakhba-con02a,2,49.5324
test-culture-ascidfakhba-con04a,0,48.8683
test-culture-ascidfakhba-con04a,1,71.1907
test-culture-ascidfakhba-con04a,2,46.9730
test-culture-ascidfakhba-con03a,0,49.0184
test-culture-ascidfakhba-con03a,1,65.7341
test-culture-ascidfakhba-con03a,2,47.4367
test-culture-ascidfakhba-con01a,0,49.5950
test-culture-ascidfakhba-con01a,1,74.0915
test-culture-ascidfakhba-con01a,2,48.3249
test-culture-mmctghwbsa-pro02a,0,49.8587
test-culture-mmctghwbsa-pro02a,1,71.7279
test-culture-mmctghwbsa-pro02a,2,48.0649
test-culture-mmctghwbsa-pro01a,0,48.4108
test-culture-mmctghwbsa-pro01a,1,68.9014
test-culture-mmctghwbsa-pro01a,2,46.9914
test-culture-mmctghwbsa-pro03a,0,142.3226
test-culture-mmctghwbsa-pro03a,1,70.0961
test-culture-mmctghwbsa-pro03a,2,48.1963
test-culture-mmctghwbsa-pro04a,0,54.2162
test-culture-mmctghwbsa-pro04a,1,68.4573
test-culture-mmctghwbsa-pro04a,2,49.0567
test-culture-mmctghwbsa-con02a,0,55.5942
test-culture-mmctghwbsa-con02a,1,73.7460
test-culture-mmctghwbsa-con02a,2,48.5224
test-culture-mmctghwbsa-con04a,0,56.6012
test-culture-mmctghwbsa-con04a,1,63.3707
test-culture-mmctghwbsa-con04a,2,47.8427
test-culture-mmctghwbsa-con03a,0,58.0258
test-culture-mmctghwbsa-con03a,1,66.4109
test-culture-mmctghwbsa-con03a,2,48.6782
test-culture-mmctghwbsa-con01a,0,49.5785
test-culture-mmctghwbsa-con01a,1,69.6005
test-culture-mmctghwbsa-con01a,2,48.2247
test-culture-tlhrilsfhwr-pro02a,0,53.0549
test-culture-tlhrilsfhwr-pro02a,1,83.9772
test-culture-tlhrilsfhwr-pro02a,2,50.2313
test-culture-tlhrilsfhwr-pro01a,0,51.3686
test-culture-tlhrilsfhwr-pro01a,1,75.3161
test-culture-tlhrilsfhwr-pro01a,2,49.4659
test-culture-tlhrilsfhwr-pro03a,0,50.1047
test-culture-tlhrilsfhwr-pro03a,1,71.4719
test-culture-tlhrilsfhwr-pro03a,2,48.7497
test-culture-tlhrilsfhwr-pro04a,0,49.5659
test-culture-tlhrilsfhwr-pro04a,1,162.5705
test-culture-tlhrilsfhwr-pro04a,2,48.6687
test-culture-tlhrilsfhwr-con02a,0,53.0364
test-culture-tlhrilsfhwr-con02a,1,69.6159
test-culture-tlhrilsfhwr-con02a,2,48.4337
test-culture-tlhrilsfhwr-con03a,0,51.6582
test-culture-tlhrilsfhwr-con03a,1,71.0819
test-culture-tlhrilsfhwr-con03a,2,50.4653
test-culture-tlhrilsfhwr-con01a,0,51.1434
test-culture-tlhrilsfhwr-con01a,1,74.6677
test-culture-tlhrilsfhwr-con01a,2,49.4829
test-culture-mmctyshwbcp-pro02a,0,49.2577
test-culture-mmctyshwbcp-pro02a,1,66.7723
test-culture-mmctyshwbcp-pro02a,2,49.6278
test-culture-mmctyshwbcp-pro06a,0,49.9501
test-culture-mmctyshwbcp-pro06a,1,76.6574
test-culture-mmctyshwbcp-pro06a,2,48.5266
test-culture-mmctyshwbcp-pro05a,0,51.2607
test-culture-mmctyshwbcp-pro05a,1,63.8641
test-culture-mmctyshwbcp-pro05a,2,129.5958
test-culture-mmctyshwbcp-pro01a,0,49.6589
test-culture-mmctyshwbcp-pro01a,1,55.5294
test-culture-mmctyshwbcp-pro01a,2,48.0130
test-culture-mmctyshwbcp-pro03a,0,48.4338
test-culture-mmctyshwbcp-pro03a,1,55.8477
test-culture-mmctyshwbcp-pro03a,2,48.5160
test-culture-mmctyshwbcp-pro04a,0,49.0484
test-culture-mmctyshwbcp-pro04a,1,53.2141
test-culture-mmctyshwbcp-pro04a,2,47.1388
test-culture-mmctyshwbcp-con02a,0,48.8861
test-culture-mmctyshwbcp-con02a,1,60.7621
test-culture-mmctyshwbcp-con02a,2,48.2096
test-culture-mmctyshwbcp-con03a,0,52.8598
test-culture-mmctyshwbcp-con03a,1,60.1262
test-culture-mmctyshwbcp-con03a,2,48.3484
test-culture-mmctyshwbcp-con01a,0,49.6942
test-culture-mmctyshwbcp-con01a,1,63.9733
test-culture-mmctyshwbcp-con01a,2,47.7095
test-culture-cgeeghwmeo-pro02a,0,49.7434
test-culture-cgeeghwmeo-pro02a,1,59.2218
test-culture-cgeeghwmeo-pro02a,2,49.4953
test-culture-cgeeghwmeo-pro01a,0,48.5698
test-culture-cgeeghwmeo-pro01a,1,73.9617
test-culture-cgeeghwmeo-pro01a,2,49.3352
test-culture-cgeeghwmeo-pro03a,0,51.9651
test-culture-cgeeghwmeo-pro03a,1,69.0359
test-culture-cgeeghwmeo-pro03a,2,49.5011
test-culture-cgeeghwmeo-pro04a,0,49.2406
test-culture-cgeeghwmeo-pro04a,1,64.8217
test-culture-cgeeghwmeo-pro04a,2,48.1592
test-culture-cgeeghwmeo-con02a,0,50.2690
test-culture-cgeeghwmeo-con02a,1,63.6704
test-culture-cgeeghwmeo-con02a,2,47.7517
test-culture-cgeeghwmeo-con04a,0,50.4294
test-culture-cgeeghwmeo-con04a,1,66.0296
test-culture-cgeeghwmeo-con04a,2,62.1615
test-culture-cgeeghwmeo-con03a,0,49.1376
test-culture-cgeeghwmeo-con03a,1,62.2981
test-culture-cgeeghwmeo-con03a,2,49.0941
test-culture-cgeeghwmeo-con01a,0,48.8721
test-culture-cgeeghwmeo-con01a,1,62.3650
test-culture-cgeeghwmeo-con01a,2,49.4385
test-culture-thbcsbptwhht-pro02a,0,49.7501
test-culture-thbcsbptwhht-pro02a,1,66.6277
test-culture-thbcsbptwhht-pro02a,2,48.0069
test-culture-thbcsbptwhht-pro01a,0,49.4611
test-culture-thbcsbptwhht-pro01a,1,70.2952
test-culture-thbcsbptwhht-pro01a,2,48.9439
test-culture-thbcsbptwhht-pro03a,0,145.6457
test-culture-thbcsbptwhht-pro03a,1,69.7439
test-culture-thbcsbptwhht-pro03a,2,49.2235
test-culture-thbcsbptwhht-pro04a,0,50.1609
test-culture-thbcsbptwhht-pro04a,1,165.6837
test-culture-thbcsbptwhht-pro04a,2,50.0836
test-culture-thbcsbptwhht-con02a,0,57.5313
test-culture-thbcsbptwhht-con02a,1,67.6216
test-culture-thbcsbptwhht-con02a,2,48.6786
test-culture-thbcsbptwhht-con03a,0,49.5456
test-culture-thbcsbptwhht-con03a,1,70.2917
test-culture-thbcsbptwhht-con03a,2,49.2091
test-culture-thbcsbptwhht-con01a,0,50.2747
test-culture-thbcsbptwhht-con01a,1,56.8172
test-culture-thbcsbptwhht-con01a,2,49.3109
test-digital-freedoms-phwnaccpdt-pro02a,0,51.5308
test-digital-freedoms-phwnaccpdt-pro02a,1,49.7290
test-digital-freedoms-phwnaccpdt-pro02a,2,47.5919
test-digital-freedoms-phwnaccpdt-pro01a,0,48.9263
test-digital-freedoms-phwnaccpdt-pro01a,1,55.7801
test-digital-freedoms-phwnaccpdt-pro01a,2,48.0988
test-digital-freedoms-phwnaccpdt-pro03a,0,49.9606
test-digital-freedoms-phwnaccpdt-pro03a,1,50.4749
test-digital-freedoms-phwnaccpdt-pro03a,2,48.0202
test-digital-freedoms-phwnaccpdt-con02a,0,49.5730
test-digital-freedoms-phwnaccpdt-con02a,1,50.0615
test-digital-freedoms-phwnaccpdt-con02a,2,47.9097
test-digital-freedoms-phwnaccpdt-con03a,0,50.3373
test-digital-freedoms-phwnaccpdt-con03a,1,49.5122
test-digital-freedoms-phwnaccpdt-con03a,2,50.5086
test-digital-freedoms-phwnaccpdt-con01a,0,50.1922
test-digital-freedoms-phwnaccpdt-con01a,1,52.1996
test-digital-freedoms-phwnaccpdt-con01a,2,47.8861
test-digital-freedoms-dfiphbgs-pro02a,0,50.3701
test-digital-freedoms-dfiphbgs-pro02a,1,49.8679
test-digital-freedoms-dfiphbgs-pro02a,2,49.7946
test-digital-freedoms-dfiphbgs-pro01a,0,50.4931
test-digital-freedoms-dfiphbgs-pro01a,1,49.2650
test-digital-freedoms-dfiphbgs-pro01a,2,48.7787
test-digital-freedoms-dfiphbgs-pro03a,0,50.6575
test-digital-freedoms-dfiphbgs-pro03a,1,49.3688
test-digital-freedoms-dfiphbgs-pro03a,2,48.0535
test-digital-freedoms-dfiphbgs-con02a,0,51.7268
test-digital-freedoms-dfiphbgs-con02a,1,49.3629
test-digital-freedoms-dfiphbgs-con02a,2,48.0376
test-digital-freedoms-dfiphbgs-con03a,0,49.9554
test-digital-freedoms-dfiphbgs-con03a,1,48.3861
test-digital-freedoms-dfiphbgs-con03a,2,49.1083
test-digital-freedoms-dfiphbgs-con01a,0,50.9098
test-digital-freedoms-dfiphbgs-con01a,1,51.1880
test-digital-freedoms-dfiphbgs-con01a,2,48.8287
test-digital-freedoms-aihwbasmn-pro02a,0,49.7318
test-digital-freedoms-aihwbasmn-pro02a,1,50.1836
test-digital-freedoms-aihwbasmn-pro02a,2,48.7664
test-digital-freedoms-aihwbasmn-pro01a,0,49.1142
test-digital-freedoms-aihwbasmn-pro01a,1,49.9167
test-digital-freedoms-aihwbasmn-pro01a,2,47.9018
test-digital-freedoms-aihwbasmn-pro03a,0,50.6105
test-digital-freedoms-aihwbasmn-pro03a,1,49.0115
test-digital-freedoms-aihwbasmn-pro03a,2,49.4934
test-digital-freedoms-aihwbasmn-pro04a,0,50.0202
test-digital-freedoms-aihwbasmn-pro04a,1,50.4630
test-digital-freedoms-aihwbasmn-pro04a,2,47.2059
test-digital-freedoms-aihwbasmn-con02a,0,48.7842
test-digital-freedoms-aihwbasmn-con02a,1,50.6114
test-digital-freedoms-aihwbasmn-con02a,2,50.1217
test-digital-freedoms-aihwbasmn-con05a,0,49.6145
test-digital-freedoms-aihwbasmn-con05a,1,49.2375
test-digital-freedoms-aihwbasmn-con05a,2,47.1269
test-digital-freedoms-aihwbasmn-con04a,0,51.8896
test-digital-freedoms-aihwbasmn-con04a,1,51.7362
test-digital-freedoms-aihwbasmn-con04a,2,48.8194
test-digital-freedoms-aihwbasmn-con03a,0,50.0972
test-digital-freedoms-aihwbasmn-con03a,1,49.6602
test-digital-freedoms-aihwbasmn-con03a,2,50.4969
test-digital-freedoms-aihwbasmn-con01a,0,51.3867
test-digital-freedoms-aihwbasmn-con01a,1,48.3625
test-digital-freedoms-aihwbasmn-con01a,2,49.3057
test-digital-freedoms-eifpgdff-pro02a,0,54.2760
test-digital-freedoms-eifpgdff-pro02a,1,50.9383
test-digital-freedoms-eifpgdff-pro02a,2,48.8279
test-digital-freedoms-eifpgdff-pro01a,0,51.0598
test-digital-freedoms-eifpgdff-pro01a,1,49.1184
test-digital-freedoms-eifpgdff-pro01a,2,53.1087
test-digital-freedoms-eifpgdff-pro03a,0,50.8114
test-digital-freedoms-eifpgdff-pro03a,1,50.0569
test-digital-freedoms-eifpgdff-pro03a,2,47.6101
test-digital-freedoms-eifpgdff-con02a,0,49.0645
test-digital-freedoms-eifpgdff-con02a,1,53.6751
test-digital-freedoms-eifpgdff-con02a,2,48.8092
test-digital-freedoms-eifpgdff-con03a,0,48.5051
test-digital-freedoms-eifpgdff-con03a,1,53.8062
test-digital-freedoms-eifpgdff-con03a,2,48.9060
test-digital-freedoms-eifpgdff-con01a,0,50.6506
test-digital-freedoms-eifpgdff-con01a,1,52.6389
test-digital-freedoms-eifpgdff-con01a,2,48.2658
test-digital-freedoms-piidfaihbg-pro02a,0,52.2643
test-digital-freedoms-piidfaihbg-pro02a,1,49.5699
test-digital-freedoms-piidfaihbg-pro02a,2,49.2798
test-digital-freedoms-piidfaihbg-pro01a,0,51.7803
test-digital-freedoms-piidfaihbg-pro01a,1,51.2378
test-digital-freedoms-piidfaihbg-pro01a,2,51.2240
test-digital-freedoms-piidfaihbg-pro03a,0,50.7712
test-digital-freedoms-piidfaihbg-pro03a,1,50.5063
test-digital-freedoms-piidfaihbg-pro03a,2,48.9510
test-digital-freedoms-piidfaihbg-con02a,0,50.6083
test-digital-freedoms-piidfaihbg-con02a,1,51.0044
test-digital-freedoms-piidfaihbg-con02a,2,50.9517
test-digital-freedoms-piidfaihbg-con03a,0,50.1992
test-digital-freedoms-piidfaihbg-con03a,1,49.8131
test-digital-freedoms-piidfaihbg-con03a,2,50.7012
test-digital-freedoms-piidfaihbg-con01a,0,50.5278
test-digital-freedoms-piidfaihbg-con01a,1,50.0569
test-digital-freedoms-piidfaihbg-con01a,2,52.9498
test-digital-freedoms-piidfiphwu-pro02a,0,49.5085
test-digital-freedoms-piidfiphwu-pro02a,1,50.1984
test-digital-freedoms-piidfiphwu-pro02a,2,48.3355
test-digital-freedoms-piidfiphwu-pro01a,0,49.8562
test-digital-freedoms-piidfiphwu-pro01a,1,49.8824
test-digital-freedoms-piidfiphwu-pro01a,2,48.2422
test-digital-freedoms-piidfiphwu-pro03a,0,49.2243
test-digital-freedoms-piidfiphwu-pro03a,1,51.8220
test-digital-freedoms-piidfiphwu-pro03a,2,50.5247
test-digital-freedoms-piidfiphwu-con02a,0,48.3950
test-digital-freedoms-piidfiphwu-con02a,1,48.2969
test-digital-freedoms-piidfiphwu-con02a,2,50.9863
test-digital-freedoms-piidfiphwu-con03a,0,50.9184
test-digital-freedoms-piidfiphwu-con03a,1,49.5313
test-digital-freedoms-piidfiphwu-con03a,2,51.2174
test-digital-freedoms-piidfiphwu-con01a,0,48.7475
test-digital-freedoms-piidfiphwu-con01a,1,48.8422
test-digital-freedoms-piidfiphwu-con01a,2,53.4098
test-digital-freedoms-aihbiahr-pro02a,0,49.2072
test-digital-freedoms-aihbiahr-pro02a,1,50.0770
test-digital-freedoms-aihbiahr-pro02a,2,52.7333
test-digital-freedoms-aihbiahr-pro01a,0,47.8028
test-digital-freedoms-aihbiahr-pro01a,1,49.3124
test-digital-freedoms-aihbiahr-pro01a,2,50.6562
test-digital-freedoms-aihbiahr-pro03a,0,47.5220
test-digital-freedoms-aihbiahr-pro03a,1,51.1886
test-digital-freedoms-aihbiahr-pro03a,2,52.3718
test-digital-freedoms-aihbiahr-con02a,0,48.4126
test-digital-freedoms-aihbiahr-con02a,1,50.8974
test-digital-freedoms-aihbiahr-con02a,2,50.2192
test-digital-freedoms-aihbiahr-con04a,0,49.4558
test-digital-freedoms-aihbiahr-con04a,1,49.0514
test-digital-freedoms-aihbiahr-con04a,2,139.6154
test-digital-freedoms-aihbiahr-con03a,0,47.9592
test-digital-freedoms-aihbiahr-con03a,1,48.1808
test-digital-freedoms-aihbiahr-con03a,2,50.0651
test-digital-freedoms-aihbiahr-con01a,0,48.1483
test-digital-freedoms-aihbiahr-con01a,1,48.9685
test-digital-freedoms-aihbiahr-con01a,2,51.9392
test-digital-freedoms-efsappgdfp-pro02a,0,52.1258
test-digital-freedoms-efsappgdfp-pro02a,1,49.8583
test-digital-freedoms-efsappgdfp-pro02a,2,51.1063
test-digital-freedoms-efsappgdfp-pro01a,0,53.4705
test-digital-freedoms-efsappgdfp-pro01a,1,57.4011
test-digital-freedoms-efsappgdfp-pro01a,2,50.6226
test-digital-freedoms-efsappgdfp-pro03a,0,49.5209
test-digital-freedoms-efsappgdfp-pro03a,1,50.0188
test-digital-freedoms-efsappgdfp-pro03a,2,54.2416
test-digital-freedoms-efsappgdfp-pro04a,0,46.9181
test-digital-freedoms-efsappgdfp-pro04a,1,47.8417
test-digital-freedoms-efsappgdfp-pro04a,2,51.0677
test-digital-freedoms-efsappgdfp-con02a,0,47.3349
test-digital-freedoms-efsappgdfp-con02a,1,48.2585
test-digital-freedoms-efsappgdfp-con02a,2,48.9914
test-digital-freedoms-efsappgdfp-con05a,0,48.8850
test-digital-freedoms-efsappgdfp-con05a,1,49.0499
test-digital-freedoms-efsappgdfp-con05a,2,50.0723
test-digital-freedoms-efsappgdfp-con04a,0,50.8585
test-digital-freedoms-efsappgdfp-con04a,1,63.1034
test-digital-freedoms-efsappgdfp-con04a,2,49.9395
test-digital-freedoms-efsappgdfp-con03a,0,59.5907
test-digital-freedoms-efsappgdfp-con03a,1,48.4290
test-digital-freedoms-efsappgdfp-con03a,2,49.9102
test-digital-freedoms-efsappgdfp-con01a,0,48.7690
test-digital-freedoms-efsappgdfp-con01a,1,48.2437
test-digital-freedoms-efsappgdfp-con01a,2,51.1346
test-digital-freedoms-eifdfaihs-pro02a,0,47.7905
test-digital-freedoms-eifdfaihs-pro02a,1,48.0104
test-digital-freedoms-eifdfaihs-pro02a,2,49.2342
test-digital-freedoms-eifdfaihs-pro01a,0,47.5278
test-digital-freedoms-eifdfaihs-pro01a,1,48.5094
test-digital-freedoms-eifdfaihs-pro01a,2,49.1307
test-digital-freedoms-eifdfaihs-pro03a,0,48.7077
test-digital-freedoms-eifdfaihs-pro03a,1,60.3044
test-digital-freedoms-eifdfaihs-pro03a,2,48.4739
test-digital-freedoms-eifdfaihs-con02a,0,50.1367
test-digital-freedoms-eifdfaihs-con02a,1,67.0169
test-digital-freedoms-eifdfaihs-con02a,2,49.5661
test-digital-freedoms-eifdfaihs-con03a,0,130.0214
test-digital-freedoms-eifdfaihs-con03a,1,114.9895
test-digital-freedoms-eifdfaihs-con03a,2,49.0909
test-digital-freedoms-eifdfaihs-con01a,0,47.8319
test-digital-freedoms-eifdfaihs-con01a,1,53.7263
test-digital-freedoms-eifdfaihs-con01a,2,50.3962
test-religion-frghbbgi-pro02a,0,51.3936
test-religion-frghbbgi-pro02a,1,52.9384
test-religion-frghbbgi-pro02a,2,50.4640
test-religion-frghbbgi-pro05a,0,50.3726
test-religion-frghbbgi-pro05a,1,51.6813
test-religion-frghbbgi-pro05a,2,50.2212
test-religion-frghbbgi-pro01a,0,47.4626
test-religion-frghbbgi-pro01a,1,47.5492
test-religion-frghbbgi-pro01a,2,48.6580
test-religion-frghbbgi-pro03a,0,53.1242
test-religion-frghbbgi-pro03a,1,49.7328
test-religion-frghbbgi-pro03a,2,48.2884
test-religion-frghbbgi-pro04a,0,49.0131
test-religion-frghbbgi-pro04a,1,51.9060
test-religion-frghbbgi-pro04a,2,48.4827
test-religion-frghbbgi-con02a,0,48.6019
test-religion-frghbbgi-con02a,1,51.5378
test-religion-frghbbgi-con02a,2,49.9525
test-religion-frghbbgi-con03a,0,46.5553
test-religion-frghbbgi-con03a,1,47.5852
test-religion-frghbbgi-con03a,2,51.3529
test-religion-frghbbgi-con01a,0,46.7916
test-religion-frghbbgi-con01a,1,49.7567
test-religion-frghbbgi-con01a,2,49.0154
test-religion-yercfrggms-pro02a,0,48.2055
test-religion-yercfrggms-pro02a,1,50.8492
test-religion-yercfrggms-pro02a,2,49.4483
test-religion-yercfrggms-pro06a,0,46.9491
test-religion-yercfrggms-pro06a,1,51.4425
test-religion-yercfrggms-pro06a,2,53.5733
test-religion-yercfrggms-pro05a,0,47.4686
test-religion-yercfrggms-pro05a,1,46.3874
test-religion-yercfrggms-pro05a,2,47.6519
test-religion-yercfrggms-pro01a,0,46.6092
test-religion-yercfrggms-pro01a,1,47.7619
test-religion-yercfrggms-pro01a,2,48.4660
test-religion-yercfrggms-pro07a,0,47.4937
test-religion-yercfrggms-pro07a,1,52.5119
test-religion-yercfrggms-pro07a,2,48.3602
test-religion-yercfrggms-pro03a,0,46.2971
test-religion-yercfrggms-pro03a,1,46.3478
test-religion-yercfrggms-pro03a,2,51.0907
test-religion-yercfrggms-pro04a,0,46.0691
test-religion-yercfrggms-pro04a,1,46.3636
test-religion-yercfrggms-pro04a,2,48.5647
test-religion-yercfrggms-con02a,0,48.2062
test-religion-yercfrggms-con02a,1,47.6297
test-religion-yercfrggms-con02a,2,127.4305
test-religion-yercfrggms-con03a,0,46.5121
test-religion-yercfrggms-con03a,1,48.3560
test-religion-yercfrggms-con03a,2,47.7917
test-religion-yercfrggms-con01a,0,47.7011
test-religion-yercfrggms-con01a,1,47.5172
test-religion-yercfrggms-con01a,2,48.1853
test-religion-wcprrgrhbmi-pro02a,0,49.6849
test-religion-wcprrgrhbmi-pro02a,1,48.6136
test-religion-wcprrgrhbmi-pro02a,2,50.4270
test-religion-wcprrgrhbmi-pro01a,0,48.8596
test-religion-wcprrgrhbmi-pro01a,1,52.4225
test-religion-wcprrgrhbmi-pro01a,2,49.8431
test-religion-wcprrgrhbmi-pro03a,0,49.5034
test-religion-wcprrgrhbmi-pro03a,1,51.7336
test-religion-wcprrgrhbmi-pro03a,2,49.3727
test-religion-wcprrgrhbmi-con02a,0,48.5715
test-religion-wcprrgrhbmi-con02a,1,51.4663
test-religion-wcprrgrhbmi-con02a,2,50.2112
test-religion-wcprrgrhbmi-con03a,0,47.0712
test-religion-wcprrgrhbmi-con03a,1,47.7822
test-religion-wcprrgrhbmi-con03a,2,49.8086
test-religion-wcprrgrhbmi-con01a,0,47.7832
test-religion-wcprrgrhbmi-con01a,1,48.5982
test-religion-wcprrgrhbmi-con01a,2,49.1933
test-religion-cmrsgfhbr-pro02a,0,50.5755
test-religion-cmrsgfhbr-pro02a,1,49.9359
test-religion-cmrsgfhbr-pro02a,2,51.5526
test-religion-cmrsgfhbr-pro01a,0,48.3204
test-religion-cmrsgfhbr-pro01a,1,48.1232
test-religion-cmrsgfhbr-pro01a,2,53.0864
test-religion-cmrsgfhbr-pro03a,0,48.3036
test-religion-cmrsgfhbr-pro03a,1,49.4465
test-religion-cmrsgfhbr-pro03a,2,57.2161
test-religion-cmrsgfhbr-con02a,0,48.1118
test-religion-cmrsgfhbr-con02a,1,48.9684
test-religion-cmrsgfhbr-con02a,2,58.2687
test-religion-cmrsgfhbr-con03a,0,47.0958
test-religion-cmrsgfhbr-con03a,1,50.6457
test-religion-cmrsgfhbr-con03a,2,49.2157
test-religion-cmrsgfhbr-con01a,0,47.9237
test-religion-cmrsgfhbr-con01a,1,48.0454
test-religion-cmrsgfhbr-con01a,2,47.7537
test-religion-grcrgshwbr-pro02a,0,49.6249
test-religion-grcrgshwbr-pro02a,1,135.3791
test-religion-grcrgshwbr-pro02a,2,48.8814
test-religion-grcrgshwbr-pro05a,0,137.3826
test-religion-grcrgshwbr-pro05a,1,49.3950
test-religion-grcrgshwbr-pro05a,2,47.9389
test-religion-grcrgshwbr-pro01a,0,49.7877
test-religion-grcrgshwbr-pro01a,1,49.6066
test-religion-grcrgshwbr-pro01a,2,48.8275
test-religion-grcrgshwbr-pro03a,0,47.4159
test-religion-grcrgshwbr-pro03a,1,49.3455
test-religion-grcrgshwbr-pro03a,2,55.1871
test-religion-grcrgshwbr-pro04a,0,50.3894
test-religion-grcrgshwbr-pro04a,1,51.3338
test-religion-grcrgshwbr-pro04a,2,51.6231
test-religion-grcrgshwbr-con02a,0,49.7645
test-religion-grcrgshwbr-con02a,1,47.7018
test-religion-grcrgshwbr-con02a,2,49.3576
test-religion-grcrgshwbr-con04a,0,48.0134
test-religion-grcrgshwbr-con04a,1,48.0107
test-religion-grcrgshwbr-con04a,2,48.4751
test-religion-grcrgshwbr-con03a,0,48.1618
test-religion-grcrgshwbr-con03a,1,49.3470
test-religion-grcrgshwbr-con03a,2,48.4750
test-religion-grcrgshwbr-con01a,0,50.3576
test-religion-grcrgshwbr-con01a,1,50.2989
test-religion-grcrgshwbr-con01a,2,49.2400
test-religion-msgfhwbamec-pro02a,0,48.4830
test-religion-msgfhwbamec-pro02a,1,50.0891
test-religion-msgfhwbamec-pro02a,2,49.4075
test-religion-msgfhwbamec-pro01a,0,48.2838
test-religion-msgfhwbamec-pro01a,1,49.3929
test-religion-msgfhwbamec-pro01a,2,50.7334
test-religion-msgfhwbamec-pro03a,0,49.2318
test-religion-msgfhwbamec-pro03a,1,49.5497
test-religion-msgfhwbamec-pro03a,2,50.6485
test-religion-msgfhwbamec-con02a,0,47.9926
test-religion-msgfhwbamec-con02a,1,49.2392
test-religion-msgfhwbamec-con02a,2,49.2327
test-religion-msgfhwbamec-con03a,0,48.2106
test-religion-msgfhwbamec-con03a,1,48.5243
test-religion-msgfhwbamec-con03a,2,49.0099
test-religion-msgfhwbamec-con01a,0,50.8568
test-religion-msgfhwbamec-con01a,1,51.3008
test-religion-msgfhwbamec-con01a,2,49.2506
test-science-ciidfaihwc-pro02a,0,49.3773
test-science-ciidfaihwc-pro02a,1,49.7778
test-science-ciidfaihwc-pro02a,2,49.7950
test-science-ciidfaihwc-pro01a,0,48.7962
test-science-ciidfaihwc-pro01a,1,47.1843
test-science-ciidfaihwc-pro01a,2,48.5324
test-science-ciidfaihwc-pro03a,0,49.6338
test-science-ciidfaihwc-pro03a,1,47.9801
test-science-ciidfaihwc-pro03a,2,50.6980
test-science-ciidfaihwc-pro04a,0,48.3478
test-science-ciidfaihwc-pro04a,1,48.3111
test-science-ciidfaihwc-pro04a,2,50.5717
test-science-ciidfaihwc-con02a,0,48.3144
test-science-ciidfaihwc-con02a,1,49.9960
test-science-ciidfaihwc-con02a,2,49.4888
test-science-ciidfaihwc-con03a,0,48.9696
test-science-ciidfaihwc-con03a,1,48.6837
test-science-ciidfaihwc-con03a,2,49.4085
test-science-ciidfaihwc-con01a,0,48.9287
test-science-ciidfaihwc-con01a,1,62.4366
test-science-ciidfaihwc-con01a,2,50.8323
test-science-eassgbatj-pro02a,0,47.6501
test-science-eassgbatj-pro02a,1,49.3360
test-science-eassgbatj-pro02a,2,49.1687
test-science-eassgbatj-pro05a,0,48.7322
test-science-eassgbatj-pro05a,1,48.7057
test-science-eassgbatj-pro05a,2,48.7583
test-science-eassgbatj-pro01a,0,50.3657
test-science-eassgbatj-pro01a,1,59.3326
test-science-eassgbatj-pro01a,2,49.0691
test-science-eassgbatj-pro03a,0,47.9969
test-science-eassgbatj-pro03a,1,60.1394
test-science-eassgbatj-pro03a,2,49.7031
test-science-eassgbatj-pro04a,0,50.8841
test-science-eassgbatj-pro04a,1,47.2213
test-science-eassgbatj-pro04a,2,48.6139
test-science-eassgbatj-con02a,0,50.2721
test-science-eassgbatj-con02a,1,54.7770
test-science-eassgbatj-con02a,2,49.1493
test-science-eassgbatj-con05a,0,47.1036
test-science-eassgbatj-con05a,1,47.6343
test-science-eassgbatj-con05a,2,50.7570
test-science-eassgbatj-con04a,0,46.6506
test-science-eassgbatj-con04a,1,46.3801
test-science-eassgbatj-con04a,2,48.2374
test-science-eassgbatj-con03a,0,48.9574
test-science-eassgbatj-con03a,1,48.5486
test-science-eassgbatj-con03a,2,50.2313
test-science-eassgbatj-con01a,0,49.9817
test-science-eassgbatj-con01a,1,48.3456
test-science-eassgbatj-con01a,2,50.2062
test-science-cpisydfphwj-pro02a,0,49.2954
test-science-cpisydfphwj-pro02a,1,52.3181
test-science-cpisydfphwj-pro02a,2,50.5020
test-science-cpisydfphwj-pro01a,0,47.1999
test-science-cpisydfphwj-pro01a,1,50.1445
test-science-cpisydfphwj-pro01a,2,51.7448
test-science-cpisydfphwj-pro03a,0,47.8080
test-science-cpisydfphwj-pro03a,1,48.3287
test-science-cpisydfphwj-pro03a,2,49.1500
test-science-cpisydfphwj-con02a,0,48.1878
test-science-cpisydfphwj-con02a,1,50.8174
test-science-cpisydfphwj-con02a,2,53.9217
test-science-cpisydfphwj-con03a,0,47.9689
test-science-cpisydfphwj-con03a,1,51.7735
test-science-cpisydfphwj-con03a,2,49.1710
test-science-cpisydfphwj-con01a,0,47.2493
test-science-cpisydfphwj-con01a,1,47.5729
test-science-cpisydfphwj-con01a,2,48.7439
test-science-wsihwclscaaw-pro02a,0,48.5067
test-science-wsihwclscaaw-pro02a,1,48.1674
test-science-wsihwclscaaw-pro02a,2,50.5513
test-science-wsihwclscaaw-pro01a,0,49.1195
test-science-wsihwclscaaw-pro01a,1,48.2857
test-science-wsihwclscaaw-pro01a,2,50.9587
test-science-wsihwclscaaw-pro03a,0,49.1953
test-science-wsihwclscaaw-pro03a,1,48.6695
test-science-wsihwclscaaw-pro03a,2,51.6156
test-science-wsihwclscaaw-con02a,0,50.0790
test-science-wsihwclscaaw-con02a,1,49.4712
test-science-wsihwclscaaw-con02a,2,50.3207
test-science-wsihwclscaaw-con03a,0,48.9837
test-science-wsihwclscaaw-con03a,1,49.6844
test-science-wsihwclscaaw-con03a,2,50.0048
test-science-wsihwclscaaw-con01a,0,49.2567
test-science-wsihwclscaaw-con01a,1,48.5933
test-science-wsihwclscaaw-con01a,2,49.5724
test-science-nsihwbtiss-pro02a,0,46.4451
test-science-nsihwbtiss-pro02a,1,47.2346
test-science-nsihwbtiss-pro02a,2,49.4738
test-science-nsihwbtiss-pro01a,0,49.1525
test-science-nsihwbtiss-pro01a,1,47.4213
test-science-nsihwbtiss-pro01a,2,50.8612
test-science-nsihwbtiss-pro03a,0,48.4627
test-science-nsihwbtiss-pro03a,1,49.3422
test-science-nsihwbtiss-pro03a,2,50.5150
test-science-nsihwbtiss-pro04a,0,47.8008
test-science-nsihwbtiss-pro04a,1,47.3962
test-science-nsihwbtiss-pro04a,2,50.8341
test-science-nsihwbtiss-con02a,0,48.0920
test-science-nsihwbtiss-con02a,1,49.6958
test-science-nsihwbtiss-con02a,2,50.3256
test-science-nsihwbtiss-con04a,0,49.4051
test-science-nsihwbtiss-con04a,1,48.1840
test-science-nsihwbtiss-con04a,2,129.2042
test-science-nsihwbtiss-con03a,0,49.2185
test-science-nsihwbtiss-con03a,1,48.4231
test-science-nsihwbtiss-con03a,2,48.0203
test-science-nsihwbtiss-con01a,0,50.0018
test-science-nsihwbtiss-con01a,1,51.2780
test-science-nsihwbtiss-con01a,2,49.0535
test-science-dssghsdmd-pro02a,0,48.3925
test-science-dssghsdmd-pro02a,1,121.6582
test-science-dssghsdmd-pro02a,2,59.6631
test-science-dssghsdmd-pro01a,0,49.6802
test-science-dssghsdmd-pro01a,1,48.6068
test-science-dssghsdmd-pro01a,2,60.0587
test-science-dssghsdmd-pro03a,0,46.9652
test-science-dssghsdmd-pro03a,1,47.4184
test-science-dssghsdmd-pro03a,2,49.3494
test-science-dssghsdmd-pro04a,0,48.9593
test-science-dssghsdmd-pro04a,1,46.9593
test-science-dssghsdmd-pro04a,2,49.4087
test-science-dssghsdmd-con02a,0,49.2222
test-science-dssghsdmd-con02a,1,47.1671
test-science-dssghsdmd-con02a,2,52.4788
test-science-dssghsdmd-con03a,0,48.0001
test-science-dssghsdmd-con03a,1,49.4829
test-science-dssghsdmd-con03a,2,48.6531
test-science-dssghsdmd-con01a,0,49.5130
test-science-dssghsdmd-con01a,1,50.2081
test-science-dssghsdmd-con01a,2,48.6670
test-science-ascidfakhba-pro02a,0,49.4144
test-science-ascidfakhba-pro02a,1,50.1607
test-science-ascidfakhba-pro02a,2,49.3204
test-science-ascidfakhba-pro01a,0,47.7808
test-science-ascidfakhba-pro01a,1,47.6604
test-science-ascidfakhba-pro01a,2,54.6969
test-science-ascidfakhba-pro03a,0,47.0259
test-science-ascidfakhba-pro03a,1,47.1326
test-science-ascidfakhba-pro03a,2,55.5300
test-science-ascidfakhba-pro04a,0,50.8373
test-science-ascidfakhba-pro04a,1,47.6195
test-science-ascidfakhba-pro04a,2,59.2674
test-science-ascidfakhba-con02a,0,49.9208
test-science-ascidfakhba-con02a,1,49.3665
test-science-ascidfakhba-con02a,2,49.9489
test-science-ascidfakhba-con04a,0,48.4054
test-science-ascidfakhba-con04a,1,145.7708
test-science-ascidfakhba-con04a,2,48.6337
test-science-ascidfakhba-con03a,0,51.2732
test-science-ascidfakhba-con03a,1,48.9076
test-science-ascidfakhba-con03a,2,50.0761
test-science-ascidfakhba-con01a,0,50.0365
test-science-ascidfakhba-con01a,1,48.2725
test-science-ascidfakhba-con01a,2,49.8336
test-science-sghwbdgmo-pro02a,0,143.7826
test-science-sghwbdgmo-pro02a,1,48.9912
test-science-sghwbdgmo-pro02a,2,51.4288
test-science-sghwbdgmo-pro01a,0,51.1284
test-science-sghwbdgmo-pro01a,1,65.8364
test-science-sghwbdgmo-pro01a,2,50.3929
test-science-sghwbdgmo-pro03a,0,51.3380
test-science-sghwbdgmo-pro03a,1,52.2081
test-science-sghwbdgmo-pro03a,2,49.5902
test-science-sghwbdgmo-con02a,0,51.9047
test-science-sghwbdgmo-con02a,1,52.7583
test-science-sghwbdgmo-con02a,2,49.9872
test-science-sghwbdgmo-con03a,0,51.3195
test-science-sghwbdgmo-con03a,1,53.1771
test-science-sghwbdgmo-con03a,2,55.2265
test-science-sghwbdgmo-con01a,0,51.7724
test-science-sghwbdgmo-con01a,1,49.5943
test-science-sghwbdgmo-con01a,2,48.5720
test-society-tsmihwurpp-pro02a,0,51.5668
test-society-tsmihwurpp-pro02a,1,52.2681
test-society-tsmihwurpp-pro02a,2,50.8306
test-society-tsmihwurpp-pro01a,0,51.8981
test-society-tsmihwurpp-pro01a,1,56.0140
test-society-tsmihwurpp-pro01a,2,51.1886
test-society-tsmihwurpp-pro03a,0,48.3790
test-society-tsmihwurpp-pro03a,1,48.5840
test-society-tsmihwurpp-pro03a,2,49.7075
test-society-tsmihwurpp-con02a,0,48.5331
test-society-tsmihwurpp-con02a,1,48.9417
test-society-tsmihwurpp-con02a,2,49.8131
test-society-tsmihwurpp-con03a,0,49.5948
test-society-tsmihwurpp-con03a,1,50.0540
test-society-tsmihwurpp-con03a,2,48.4355
test-society-tsmihwurpp-con01a,0,48.9211
test-society-tsmihwurpp-con01a,1,49.5003
test-society-tsmihwurpp-con01a,2,48.8915
test-society-cpisydfphwj-pro02a,0,47.5032
test-society-cpisydfphwj-pro02a,1,47.4773
test-society-cpisydfphwj-pro02a,2,47.2148
test-society-cpisydfphwj-pro01a,0,50.2700
test-society-cpisydfphwj-pro01a,1,46.8872
test-society-cpisydfphwj-pro01a,2,137.6960
test-society-cpisydfphwj-pro03a,0,50.7917
test-society-cpisydfphwj-pro03a,1,51.2347
test-society-cpisydfphwj-pro03a,2,49.7388
test-society-cpisydfphwj-con02a,0,49.8569
test-society-cpisydfphwj-con02a,1,49.1300
test-society-cpisydfphwj-con02a,2,49.7838
test-society-cpisydfphwj-con03a,0,48.8078
test-society-cpisydfphwj-con03a,1,46.9780
test-society-cpisydfphwj-con03a,2,49.0108
test-society-cpisydfphwj-con01a,0,50.9552
test-society-cpisydfphwj-con01a,1,47.0992
test-society-cpisydfphwj-con01a,2,46.6291
test-society-ghbgqeaaems-pro02a,0,50.5615
test-society-ghbgqeaaems-pro02a,1,50.6811
test-society-ghbgqeaaems-pro02a,2,48.7041
test-society-ghbgqeaaems-pro01a,0,48.1797
test-society-ghbgqeaaems-pro01a,1,47.5700
test-society-ghbgqeaaems-pro01a,2,48.4895
test-society-ghbgqeaaems-pro03a,0,47.5664
test-society-ghbgqeaaems-pro03a,1,47.3031
test-society-ghbgqeaaems-pro03a,2,47.0674
test-society-ghbgqeaaems-pro04a,0,48.8569
test-society-ghbgqeaaems-pro04a,1,46.3031
test-society-ghbgqeaaems-pro04a,2,47.6812
test-society-ghbgqeaaems-con02a,0,49.0947
test-society-ghbgqeaaems-con02a,1,47.4128
test-society-ghbgqeaaems-con02a,2,47.8007
test-society-ghbgqeaaems-con03a,0,50.6230
test-society-ghbgqeaaems-con03a,1,47.2957
test-society-ghbgqeaaems-con03a,2,49.1834
test-society-ghbgqeaaems-con01a,0,49.4941
test-society-ghbgqeaaems-con01a,1,50.1517
test-society-ghbgqeaaems-con01a,2,50.1061
test-society-mmcpsgfhbf-pro02a,0,48.9379
test-society-mmcpsgfhbf-pro02a,1,51.2714
test-society-mmcpsgfhbf-pro02a,2,49.9305
test-society-mmcpsgfhbf-pro01a,0,49.6271
test-society-mmcpsgfhbf-pro01a,1,47.8549
test-society-mmcpsgfhbf-pro01a,2,48.5969
test-society-mmcpsgfhbf-pro03a,0,48.1616
test-society-mmcpsgfhbf-pro03a,1,49.3590
test-society-mmcpsgfhbf-pro03a,2,48.1081
test-society-mmcpsgfhbf-pro04a,0,48.8021
test-society-mmcpsgfhbf-pro04a,1,49.0889
test-society-mmcpsgfhbf-pro04a,2,48.5065
test-society-mmcpsgfhbf-con02a,0,47.9536
test-society-mmcpsgfhbf-con02a,1,146.5183
test-society-mmcpsgfhbf-con02a,2,48.0352
test-society-mmcpsgfhbf-con04a,0,48.5382
test-society-mmcpsgfhbf-con04a,1,48.0954
test-society-mmcpsgfhbf-con04a,2,48.2715
test-society-mmcpsgfhbf-con03a,0,49.4675
test-society-mmcpsgfhbf-con03a,1,48.1208
test-society-mmcpsgfhbf-con03a,2,50.8403
test-society-mmcpsgfhbf-con01a,0,137.0956
test-society-mmcpsgfhbf-con01a,1,48.8518
test-society-mmcpsgfhbf-con01a,2,48.7505
test-society-epiasghbf-pro02a,0,51.3651
test-society-epiasghbf-pro02a,1,49.6952
test-society-epiasghbf-pro02a,2,53.3170
test-society-epiasghbf-pro01a,0,48.7540
test-society-epiasghbf-pro01a,1,49.5718
test-society-epiasghbf-pro01a,2,50.4026
test-society-epiasghbf-pro03a,0,55.6458
test-society-epiasghbf-pro03a,1,48.8517
test-society-epiasghbf-pro03a,2,49.4355
test-society-epiasghbf-con02a,0,47.8123
test-society-epiasghbf-con02a,1,62.0267
test-society-epiasghbf-con02a,2,48.6309
test-society-epiasghbf-con04a,0,48.8964
test-society-epiasghbf-con04a,1,48.6152
test-society-epiasghbf-con04a,2,48.0664
test-society-epiasghbf-con03a,0,56.0722
test-society-epiasghbf-con03a,1,47.4010
test-society-epiasghbf-con03a,2,46.6578
test-society-epiasghbf-con01a,0,47.8084
test-society-epiasghbf-con01a,1,46.7176
test-society-epiasghbf-con01a,2,47.8445
test-society-asfhwapg-pro02a,0,48.1846
test-society-asfhwapg-pro02a,1,53.1729
test-society-asfhwapg-pro02a,2,48.6015
test-society-asfhwapg-pro01a,0,47.7373
test-society-asfhwapg-pro01a,1,47.7232
test-society-asfhwapg-pro01a,2,47.0817
test-society-asfhwapg-con02a,0,47.7770
test-society-asfhwapg-con02a,1,47.8135
test-society-asfhwapg-con02a,2,47.0348
test-society-asfhwapg-con04a,0,53.2601
test-society-asfhwapg-con04a,1,47.1859
test-society-asfhwapg-con04a,2,47.2014
test-society-asfhwapg-con03a,0,48.5664
test-society-asfhwapg-con03a,1,48.3455
test-society-asfhwapg-con03a,2,49.4720
test-society-asfhwapg-con01a,0,54.0357
test-society-asfhwapg-con01a,1,47.7275
test-society-asfhwapg-con01a,2,48.2965
test-society-simhbrasnba-pro02a,0,52.5915
test-society-simhbrasnba-pro02a,1,49.3160
test-society-simhbrasnba-pro02a,2,50.0742
test-society-simhbrasnba-pro01a,0,49.6096
test-society-simhbrasnba-pro01a,1,49.0484
test-society-simhbrasnba-pro01a,2,49.0612
test-society-simhbrasnba-pro03a,0,54.2402
test-society-simhbrasnba-pro03a,1,48.4476
test-society-simhbrasnba-pro03a,2,52.3065
test-society-simhbrasnba-con02a,0,51.3730
test-society-simhbrasnba-con02a,1,48.5147
test-society-simhbrasnba-con02a,2,48.4945
test-society-simhbrasnba-con03a,0,50.8221
test-society-simhbrasnba-con03a,1,50.2736
test-society-simhbrasnba-con03a,2,49.2772
test-society-simhbrasnba-con01a,0,50.7196
test-society-simhbrasnba-con01a,1,51.8943
test-society-simhbrasnba-con01a,2,49.4925
test-society-tlhrilsfhwr-pro02a,0,49.3730
test-society-tlhrilsfhwr-pro02a,1,48.9555
test-society-tlhrilsfhwr-pro02a,2,49.4067
test-society-tlhrilsfhwr-pro01a,0,56.2226
test-society-tlhrilsfhwr-pro01a,1,50.4922
test-society-tlhrilsfhwr-pro01a,2,50.0457
test-society-tlhrilsfhwr-pro03a,0,58.3081
test-society-tlhrilsfhwr-pro03a,1,49.0790
test-society-tlhrilsfhwr-pro03a,2,48.5419
test-society-tlhrilsfhwr-pro04a,0,49.0339
test-society-tlhrilsfhwr-pro04a,1,48.5663
test-society-tlhrilsfhwr-pro04a,2,47.9760
test-society-tlhrilsfhwr-con02a,0,49.2122
test-society-tlhrilsfhwr-con02a,1,48.3484
test-society-tlhrilsfhwr-con02a,2,54.4226
test-society-tlhrilsfhwr-con03a,0,49.8418
test-society-tlhrilsfhwr-con03a,1,49.8454
test-society-tlhrilsfhwr-con03a,2,49.5616
test-society-tlhrilsfhwr-con01a,0,52.5064
test-society-tlhrilsfhwr-con01a,1,51.4744
test-society-tlhrilsfhwr-con01a,2,48.8200
test-society-epsihbdns-pro02a,0,49.4421
test-society-epsihbdns-pro02a,1,49.7284
test-society-epsihbdns-pro02a,2,49.2475
test-society-epsihbdns-pro01a,0,50.2717
test-society-epsihbdns-pro01a,1,50.4211
test-society-epsihbdns-pro01a,2,50.4911
test-society-epsihbdns-pro03a,0,58.1765
test-society-epsihbdns-pro03a,1,50.7825
test-society-epsihbdns-pro03a,2,49.8528
test-society-epsihbdns-pro04a,0,51.8445
test-society-epsihbdns-pro04a,1,48.3572
test-society-epsihbdns-pro04a,2,48.8670
test-society-epsihbdns-con02a,0,50.8168
test-society-epsihbdns-con02a,1,52.9393
test-society-epsihbdns-con02a,2,52.1560
test-society-epsihbdns-con04a,0,51.5492
test-society-epsihbdns-con04a,1,52.2729
test-society-epsihbdns-con04a,2,50.0417
test-society-epsihbdns-con03a,0,49.9738
test-society-epsihbdns-con03a,1,50.8232
test-society-epsihbdns-con03a,2,50.5602
test-society-epsihbdns-con01a,0,50.3935
test-society-epsihbdns-con01a,1,52.9407
test-society-epsihbdns-con01a,2,50.0891
