query_id,rep,e2e_ms
test-environment-aeghhgwpe-pro02a,0,487.0272
test-environment-aeghhgwpe-pro02a,1,520.4605
test-environment-aeghhgwpe-pro02a,2,596.2311
test-environment-aeghhgwpe-pro01a,0,521.5068
test-environment-aeghhgwpe-pro01a,1,581.5102
test-environment-aeghhgwpe-pro01a,2,481.4394
test-environment-aeghhgwpe-pro03a,0,504.5390
test-environment-aeghhgwpe-pro03a,1,538.9418
test-environment-aeghhgwpe-pro03a,2,581.3383
test-environment-aeghhgwpe-pro04a,0,498.2565
test-environment-aeghhgwpe-pro04a,1,479.5436
test-environment-aeghhgwpe-pro04a,2,604.8578
test-environment-aeghhgwpe-con02a,0,551.8432
test-environment-aeghhgwpe-con02a,1,536.2762
test-environment-aeghhgwpe-con02a,2,524.6593
test-environment-aeghhgwpe-con03a,0,541.8711
test-environment-aeghhgwpe-con03a,1,537.8399
test-environment-aeghhgwpe-con03a,2,523.2938
test-environment-aeghhgwpe-con01a,0,574.0171
test-environment-aeghhgwpe-con01a,1,528.8194
test-environment-aeghhgwpe-con01a,2,551.7751
test-environment-assgbatj-pro02a,0,534.2531
test-environment-assgbatj-pro02a,1,549.0598
test-environment-assgbatj-pro02a,2,537.4680
test-environment-assgbatj-pro05a,0,559.5403
test-environment-assgbatj-pro05a,1,561.0495
test-environment-assgbatj-pro05a,2,533.3745
test-environment-assgbatj-pro01a,0,501.8183
test-environment-assgbatj-pro01a,1,550.3484
test-environment-assgbatj-pro01a,2,595.8960
test-environment-assgbatj-pro03a,0,512.3834
test-environment-assgbatj-pro03a,1,553.7793
test-environment-assgbatj-pro03a,2,734.8488
test-environment-assgbatj-pro04a,0,525.3755
test-environment-assgbatj-pro04a,1,524.7791
test-environment-assgbatj-pro04a,2,583.1951
test-environment-assgbatj-con02a,0,458.4906
test-environment-assgbatj-con02a,1,504.4513
test-environment-assgbatj-con02a,2,580.3742
test-environment-assgbatj-con05a,0,617.6122
test-environment-assgbatj-con05a,1,522.2321
test-environment-assgbatj-con05a,2,856.5806
test-environment-assgbatj-con04a,0,526.3720
test-environment-assgbatj-con04a,1,518.9271
test-environment-assgbatj-con04a,2,691.9931
test-environment-assgbatj-con03a,0,508.6755
test-environment-assgbatj-con03a,1,505.9730
test-environment-assgbatj-con03a,2,530.8835
test-environment-assgbatj-con01a,0,527.6060
test-environment-assgbatj-con01a,1,503.1027
test-environment-assgbatj-con01a,2,539.5613
test-environment-aiahwagit-pro02a,0,505.8326
test-environment-aiahwagit-pro02a,1,503.2751
test-environment-aiahwagit-pro02a,2,567.6950
test-environment-aiahwagit-pro05a,0,511.1111
test-environment-aiahwagit-pro05a,1,532.6442
test-environment-aiahwagit-pro05a,2,535.5148
test-environment-aiahwagit-pro01a,0,514.8599
test-environment-aiahwagit-pro01a,1,459.9624
test-environment-aiahwagit-pro01a,2,529.5925
test-environment-aiahwagit-pro03a,0,495.7566
test-environment-aiahwagit-pro03a,1,516.6730
test-environment-aiahwagit-pro03a,2,544.5151
test-environment-aiahwagit-pro04a,0,768.7006
test-environment-aiahwagit-pro04a,1,535.2373
test-environment-aiahwagit-pro04a,2,520.6296
test-environment-aiahwagit-con02a,0,1535.0321
test-environment-aiahwagit-con02a,1,504.4053
test-environment-aiahwagit-con02a,2,542.8345
test-environment-aiahwagit-con04a,0,512.8065
test-environment-aiahwagit-con04a,1,509.7822
test-environment-aiahwagit-con04a,2,536.7785
test-environment-aiahwagit-con03a,0,526.9782
test-environment-aiahwagit-con03a,1,531.1537
test-environment-aiahwagit-con03a,2,539.2802
test-environment-aiahwagit-con01a,0,597.0098
test-environment-aiahwagit-con01a,1,566.9366
test-environment-aiahwagit-con01a,2,567.3051
test-environment-ehwsnwu-pro02a,0,827.9438
test-environment-ehwsnwu-pro02a,1,526.5090
test-environment-ehwsnwu-pro02a,2,501.8386
test-environment-ehwsnwu-pro01a,0,522.1209
test-environment-ehwsnwu-pro01a,1,507.7666
test-environment-ehwsnwu-pro01a,2,523.0037
test-environment-ehwsnwu-con02a,0,585.5538
test-environment-ehwsnwu-con02a,1,482.9640
test-environment-ehwsnwu-con02a,2,519.9940
test-environment-ehwsnwu-con03a,0,3739.3347
test-environment-ehwsnwu-con03a,1,505.9724
test-environment-ehwsnwu-con03a,2,568.1227
test-environment-ehwsnwu-con01a,0,552.7629
test-environment-ehwsnwu-con01a,1,547.3494
test-environment-ehwsnwu-con01a,2,523.1555
test-environment-chbwtlgcc-pro02a,0,540.5811
test-environment-chbwtlgcc-pro02a,1,507.8384
test-environment-chbwtlgcc-pro02a,2,593.9797
test-environment-chbwtlgcc-pro01a,0,765.4046
test-environment-chbwtlgcc-pro01a,1,516.3383
test-environment-chbwtlgcc-pro01a,2,690.3761
test-environment-chbwtlgcc-pro03a,0,485.8434
test-environment-chbwtlgcc-pro03a,1,499.8628
test-environment-chbwtlgcc-pro03a,2,568.2694
test-environment-chbwtlgcc-pro04a,0,491.5232
test-environment-chbwtlgcc-pro04a,1,538.8330
test-environment-chbwtlgcc-pro04a,2,567.8473
test-environment-chbwtlgcc-con02a,0,514.6757
test-environment-chbwtlgcc-con02a,1,507.6128
test-environment-chbwtlgcc-con02a,2,559.5919
test-environment-chbwtlgcc-con03a,0,534.6505
test-environment-chbwtlgcc-con03a,1,473.7168
test-environment-chbwtlgcc-con03a,2,537.3983
test-environment-chbwtlgcc-con01a,0,520.3583
test-environment-chbwtlgcc-con01a,1,480.8001
test-environment-chbwtlgcc-con01a,2,529.0465
test-environment-opecewiahw-pro02a,0,503.0547
test-environment-opecewiahw-pro02a,1,545.3622
test-environment-opecewiahw-pro02a,2,523.9036
test-environment-opecewiahw-pro01a,0,519.2932
test-environment-opecewiahw-pro01a,1,495.1527
test-environment-opecewiahw-pro01a,2,556.2031
test-environment-opecewiahw-pro03a,0,487.5379
test-environment-opecewiahw-pro03a,1,592.6894
test-environment-opecewiahw-pro03a,2,555.1828
test-environment-opecewiahw-pro04a,0,514.2994
test-environment-opecewiahw-pro04a,1,480.8847
test-environment-opecewiahw-pro04a,2,538.8532
test-environment-opecewiahw-con02a,0,521.0718
test-environment-opecewiahw-con02a,1,501.1565
test-environment-opecewiahw-con02a,2,540.3398
test-environment-opecewiahw-con04a,0,485.3872
test-environment-opecewiahw-con04a,1,522.8422
test-environment-opecewiahw-con04a,2,515.2165
test-environment-opecewiahw-con03a,0,506.4984
test-environment-opecewiahw-con03a,1,495.5251
test-environment-opecewiahw-con03a,2,550.0371
test-environment-opecewiahw-con01a,0,522.8883
test-environment-opecewiahw-con01a,1,557.2877
test-environment-opecewiahw-con01a,2,583.6365
test-health-hdond-pro02a,0,503.5748
test-health-hdond-pro02a,1,515.2556
test-health-hdond-pro02a,2,569.6193
test-health-hdond-pro01a,0,476.6398
test-health-hdond-pro01a,1,548.5341
test-health-hdond-pro01a,2,535.9639
test-health-hdond-pro03a,0,511.1430
test-health-hdond-pro03a,1,574.1453
test-health-hdond-pro03a,2,561.1629
test-health-hdond-pro04a,0,478.1126
test-health-hdond-pro04a,1,813.6666
test-health-hdond-pro04a,2,537.9162
test-health-hdond-con02a,0,513.4979
test-health-hdond-con02a,1,572.8276
test-health-hdond-con02a,2,538.5876
test-health-hdond-con04a,0,453.6009
test-health-hdond-con04a,1,530.9178
test-health-hdond-con04a,2,543.7462
test-health-hdond-con03a,0,492.9929
test-health-hdond-con03a,1,518.7750
test-health-hdond-con03a,2,538.9024
test-health-hdond-con01a,0,510.7520
test-health-hdond-con01a,1,565.1053
test-health-hdond-con01a,2,541.5273
test-health-ppelfhwbpba-pro02a,0,475.2223
test-health-ppelfhwbpba-pro02a,1,563.9226
test-health-ppelfhwbpba-pro02a,2,537.6939
test-health-ppelfhwbpba-pro01a,0,502.4012
test-health-ppelfhwbpba-pro01a,1,549.8970
test-health-ppelfhwbpba-pro01a,2,515.0964
test-health-ppelfhwbpba-pro03a,0,549.4468
test-health-ppelfhwbpba-pro03a,1,510.8329
test-health-ppelfhwbpba-pro03a,2,567.5752
test-health-ppelfhwbpba-pro04a,0,500.5376
test-health-ppelfhwbpba-pro04a,1,527.1711
test-health-ppelfhwbpba-pro04a,2,518.3101
test-health-ppelfhwbpba-con02a,0,465.7773
test-health-ppelfhwbpba-con02a,1,619.9935
test-health-ppelfhwbpba-con02a,2,510.8007
test-health-ppelfhwbpba-con03a,0,496.7841
test-health-ppelfhwbpba-con03a,1,487.9914
test-health-ppelfhwbpba-con03a,2,513.9601
test-health-ppelfhwbpba-con01a,0,498.1995
test-health-ppelfhwbpba-con01a,1,548.7944
test-health-ppelfhwbpba-con01a,2,509.1038
test-health-dhgsshbesbc-pro02a,0,510.0708
test-health-dhgsshbesbc-pro02a,1,493.3164
test-health-dhgsshbesbc-pro02a,2,531.2893
test-health-dhgsshbesbc-pro01a,0,505.3409
test-health-dhgsshbesbc-pro01a,1,460.2430
test-health-dhgsshbesbc-pro01a,2,537.8093
test-health-dhgsshbesbc-pro03a,0,495.1098
test-health-dhgsshbesbc-pro03a,1,476.9774
test-health-dhgsshbesbc-pro03a,2,540.4910
test-health-dhgsshbesbc-pro04a,0,568.0600
test-health-dhgsshbesbc-pro04a,1,504.8115
test-health-dhgsshbesbc-pro04a,2,690.8620
test-health-dhgsshbesbc-con02a,0,470.0559
test-health-dhgsshbesbc-con02a,1,497.3543
test-health-dhgsshbesbc-con02a,2,560.1975
test-health-dhgsshbesbc-con03a,0,475.8263
test-health-dhgsshbesbc-con03a,1,505.7332
test-health-dhgsshbesbc-con03a,2,833.0646
test-health-dhgsshbesbc-con01a,0,466.5666
test-health-dhgsshbesbc-con01a,1,485.7831
test-health-dhgsshbesbc-con01a,2,515.0581
test-health-dhiacihwph-pro02a,0,503.3905
test-health-dhiacihwph-pro02a,1,511.9850
test-health-dhiacihwph-pro02a,2,522.7832
test-health-dhiacihwph-pro01a,0,549.8198
test-health-dhiacihwph-pro01a,1,1569.4305
test-health-dhiacihwph-pro01a,2,530.0573
test-health-dhiacihwph-pro03a,0,498.2471
test-health-dhiacihwph-pro03a,1,471.2199
test-health-dhiacihwph-pro03a,2,526.5454
test-health-dhiacihwph-pro04a,0,488.5046
test-health-dhiacihwph-pro04a,1,520.4592
test-health-dhiacihwph-pro04a,2,541.3752
test-health-dhiacihwph-con02a,0,477.1834
test-health-dhiacihwph-con02a,1,503.2100
test-health-dhiacihwph-con02a,2,541.7206
test-health-dhiacihwph-con03a,0,477.5274
test-health-dhiacihwph-con03a,1,501.6037
test-health-dhiacihwph-con03a,2,558.7748
test-health-dhiacihwph-con01a,0,540.5901
test-health-dhiacihwph-con01a,1,562.0920
test-health-dhiacihwph-con01a,2,566.8313
test-health-ahiahbgbsp-pro02a,0,471.1746
test-health-ahiahbgbsp-pro02a,1,547.7112
test-health-ahiahbgbsp-pro02a,2,600.7844
test-health-ahiahbgbsp-pro05a,0,490.7982
test-health-ahiahbgbsp-pro05a,1,483.0898
test-health-ahiahbgbsp-pro05a,2,545.2455
test-health-ahiahbgbsp-pro01a,0,505.8715
test-health-ahiahbgbsp-pro01a,1,615.5281
test-health-ahiahbgbsp-pro01a,2,551.0735
test-health-ahiahbgbsp-pro03a,0,536.1412
test-health-ahiahbgbsp-pro03a,1,584.0012
test-health-ahiahbgbsp-pro03a,2,527.6872
test-health-ahiahbgbsp-pro04a,0,521.2812
test-health-ahiahbgbsp-pro04a,1,557.8532
test-health-ahiahbgbsp-pro04a,2,587.1635
test-health-ahiahbgbsp-con02a,0,582.0289
test-health-ahiahbgbsp-con02a,1,569.5530
test-health-ahiahbgbsp-con02a,2,493.4265
test-health-ahiahbgbsp-con04a,0,509.6391
test-health-ahiahbgbsp-con04a,1,563.1014
test-health-ahiahbgbsp-con04a,2,497.7859
test-health-ahiahbgbsp-con03a,0,526.0349
test-health-ahiahbgbsp-con03a,1,612.5575
test-health-ahiahbgbsp-con03a,2,525.7724
test-health-ahiahbgbsp-con01a,0,495.0976
test-health-ahiahbgbsp-con01a,1,575.0147
test-health-ahiahbgbsp-con01a,2,515.2322
test-health-hgwhwbjfs-pro02a,0,498.8323
test-health-hgwhwbjfs-pro02a,1,566.8436
test-health-hgwhwbjfs-pro02a,2,506.5346
test-health-hgwhwbjfs-pro01a,0,483.7637
test-health-hgwhwbjfs-pro01a,1,582.7354
test-health-hgwhwbjfs-pro01a,2,558.1535
test-health-hgwhwbjfs-pro03a,0,509.0669
test-health-hgwhwbjfs-pro03a,1,557.1852
test-health-hgwhwbjfs-pro03a,2,523.2419
test-health-hgwhwbjfs-con02a,0,474.2083
test-health-hgwhwbjfs-con02a,1,568.2996
test-health-hgwhwbjfs-con02a,2,535.6699
test-health-hgwhwbjfs-con04a,0,541.2961
test-health-hgwhwbjfs-con04a,1,523.7043
test-health-hgwhwbjfs-con04a,2,563.0783
test-health-hgwhwbjfs-con03a,0,568.5060
test-health-hgwhwbjfs-con03a,1,560.3436
test-health-hgwhwbjfs-con03a,2,538.4184
test-health-hgwhwbjfs-con01a,0,582.1693
test-health-hgwhwbjfs-con01a,1,583.2854
test-health-hgwhwbjfs-con01a,2,545.4562
test-health-hpehwadvoee-pro02a,0,554.6330
test-health-hpehwadvoee-pro02a,1,510.4623
test-health-hpehwadvoee-pro02a,2,540.3019
test-health-hpehwadvoee-pro05a,0,546.5884
test-health-hpehwadvoee-pro05a,1,534.6179
test-health-hpehwadvoee-pro05a,2,542.6192
test-health-hpehwadvoee-pro01a,0,788.2510
test-health-hpehwadvoee-pro01a,1,480.7458
test-health-hpehwadvoee-pro01a,2,550.9859
test-health-hpehwadvoee-pro03a,0,561.0755
test-health-hpehwadvoee-pro03a,1,512.5333
test-health-hpehwadvoee-pro03a,2,635.9371
test-health-hpehwadvoee-pro04a,0,590.1623
test-health-hpehwadvoee-pro04a,1,460.1892
test-health-hpehwadvoee-pro04a,2,532.5608
test-health-hpehwadvoee-con02a,0,573.0649
test-health-hpehwadvoee-con02a,1,458.5008
test-health-hpehwadvoee-con02a,2,549.8415
test-health-hpehwadvoee-con05a,0,724.7895
test-health-hpehwadvoee-con05a,1,469.1385
test-health-hpehwadvoee-con05a,2,542.0916
test-health-hpehwadvoee-con04a,0,617.7602
test-health-hpehwadvoee-con04a,1,473.8233
test-health-hpehwadvoee-con04a,2,577.2394
test-health-hpehwadvoee-con03a,0,611.9790
test-health-hpehwadvoee-con03a,1,549.3085
test-health-hpehwadvoee-con03a,2,527.2187
test-health-hpehwadvoee-con01a,0,618.6064
test-health-hpehwadvoee-con01a,1,507.5899
test-health-hpehwadvoee-con01a,2,537.5243
test-health-dhghwapgd-pro02a,0,558.1796
test-health-dhghwapgd-pro02a,1,497.9547
test-health-dhghwapgd-pro02a,2,520.7536
test-health-dhghwapgd-pro05a,0,570.3036
test-health-dhghwapgd-pro05a,1,509.4397
test-health-dhghwapgd-pro05a,2,517.2325
test-health-dhghwapgd-pro01a,0,522.0978
test-health-dhghwapgd-pro01a,1,521.6966
test-health-dhghwapgd-pro01a,2,554.2099
test-health-dhghwapgd-pro03a,0,521.8666
test-health-dhghwapgd-pro03a,1,520.3091
test-health-dhghwapgd-pro03a,2,517.0803
test-health-dhghwapgd-pro04a,0,512.0694
test-health-dhghwapgd-pro04a,1,584.3066
test-health-dhghwapgd-pro04a,2,558.8844
test-health-dhghwapgd-con02a,0,562.2369
test-health-dhghwapgd-con02a,1,563.0663
test-health-dhghwapgd-con02a,2,557.7724
test-health-dhghwapgd-con04a,0,556.9623
test-health-dhghwapgd-con04a,1,528.9818
test-health-dhghwapgd-con04a,2,563.5518
test-health-dhghwapgd-con03a,0,1633.7594
test-health-dhghwapgd-con03a,1,629.2467
test-health-dhghwapgd-con03a,2,647.0777
test-health-dhghwapgd-con01a,0,495.3078
test-health-dhghwapgd-con01a,1,536.6728
test-health-dhghwapgd-con01a,2,526.6314
test-health-dhghhbampt-pro02a,0,562.8884
test-health-dhghhbampt-pro02a,1,571.0808
test-health-dhghhbampt-pro02a,2,535.0220
test-health-dhghhbampt-pro01a,0,529.7682
test-health-dhghhbampt-pro01a,1,528.2784
test-health-dhghhbampt-pro01a,2,524.9709
test-health-dhghhbampt-pro03a,0,519.0133
test-health-dhghhbampt-pro03a,1,594.6193
test-health-dhghhbampt-pro03a,2,540.7070
test-health-dhghhbampt-con02a,0,498.4488
test-health-dhghhbampt-con02a,1,547.0757
test-health-dhghhbampt-con02a,2,528.9012
test-health-dhghhbampt-con03a,0,481.0695
test-health-dhghhbampt-con03a,1,592.1126
test-health-dhghhbampt-con03a,2,548.1845
test-health-dhghhbampt-con01a,0,478.6412
test-health-dhghhbampt-con01a,1,626.9080
test-health-dhghhbampt-con01a,2,546.6891
test-health-dhpelhbass-pro02a,0,537.0623
test-health-dhpelhbass-pro02a,1,635.8177
test-health-dhpelhbass-pro02a,2,530.2946
test-health-dhpelhbass-pro01a,0,562.7047
test-health-dhpelhbass-pro01a,1,589.5595
test-health-dhpelhbass-pro01a,2,560.9642
test-health-dhpelhbass-pro03a,0,487.6161
test-health-dhpelhbass-pro03a,1,580.9766
test-health-dhpelhbass-pro03a,2,595.2329
test-health-dhpelhbass-con02a,0,474.7160
test-health-dhpelhbass-con02a,1,557.7790
test-health-dhpelhbass-con02a,2,589.4972
test-health-dhpelhbass-con04a,0,510.5718
test-health-dhpelhbass-con04a,1,560.5623
test-health-dhpelhbass-con04a,2,628.5930
test-health-dhpelhbass-con03a,0,529.8716
test-health-dhpelhbass-con03a,1,481.3179
test-health-dhpelhbass-con03a,2,615.0931
test-health-dhpelhbass-con01a,0,492.8141
test-health-dhpelhbass-con01a,1,542.3143
test-health-dhpelhbass-con01a,2,642.2846
test-sport-aastshsrqsar-pro02a,0,511.0045
test-sport-aastshsrqsar-pro02a,1,614.2983
test-sport-aastshsrqsar-pro02a,2,599.8970
test-sport-aastshsrqsar-pro01a,0,526.8686
test-sport-aastshsrqsar-pro01a,1,551.4207
test-sport-aastshsrqsar-pro01a,2,602.5234
test-sport-aastshsrqsar-pro03a,0,558.7716
test-sport-aastshsrqsar-pro03a,1,515.1905
test-sport-aastshsrqsar-pro03a,2,542.4788
test-sport-aastshsrqsar-con02a,0,605.1653
test-sport-aastshsrqsar-con02a,1,572.9430
test-sport-aastshsrqsar-con02a,2,553.2780
test-sport-aastshsrqsar-con04a,0,601.0615
test-sport-aastshsrqsar-con04a,1,591.0009
test-sport-aastshsrqsar-con04a,2,589.8315
test-sport-aastshsrqsar-con03a,0,587.7056
test-sport-aastshsrqsar-con03a,1,545.7424
test-sport-aastshsrqsar-con03a,2,562.6202
test-sport-aastshsrqsar-con01a,0,595.9884
test-sport-aastshsrqsar-con01a,1,516.6605
test-sport-aastshsrqsar-con01a,2,569.9534
test-sport-otshwbe2uuyt-pro02a,0,655.7860
test-sport-otshwbe2uuyt-pro02a,1,570.4149
test-sport-otshwbe2uuyt-pro02a,2,986.5116
test-sport-otshwbe2uuyt-pro01a,0,579.3508
test-sport-otshwbe2uuyt-pro01a,1,538.8555
test-sport-otshwbe2uuyt-pro01a,2,559.3382
test-sport-otshwbe2uuyt-pro03a,0,676.2979
test-sport-otshwbe2uuyt-pro03a,1,552.5964
test-sport-otshwbe2uuyt-pro03a,2,545.5706
test-sport-otshwbe2uuyt-con02a,0,600.2568
test-sport-otshwbe2uuyt-con02a,1,482.3864
test-sport-otshwbe2uuyt-con02a,2,563.7883
test-sport-otshwbe2uuyt-con05a,0,590.2214
test-sport-otshwbe2uuyt-con05a,1,883.6736
test-sport-otshwbe2uuyt-con05a,2,601.1373
test-sport-otshwbe2uuyt-con04a,0,617.2756
test-sport-otshwbe2uuyt-con04a,1,521.2888
test-sport-otshwbe2uuyt-con04a,2,538.4380
test-sport-otshwbe2uuyt-con03a,0,566.9407
test-sport-otshwbe2uuyt-con03a,1,551.3658
test-sport-otshwbe2uuyt-con03a,2,586.9901
test-sport-otshwbe2uuyt-con01a,0,9962.2834
test-sport-otshwbe2uuyt-con01a,1,491.6101
test-sport-otshwbe2uuyt-con01a,2,544.8339
test-sport-ybfgsohbhog-pro02a,0,576.6810
test-sport-ybfgsohbhog-pro02a,1,573.9386
test-sport-ybfgsohbhog-pro02a,2,592.6355
test-sport-ybfgsohbhog-pro01a,0,724.3713
test-sport-ybfgsohbhog-pro01a,1,591.3571
test-sport-ybfgsohbhog-pro01a,2,593.8028
test-sport-ybfgsohbhog-pro03a,0,656.1919
test-sport-ybfgsohbhog-pro03a,1,572.8152
test-sport-ybfgsohbhog-pro03a,2,609.6617
test-sport-ybfgsohbhog-pro04a,0,629.9922
test-sport-ybfgsohbhog-pro04a,1,555.8052
test-sport-ybfgsohbhog-pro04a,2,557.6768
test-sport-ybfgsohbhog-con02a,0,597.1222
test-sport-ybfgsohbhog-con02a,1,541.7762
test-sport-ybfgsohbhog-con02a,2,553.7263
test-sport-ybfgsohbhog-con03a,0,568.4640
test-sport-ybfgsohbhog-con03a,1,591.8577
test-sport-ybfgsohbhog-con03a,2,543.7856
test-sport-ybfgsohbhog-con01a,0,590.4219
test-sport-ybfgsohbhog-con01a,1,481.2041
test-sport-ybfgsohbhog-con01a,2,558.3544
test-sport-tshbmlbscac-pro02a,0,621.5878
test-sport-tshbmlbscac-pro02a,1,524.7002
test-sport-tshbmlbscac-pro02a,2,598.3037
test-sport-tshbmlbscac-pro01a,0,554.0479
test-sport-tshbmlbscac-pro01a,1,569.1662
test-sport-tshbmlbscac-pro01a,2,553.3624
test-sport-tshbmlbscac-pro03a,0,578.5060
test-sport-tshbmlbscac-pro03a,1,542.3121
test-sport-tshbmlbscac-pro03a,2,538.6101
test-sport-tshbmlbscac-pro04a,0,574.6750
test-sport-tshbmlbscac-pro04a,1,550.2498
test-sport-tshbmlbscac-pro04a,2,574.8558
test-sport-tshbmlbscac-con02a,0,536.4426
test-sport-tshbmlbscac-con02a,1,603.5516
test-sport-tshbmlbscac-con02a,2,552.9873
test-sport-tshbmlbscac-con04a,0,545.7408
test-sport-tshbmlbscac-con04a,1,554.3129
test-sport-tshbmlbscac-con04a,2,547.9348
test-sport-tshbmlbscac-con03a,0,545.1951
test-sport-tshbmlbscac-con03a,1,639.5130
test-sport-tshbmlbscac-con03a,2,527.8613
test-sport-tshbmlbscac-con01a,0,499.7180
test-sport-tshbmlbscac-con01a,1,575.6619
test-sport-tshbmlbscac-con01a,2,585.2339
test-free-speech-debate-magghbcrg-pro02a,0,524.8018
test-free-speech-debate-magghbcrg-pro02a,1,598.5229
test-free-speech-debate-magghbcrg-pro02a,2,562.8964
test-free-speech-debate-magghbcrg-pro01a,0,503.2542
test-free-speech-debate-magghbcrg-pro01a,1,576.3740
test-free-speech-debate-magghbcrg-pro01a,2,547.7840
test-free-speech-debate-magghbcrg-pro03a,0,550.6106
test-free-speech-debate-magghbcrg-pro03a,1,567.3760
test-free-speech-debate-magghbcrg-pro03a,2,590.4010
test-free-speech-debate-magghbcrg-con02a,0,573.5458
test-free-speech-debate-magghbcrg-con02a,1,573.7986
test-free-speech-debate-magghbcrg-con02a,2,556.9816
test-free-speech-debate-magghbcrg-con03a,0,509.5099
test-free-speech-debate-magghbcrg-con03a,1,551.4056
test-free-speech-debate-magghbcrg-con03a,2,584.2293
test-free-speech-debate-magghbcrg-con01a,0,579.0513
test-free-speech-debate-magghbcrg-con01a,1,578.7501
test-free-speech-debate-magghbcrg-con01a,2,558.3316
test-free-speech-debate-nshbbsbfb-pro02a,0,768.7168
test-free-speech-debate-nshbbsbfb-pro02a,1,684.8890
test-free-speech-debate-nshbbsbfb-pro02a,2,561.2742
test-free-speech-debate-nshbbsbfb-pro01a,0,553.0067
test-free-speech-debate-nshbbsbfb-pro01a,1,554.3571
test-free-speech-debate-nshbbsbfb-pro01a,2,873.6495
test-free-speech-debate-nshbbsbfb-pro03a,0,564.1980
test-free-speech-debate-nshbbsbfb-pro03a,1,546.3418
test-free-speech-debate-nshbbsbfb-pro03a,2,544.1361
test-free-speech-debate-nshbbsbfb-pro04a,0,596.1792
test-free-speech-debate-nshbbsbfb-pro04a,1,604.9988
test-free-speech-debate-nshbbsbfb-pro04a,2,661.5494
test-free-speech-debate-nshbbsbfb-con02a,0,562.4507
test-free-speech-debate-nshbbsbfb-con02a,1,520.6488
test-free-speech-debate-nshbbsbfb-con02a,2,547.2875
test-free-speech-debate-nshbbsbfb-con03a,0,626.2760
test-free-speech-debate-nshbbsbfb-con03a,1,582.4781
test-free-speech-debate-nshbbsbfb-con03a,2,545.6285
test-free-speech-debate-nshbbsbfb-con01a,0,571.6949
test-free-speech-debate-nshbbsbfb-con01a,1,618.9729
test-free-speech-debate-nshbbsbfb-con01a,2,562.1476
test-free-speech-debate-fsaphgiap-pro02a,0,714.0698
test-free-speech-debate-fsaphgiap-pro02a,1,529.1274
test-free-speech-debate-fsaphgiap-pro02a,2,553.2479
test-free-speech-debate-fsaphgiap-pro01a,0,1629.3853
test-free-speech-debate-fsaphgiap-pro01a,1,560.9064
test-free-speech-debate-fsaphgiap-pro01a,2,530.1578
test-free-speech-debate-fsaphgiap-pro03a,0,594.4072
test-free-speech-debate-fsaphgiap-pro03a,1,589.9254
test-free-speech-debate-fsaphgiap-pro03a,2,533.6672
test-free-speech-debate-fsaphgiap-pro04a,0,573.1140
test-free-speech-debate-fsaphgiap-pro04a,1,572.8116
test-free-speech-debate-fsaphgiap-pro04a,2,553.6538
test-free-speech-debate-fsaphgiap-con02a,0,584.6344
test-free-speech-debate-fsaphgiap-con02a,1,598.8194
test-free-speech-debate-fsaphgiap-con02a,2,565.1131
test-free-speech-debate-fsaphgiap-con04a,0,565.9419
test-free-speech-debate-fsaphgiap-con04a,1,571.6611
test-free-speech-debate-fsaphgiap-con04a,2,573.2184
test-free-speech-debate-fsaphgiap-con03a,0,537.3827
test-free-speech-debate-fsaphgiap-con03a,1,634.7023
test-free-speech-debate-fsaphgiap-con03a,2,543.1470
test-free-speech-debate-fsaphgiap-con01a,0,574.2737
test-free-speech-debate-fsaphgiap-con01a,1,576.5027
test-free-speech-debate-fsaphgiap-con01a,2,535.6203
test-free-speech-debate-yfsdfkhbwu-pro02a,0,552.7106
test-free-speech-debate-yfsdfkhbwu-pro02a,1,627.0053
test-free-speech-debate-yfsdfkhbwu-pro02a,2,514.7177
test-free-speech-debate-yfsdfkhbwu-pro01a,0,572.3145
test-free-speech-debate-yfsdfkhbwu-pro01a,1,616.4497
test-free-speech-debate-yfsdfkhbwu-pro01a,2,560.7403
test-free-speech-debate-yfsdfkhbwu-pro03a,0,561.6674
test-free-speech-debate-yfsdfkhbwu-pro03a,1,561.0194
test-free-speech-debate-yfsdfkhbwu-pro03a,2,535.9386
test-free-speech-debate-yfsdfkhbwu-con02a,0,591.4994
test-free-speech-debate-yfsdfkhbwu-con02a,1,618.5277
test-free-speech-debate-yfsdfkhbwu-con02a,2,490.3069
test-free-speech-debate-yfsdfkhbwu-con03a,0,609.4655
test-free-speech-debate-yfsdfkhbwu-con03a,1,488.9027
test-free-speech-debate-yfsdfkhbwu-con03a,2,546.3180
test-free-speech-debate-yfsdfkhbwu-con01a,0,551.1024
test-free-speech-debate-yfsdfkhbwu-con01a,1,524.3871
test-free-speech-debate-yfsdfkhbwu-con01a,2,568.9025
test-free-speech-debate-ldhwbmclg-pro02a,0,695.4190
test-free-speech-debate-ldhwbmclg-pro02a,1,551.8892
test-free-speech-debate-ldhwbmclg-pro02a,2,523.9465
test-free-speech-debate-ldhwbmclg-pro01a,0,828.4959
test-free-speech-debate-ldhwbmclg-pro01a,1,540.5263
test-free-speech-debate-ldhwbmclg-pro01a,2,525.5507
test-free-speech-debate-ldhwbmclg-pro03a,0,579.2788
test-free-speech-debate-ldhwbmclg-pro03a,1,476.4366
test-free-speech-debate-ldhwbmclg-pro03a,2,534.4051
test-free-speech-debate-ldhwbmclg-con02a,0,618.6098
test-free-speech-debate-ldhwbmclg-con02a,1,501.4429
test-free-speech-debate-ldhwbmclg-con02a,2,517.2585
test-free-speech-debate-ldhwbmclg-con03a,0,749.6220
test-free-speech-debate-ldhwbmclg-con03a,1,495.1821
test-free-speech-debate-ldhwbmclg-con03a,2,632.9351
test-free-speech-debate-ldhwbmclg-con01a,0,519.5678
test-free-speech-debate-ldhwbmclg-con01a,1,492.0201
test-free-speech-debate-ldhwbmclg-con01a,2,576.1936
test-free-speech-debate-ldhwprhs-pro02a,0,578.9682
test-free-speech-debate-ldhwprhs-pro02a,1,669.9657
test-free-speech-debate-ldhwprhs-pro02a,2,545.2323
test-free-speech-debate-ldhwprhs-pro01a,0,621.6327
test-free-speech-debate-ldhwprhs-pro01a,1,515.4179
test-free-speech-debate-ldhwprhs-pro01a,2,573.4480
test-free-speech-debate-ldhwprhs-pro03a,0,1423.6694
test-free-speech-debate-ldhwprhs-pro03a,1,525.2507
test-free-speech-debate-ldhwprhs-pro03a,2,579.1052
test-free-speech-debate-ldhwprhs-con02a,0,595.7547
test-free-speech-debate-ldhwprhs-con02a,1,520.1306
test-free-speech-debate-ldhwprhs-con02a,2,623.7194
test-free-speech-debate-ldhwprhs-con03a,0,598.5696
test-free-speech-debate-ldhwprhs-con03a,1,486.7617
test-free-speech-debate-ldhwprhs-con03a,2,578.4135
test-free-speech-debate-ldhwprhs-con01a,0,566.2787
test-free-speech-debate-ldhwprhs-con01a,1,518.5645
test-free-speech-debate-ldhwprhs-con01a,2,578.7621
test-free-speech-debate-radhbsshr-pro02a,0,590.8574
test-free-speech-debate-radhbsshr-pro02a,1,486.4672
test-free-speech-debate-radhbsshr-pro02a,2,624.6871
test-free-speech-debate-radhbsshr-pro01a,0,575.9494
test-free-speech-debate-radhbsshr-pro01a,1,504.6905
test-free-speech-debate-radhbsshr-pro01a,2,589.2635
test-free-speech-debate-radhbsshr-pro03a,0,616.4664
test-free-speech-debate-radhbsshr-pro03a,1,485.8445
test-free-speech-debate-radhbsshr-pro03a,2,575.9432
test-free-speech-debate-radhbsshr-con02a,0,534.5778
test-free-speech-debate-radhbsshr-con02a,1,474.2865
test-free-speech-debate-radhbsshr-con02a,2,564.3118
test-free-speech-debate-radhbsshr-con04a,0,570.8054
test-free-speech-debate-radhbsshr-con04a,1,481.9673
test-free-speech-debate-radhbsshr-con04a,2,525.2796
test-free-speech-debate-radhbsshr-con03a,0,571.1241
test-free-speech-debate-radhbsshr-con03a,1,517.6341
test-free-speech-debate-radhbsshr-con03a,2,539.5130
test-free-speech-debate-radhbsshr-con01a,0,562.1568
test-free-speech-debate-radhbsshr-con01a,1,511.2529
test-free-speech-debate-radhbsshr-con01a,2,554.4685
test-free-speech-debate-fchbjaj-pro02a,0,554.1965
test-free-speech-debate-fchbjaj-pro02a,1,508.2532
test-free-speech-debate-fchbjaj-pro02a,2,573.2550
test-free-speech-debate-fchbjaj-pro01a,0,568.1674
test-free-speech-debate-fchbjaj-pro01a,1,463.8853
test-free-speech-debate-fchbjaj-pro01a,2,541.8505
test-free-speech-debate-fchbjaj-pro03a,0,545.2308
test-free-speech-debate-fchbjaj-pro03a,1,498.8533
test-free-speech-debate-fchbjaj-pro03a,2,550.4289
test-free-speech-debate-fchbjaj-con02a,0,575.1419
test-free-speech-debate-fchbjaj-con02a,1,484.4198
test-free-speech-debate-fchbjaj-con02a,2,526.1870
test-free-speech-debate-fchbjaj-con03a,0,584.8924
test-free-speech-debate-fchbjaj-con03a,1,507.6653
test-free-speech-debate-fchbjaj-con03a,2,577.0512
test-free-speech-debate-fchbjaj-con01a,0,574.7311
test-free-speech-debate-fchbjaj-con01a,1,557.5577
test-free-speech-debate-fchbjaj-con01a,2,546.6524
test-free-speech-debate-nshbcsbawc-pro02a,0,569.9513
test-free-speech-debate-nshbcsbawc-pro02a,1,516.1800
test-free-speech-debate-nshbcsbawc-pro02a,2,528.0884
test-free-speech-debate-nshbcsbawc-pro01a,0,567.6405
test-free-speech-debate-nshbcsbawc-pro01a,1,569.1319
test-free-speech-debate-nshbcsbawc-pro01a,2,530.4175
test-free-speech-debate-nshbcsbawc-pro03a,0,651.4678
test-free-speech-debate-nshbcsbawc-pro03a,1,544.7273
test-free-speech-debate-nshbcsbawc-pro03a,2,565.3675
test-free-speech-debate-nshbcsbawc-pro04a,0,596.0862
test-free-speech-debate-nshbcsbawc-pro04a,1,528.9842
test-free-speech-debate-nshbcsbawc-pro04a,2,539.1216
test-free-speech-debate-nshbcsbawc-con02a,0,971.2232
test-free-speech-debate-nshbcsbawc-con02a,1,547.5088
test-free-speech-debate-nshbcsbawc-con02a,2,559.0690
test-free-speech-debate-nshbcsbawc-con03a,0,564.8975
test-free-speech-debate-nshbcsbawc-con03a,1,547.5530
test-free-speech-debate-nshbcsbawc-con03a,2,570.3836
test-free-speech-debate-nshbcsbawc-con01a,0,668.9797
test-free-speech-debate-nshbcsbawc-con01a,1,510.2647
test-free-speech-debate-nshbcsbawc-con01a,2,569.8533
test-economy-egecegphw-pro02a,0,545.6879
test-economy-egecegphw-pro02a,1,532.9270
test-economy-egecegphw-pro02a,2,548.3999
test-economy-egecegphw-pro01a,0,581.6643
test-economy-egecegphw-pro01a,1,493.1166
test-economy-egecegphw-pro01a,2,644.4790
test-economy-egecegphw-pro03a,0,547.2200
test-economy-egecegphw-pro03a,1,483.2278
test-economy-egecegphw-pro03a,2,518.2016
test-economy-egecegphw-con02a,0,616.0391
test-economy-egecegphw-con02a,1,503.7384
test-economy-egecegphw-con02a,2,597.5202
test-economy-egecegphw-con03a,0,578.2596
test-economy-egecegphw-con03a,1,614.6139
test-economy-egecegphw-con03a,2,546.5123
test-economy-egecegphw-con01a,0,594.0741
test-economy-egecegphw-con01a,1,483.6754
test-economy-egecegphw-con01a,2,526.6986
test-economy-beplcpdffe-pro02a,0,588.3828
test-economy-beplcpdffe-pro02a,1,473.6691
test-economy-beplcpdffe-pro02a,2,573.8496
test-economy-beplcpdffe-pro01a,0,595.1213
test-economy-beplcpdffe-pro01a,1,522.3964
test-economy-beplcpdffe-pro01a,2,588.0092
test-economy-beplcpdffe-pro03a,0,591.7389
test-economy-beplcpdffe-pro03a,1,521.4920
test-economy-beplcpdffe-pro03a,2,544.8515
test-economy-beplcpdffe-pro04a,0,605.2014
test-economy-beplcpdffe-pro04a,1,500.2847
test-economy-beplcpdffe-pro04a,2,566.3099
test-economy-beplcpdffe-con02a,0,593.4315
test-economy-beplcpdffe-con02a,1,471.1306
test-economy-beplcpdffe-con02a,2,541.9026
test-economy-beplcpdffe-con05a,0,588.7445
test-economy-beplcpdffe-con05a,1,542.7555
test-economy-beplcpdffe-con05a,2,567.4242
test-economy-beplcpdffe-con04a,0,549.8361
test-economy-beplcpdffe-con04a,1,725.4097
test-economy-beplcpdffe-con04a,2,604.3495
test-economy-beplcpdffe-con03a,0,567.4589
test-economy-beplcpdffe-con03a,1,716.4547
test-economy-beplcpdffe-con03a,2,599.7861
test-economy-beplcpdffe-con01a,0,564.9044
test-economy-beplcpdffe-con01a,1,480.5732
test-economy-beplcpdffe-con01a,2,588.5341
test-economy-thsptr-pro02a,0,566.9969
test-economy-thsptr-pro02a,1,490.6798
test-economy-thsptr-pro02a,2,541.2523
test-economy-thsptr-pro05a,0,632.9100
test-economy-thsptr-pro05a,1,498.5447
test-economy-thsptr-pro05a,2,570.0673
test-economy-thsptr-pro01a,0,564.3581
test-economy-thsptr-pro01a,1,524.1370
test-economy-thsptr-pro01a,2,570.3889
test-economy-thsptr-pro03a,0,632.4702
test-economy-thsptr-pro03a,1,525.7879
test-economy-thsptr-pro03a,2,547.3471
test-economy-thsptr-pro04a,0,559.5463
test-economy-thsptr-pro04a,1,480.8764
test-economy-thsptr-pro04a,2,547.1196
test-economy-thsptr-con02a,0,594.3963
test-economy-thsptr-con02a,1,475.0909
test-economy-thsptr-con02a,2,552.3876
test-economy-thsptr-con05a,0,561.1027
test-economy-thsptr-con05a,1,524.1633
test-economy-thsptr-con05a,2,526.7910
test-economy-thsptr-con04a,0,551.1855
test-economy-thsptr-con04a,1,507.5249
test-economy-thsptr-con04a,2,599.5130
test-economy-thsptr-con03a,0,613.9479
test-economy-thsptr-con03a,1,576.4654
test-economy-thsptr-con03a,2,553.5341
test-economy-thsptr-con01a,0,1498.5434
test-economy-thsptr-con01a,1,476.9883
test-economy-thsptr-con01a,2,559.0673
test-economy-epiasghbf-pro02a,0,580.3974
test-economy-epiasghbf-pro02a,1,510.3244
test-economy-epiasghbf-pro02a,2,567.5877
test-economy-epiasghbf-pro01a,0,558.3252
test-economy-epiasghbf-pro01a,1,495.6061
test-economy-epiasghbf-pro01a,2,584.5623
test-economy-epiasghbf-pro03a,0,565.8383
test-economy-epiasghbf-pro03a,1,479.0839
test-economy-epiasghbf-pro03a,2,529.3994
test-economy-epiasghbf-con02a,0,544.5854
test-economy-epiasghbf-con02a,1,494.2880
test-economy-epiasghbf-con02a,2,574.6072
test-economy-epiasghbf-con04a,0,561.4136
test-economy-epiasghbf-con04a,1,494.9791
test-economy-epiasghbf-con04a,2,552.2664
test-economy-epiasghbf-con03a,0,622.3725
test-economy-epiasghbf-con03a,1,472.9575
test-economy-epiasghbf-con03a,2,619.1937
test-economy-epiasghbf-con01a,0,579.7568
test-economy-epiasghbf-con01a,1,529.3803
test-economy-epiasghbf-con01a,2,557.3770
test-economy-epegiahsc-pro02a,0,559.2485
test-economy-epegiahsc-pro02a,1,473.3890
test-economy-epegiahsc-pro02a,2,564.7590
test-economy-epegiahsc-pro01a,0,554.6343
test-economy-epegiahsc-pro01a,1,546.4251
test-economy-epegiahsc-pro01a,2,547.7378
test-economy-epegiahsc-pro03a,0,554.7852
test-economy-epegiahsc-pro03a,1,535.1223
test-economy-epegiahsc-pro03a,2,577.6278
test-economy-epegiahsc-con02a,0,583.3507
test-economy-epegiahsc-con02a,1,471.4187
test-economy-epegiahsc-con02a,2,535.7547
test-economy-epegiahsc-con04a,0,692.8698
test-economy-epegiahsc-con04a,1,481.3071
test-economy-epegiahsc-con04a,2,533.5516
test-economy-epegiahsc-con03a,0,576.1900
test-economy-epegiahsc-con03a,1,503.6137
test-economy-epegiahsc-con03a,2,523.5746
test-economy-epegiahsc-con01a,0,577.5813
test-economy-epegiahsc-con01a,1,522.5209
test-economy-epegiahsc-con01a,2,532.0253
test-economy-egiahbwaka-pro02a,0,549.2085
test-economy-egiahbwaka-pro02a,1,503.6188
test-economy-egiahbwaka-pro02a,2,481.7037
test-economy-egiahbwaka-pro01a,0,628.8474
test-economy-egiahbwaka-pro01a,1,483.1342
test-economy-egiahbwaka-pro01a,2,503.8765
test-economy-egiahbwaka-pro03a,0,577.2578
test-economy-egiahbwaka-pro03a,1,550.1340
test-economy-egiahbwaka-pro03a,2,516.7593
test-economy-egiahbwaka-con02a,0,569.6040
test-economy-egiahbwaka-con02a,1,499.1171
test-economy-egiahbwaka-con02a,2,522.4290
test-economy-egiahbwaka-con03a,0,561.6399
test-economy-egiahbwaka-con03a,1,490.2232
test-economy-egiahbwaka-con03a,2,579.7255
test-economy-egiahbwaka-con01a,0,601.1794
test-economy-egiahbwaka-con01a,1,480.8993
test-economy-egiahbwaka-con01a,2,590.2322
test-economy-egppphbcb-pro02a,0,604.3642
test-economy-egppphbcb-pro02a,1,497.1573
test-economy-egppphbcb-pro02a,2,546.0090
test-economy-egppphbcb-pro01a,0,597.0304
test-economy-egppphbcb-pro01a,1,485.8909
test-economy-egppphbcb-pro01a,2,528.0493
test-economy-egppphbcb-pro03a,0,561.9091
test-economy-egppphbcb-pro03a,1,485.3202
test-economy-egppphbcb-pro03a,2,556.8156
test-economy-egppphbcb-pro04a,0,634.0966
test-economy-egppphbcb-pro04a,1,507.7301
test-economy-egppphbcb-pro04a,2,539.6186
test-economy-egppphbcb-con02a,0,647.8453
test-economy-egppphbcb-con02a,1,480.9282
test-economy-egppphbcb-con02a,2,589.5111
test-economy-egppphbcb-con03a,0,591.2817
test-economy-egppphbcb-con03a,1,514.3249
test-economy-egppphbcb-con03a,2,584.3613
test-economy-egppphbcb-con01a,0,555.2156
test-economy-egppphbcb-con01a,1,512.0543
test-economy-egppphbcb-con01a,2,554.2450
test-economy-bhahwbsps-pro02a,0,730.8304
test-economy-bhahwbsps-pro02a,1,533.7126
test-economy-bhahwbsps-pro02a,2,562.9589
test-economy-bhahwbsps-pro01a,0,629.2839
test-economy-bhahwbsps-pro01a,1,466.7822
test-economy-bhahwbsps-pro01a,2,563.1251
test-economy-bhahwbsps-pro03a,0,619.6833
test-economy-bhahwbsps-pro03a,1,495.5620
test-economy-bhahwbsps-pro03a,2,559.7669
test-economy-bhahwbsps-pro04a,0,586.8648
test-economy-bhahwbsps-pro04a,1,521.0501
test-economy-bhahwbsps-pro04a,2,540.0079
test-economy-bhahwbsps-con02a,0,595.2047
test-economy-bhahwbsps-con02a,1,508.2369
test-economy-bhahwbsps-con02a,2,534.1955
test-economy-bhahwbsps-con03a,0,578.3726
test-economy-bhahwbsps-con03a,1,526.3693
test-economy-bhahwbsps-con03a,2,555.3995
test-economy-bhahwbsps-con01a,0,575.6457
test-economy-bhahwbsps-con01a,1,478.9886
test-economy-bhahwbsps-con01a,2,538.2917
test-economy-bepiehbesa-pro02a,0,603.3190
test-economy-bepiehbesa-pro02a,1,493.0508
test-economy-bepiehbesa-pro02a,2,554.8489
test-economy-bepiehbesa-pro01a,0,605.7078
test-economy-bepiehbesa-pro01a,1,488.5529
test-economy-bepiehbesa-pro01a,2,576.2143
test-economy-bepiehbesa-pro03a,0,585.4885
test-economy-bepiehbesa-pro03a,1,492.1514
test-economy-bepiehbesa-pro03a,2,557.0050
test-economy-bepiehbesa-pro04a,0,551.4005
test-economy-bepiehbesa-pro04a,1,536.5249
test-economy-bepiehbesa-pro04a,2,538.5358
test-economy-bepiehbesa-con02a,0,600.8890
test-economy-bepiehbesa-con02a,1,520.6605
test-economy-bepiehbesa-con02a,2,604.9830
test-economy-bepiehbesa-con03a,0,610.7936
test-economy-bepiehbesa-con03a,1,467.9999
test-economy-bepiehbesa-con03a,2,583.8971
test-economy-bepiehbesa-con01a,0,602.0884
test-economy-bepiehbesa-con01a,1,509.2999
test-economy-bepiehbesa-con01a,2,1560.2241
test-economy-thhghwhwift-pro02a,0,617.0272
test-economy-thhghwhwift-pro02a,1,517.9153
test-economy-thhghwhwift-pro02a,2,546.6807
test-economy-thhghwhwift-pro01a,0,555.2477
test-economy-thhghwhwift-pro01a,1,511.1841
test-economy-thhghwhwift-pro01a,2,568.8221
test-economy-thhghwhwift-pro03a,0,539.3465
test-economy-thhghwhwift-pro03a,1,515.6127
test-economy-thhghwhwift-pro03a,2,565.5463
test-economy-thhghwhwift-con02a,0,544.3136
test-economy-thhghwhwift-con02a,1,491.4722
test-economy-thhghwhwift-con02a,2,567.8022
test-economy-thhghwhwift-con03a,0,626.5066
test-economy-thhghwhwift-con03a,1,489.9733
test-economy-thhghwhwift-con03a,2,581.0679
test-economy-thhghwhwift-con01a,0,567.4084
test-economy-thhghwhwift-con01a,1,523.7828
test-economy-thhghwhwift-con01a,2,545.6110
test-economy-fiahwpamu-pro02a,0,595.9107
test-economy-fiahwpamu-pro02a,1,490.8061
test-economy-fiahwpamu-pro02a,2,592.1758
test-economy-fiahwpamu-pro05a,0,569.8351
test-economy-fiahwpamu-pro05a,1,511.9248
test-economy-fiahwpamu-pro05a,2,553.8211
test-economy-fiahwpamu-pro01a,0,617.2348
test-economy-fiahwpamu-pro01a,1,515.8179
test-economy-fiahwpamu-pro01a,2,585.9934
test-economy-fiahwpamu-pro03a,0,716.1045
test-economy-fiahwpamu-pro03a,1,503.1294
test-economy-fiahwpamu-pro03a,2,566.9170
test-economy-fiahwpamu-pro04a,0,600.1875
test-economy-fiahwpamu-pro04a,1,558.7280
test-economy-fiahwpamu-pro04a,2,747.8720
test-economy-fiahwpamu-con02a,0,560.4245
test-economy-fiahwpamu-con02a,1,477.2334
test-economy-fiahwpamu-con02a,2,574.2887
test-economy-fiahwpamu-con03a,0,685.7783
test-economy-fiahwpamu-con03a,1,508.5522
test-economy-fiahwpamu-con03a,2,551.4646
test-economy-fiahwpamu-con01a,0,625.6402
test-economy-fiahwpamu-con01a,1,478.5038
test-economy-fiahwpamu-con01a,2,537.5873
test-economy-eptpghdtre-pro02a,0,600.2209
test-economy-eptpghdtre-pro02a,1,586.5473
test-economy-eptpghdtre-pro02a,2,550.4141
test-economy-eptpghdtre-pro01a,0,667.8659
test-economy-eptpghdtre-pro01a,1,520.9090
test-economy-eptpghdtre-pro01a,2,584.1519
test-economy-eptpghdtre-pro03a,0,642.3584
test-economy-eptpghdtre-pro03a,1,524.6411
test-economy-eptpghdtre-pro03a,2,562.0323
test-economy-eptpghdtre-pro04a,0,569.0153
test-economy-eptpghdtre-pro04a,1,586.8943
test-economy-eptpghdtre-pro04a,2,532.0292
test-economy-eptpghdtre-con02a,0,553.3551
test-economy-eptpghdtre-con02a,1,511.0888
test-economy-eptpghdtre-con02a,2,561.5731
test-economy-eptpghdtre-con03a,0,615.4269
test-economy-eptpghdtre-con03a,1,549.3243
test-economy-eptpghdtre-con03a,2,540.1508
test-economy-eptpghdtre-con01a,0,591.6201
test-economy-eptpghdtre-con01a,1,536.4604
test-economy-eptpghdtre-con01a,2,536.0455
test-economy-epehwmrbals-pro02a,0,569.0261
test-economy-epehwmrbals-pro02a,1,463.5861
test-economy-epehwmrbals-pro02a,2,524.6844
test-economy-epehwmrbals-pro05a,0,628.1377
test-economy-epehwmrbals-pro05a,1,497.9657
test-economy-epehwmrbals-pro05a,2,546.3845
test-economy-epehwmrbals-pro01a,0,633.2237
test-economy-epehwmrbals-pro01a,1,488.0150
test-economy-epehwmrbals-pro01a,2,565.5007
test-economy-epehwmrbals-pro03a,0,574.5393
test-economy-epehwmrbals-pro03a,1,512.2443
test-economy-epehwmrbals-pro03a,2,525.5280
test-economy-epehwmrbals-pro04a,0,523.7292
test-economy-epehwmrbals-pro04a,1,536.7156
test-economy-epehwmrbals-pro04a,2,596.9032
test-economy-epehwmrbals-con02a,0,534.0565
test-economy-epehwmrbals-con02a,1,526.3392
test-economy-epehwmrbals-con02a,2,540.3150
test-economy-epehwmrbals-con04a,0,586.4699
test-economy-epehwmrbals-con04a,1,525.7039
test-economy-epehwmrbals-con04a,2,534.3805
test-economy-epehwmrbals-con03a,0,539.8864
test-economy-epehwmrbals-con03a,1,494.3868
test-economy-epehwmrbals-con03a,2,533.7706
test-economy-epehwmrbals-con01a,0,568.8850
test-economy-epehwmrbals-con01a,1,574.9526
test-economy-epehwmrbals-con01a,2,516.8917
test-economy-beghwbh-pro02a,0,524.2528
test-economy-beghwbh-pro02a,1,553.1636
test-economy-beghwbh-pro02a,2,555.3083
test-economy-beghwbh-pro01a,0,532.4334
test-economy-beghwbh-pro01a,1,487.0729
test-economy-beghwbh-pro01a,2,534.1691
test-economy-beghwbh-pro03a,0,585.2034
test-economy-beghwbh-pro03a,1,534.0368
test-economy-beghwbh-pro03a,2,567.5755
test-economy-beghwbh-con02a,0,567.1138
test-economy-beghwbh-con02a,1,533.3424
test-economy-beghwbh-con02a,2,563.1252
test-economy-beghwbh-con04a,0,547.3638
test-economy-beghwbh-con04a,1,513.1215
test-economy-beghwbh-con04a,2,553.3905
test-economy-beghwbh-con03a,0,574.7342
test-economy-beghwbh-con03a,1,483.2161
test-economy-beghwbh-con03a,2,562.0575
test-economy-beghwbh-con01a,0,556.2430
test-economy-beghwbh-con01a,1,515.5053
test-economy-beghwbh-con01a,2,536.3688
test-economy-bepahbtsnrt-pro02a,0,571.0080
test-economy-bepahbtsnrt-pro02a,1,499.1269
test-economy-bepahbtsnrt-pro02a,2,590.7817
test-economy-bepahbtsnrt-pro01a,0,596.0484
test-economy-bepahbtsnrt-pro01a,1,472.3064
test-economy-bepahbtsnrt-pro01a,2,562.7120
test-economy-bepahbtsnrt-pro03a,0,832.3776
test-economy-bepahbtsnrt-pro03a,1,488.5291
test-economy-bepahbtsnrt-pro03a,2,540.7568
test-economy-bepahbtsnrt-pro04a,0,1720.8497
test-economy-bepahbtsnrt-pro04a,1,523.8991
test-economy-bepahbtsnrt-pro04a,2,526.5248
test-economy-bepahbtsnrt-con02a,0,1607.2966
test-economy-bepahbtsnrt-con02a,1,507.1478
test-economy-bepahbtsnrt-con02a,2,563.6626
test-economy-bepahbtsnrt-con03a,0,582.8245
test-economy-bepahbtsnrt-con03a,1,505.3200
test-economy-bepahbtsnrt-con03a,2,577.5816
test-economy-bepahbtsnrt-con01a,0,893.6951
test-economy-bepahbtsnrt-con01a,1,526.8336
test-economy-bepahbtsnrt-con01a,2,531.6568
test-economy-epsihbdns-pro02a,0,625.5754
test-economy-epsihbdns-pro02a,1,487.3710
test-economy-epsihbdns-pro02a,2,751.4928
test-economy-epsihbdns-pro01a,0,591.8813
test-economy-epsihbdns-pro01a,1,475.3085
test-economy-epsihbdns-pro01a,2,523.6802
test-economy-epsihbdns-pro03a,0,1636.6652
test-economy-epsihbdns-pro03a,1,512.7770
test-economy-epsihbdns-pro03a,2,539.0496
test-economy-epsihbdns-pro04a,0,608.6264
test-economy-epsihbdns-pro04a,1,520.4000
test-economy-epsihbdns-pro04a,2,535.9555
test-economy-epsihbdns-con02a,0,596.7047
test-economy-epsihbdns-con02a,1,605.0733
test-economy-epsihbdns-con02a,2,537.1517
test-economy-epsihbdns-con04a,0,615.4789
test-economy-epsihbdns-con04a,1,480.6089
test-economy-epsihbdns-con04a,2,560.4303
test-economy-epsihbdns-con03a,0,592.9238
test-economy-epsihbdns-con03a,1,501.8064
test-economy-epsihbdns-con03a,2,556.0345
test-economy-epsihbdns-con01a,0,566.9811
test-economy-epsihbdns-con01a,1,537.3478
test-economy-epsihbdns-con01a,2,546.2474
test-economy-bepighbdb-pro02a,0,564.5291
test-economy-bepighbdb-pro02a,1,498.9591
test-economy-bepighbdb-pro02a,2,596.2729
test-economy-bepighbdb-pro01a,0,665.3126
test-economy-bepighbdb-pro01a,1,502.5878
test-economy-bepighbdb-pro01a,2,551.4355
test-economy-bepighbdb-pro03a,0,606.8593
test-economy-bepighbdb-pro03a,1,495.9896
test-economy-bepighbdb-pro03a,2,582.8439
test-economy-bepighbdb-con02a,0,560.8424
test-economy-bepighbdb-con02a,1,481.8594
test-economy-bepighbdb-con02a,2,552.0023
test-economy-bepighbdb-con04a,0,594.6815
test-economy-bepighbdb-con04a,1,472.5614
test-economy-bepighbdb-con04a,2,598.6598
test-economy-bepighbdb-con03a,0,558.0234
test-economy-bepighbdb-con03a,1,487.0981
test-economy-bepighbdb-con03a,2,560.8201
test-economy-bepighbdb-con01a,0,577.2774
test-economy-bepighbdb-con01a,1,456.1552
test-economy-bepighbdb-con01a,2,541.5974
test-international-gmehbisrip1b-pro02a,0,568.7745
test-international-gmehbisrip1b-pro02a,1,495.2324
test-international-gmehbisrip1b-pro02a,2,572.7654
test-international-gmehbisrip1b-pro01a,0,1588.6859
test-international-gmehbisrip1b-pro01a,1,542.1165
test-international-gmehbisrip1b-pro01a,2,536.1831
test-international-gmehbisrip1b-pro03a,0,572.3016
test-international-gmehbisrip1b-pro03a,1,481.6542
test-international-gmehbisrip1b-pro03a,2,558.8592
test-international-gmehbisrip1b-con02a,0,559.2880
test-international-gmehbisrip1b-con02a,1,492.9127
test-international-gmehbisrip1b-con02a,2,526.2196
test-international-gmehbisrip1b-con03a,0,559.5846
test-international-gmehbisrip1b-con03a,1,463.0656
test-international-gmehbisrip1b-con03a,2,538.7730
test-international-gmehbisrip1b-con01a,0,567.3299
test-international-gmehbisrip1b-con01a,1,499.8709
test-international-gmehbisrip1b-con01a,2,590.1817
test-international-miasimyhw-pro02a,0,573.9210
test-international-miasimyhw-pro02a,1,492.6464
test-international-miasimyhw-pro02a,2,516.4613
test-international-miasimyhw-pro05a,0,600.9370
test-international-miasimyhw-pro05a,1,525.2019
test-international-miasimyhw-pro05a,2,502.9242
test-international-miasimyhw-pro01a,0,546.6807
test-international-miasimyhw-pro01a,1,514.3448
test-international-miasimyhw-pro01a,2,499.5315
test-international-miasimyhw-pro03a,0,574.7347
test-international-miasimyhw-pro03a,1,473.5419
test-international-miasimyhw-pro03a,2,514.2607
test-international-miasimyhw-pro04a,0,562.4672
test-international-miasimyhw-pro04a,1,510.2489
test-international-miasimyhw-pro04a,2,593.1556
test-international-miasimyhw-con02a,0,576.7274
test-international-miasimyhw-con02a,1,498.4177
test-international-miasimyhw-con02a,2,581.3544
test-international-miasimyhw-con03a,0,598.5343
test-international-miasimyhw-con03a,1,606.8889
test-international-miasimyhw-con03a,2,550.7341
test-international-miasimyhw-con01a,0,608.5424
test-international-miasimyhw-con01a,1,530.3578
test-international-miasimyhw-con01a,2,591.7309
test-international-ghwcitca-pro02a,0,605.3317
test-international-ghwcitca-pro02a,1,490.1388
test-international-ghwcitca-pro02a,2,618.9524
test-international-ghwcitca-pro01a,0,599.2269
test-international-ghwcitca-pro01a,1,508.3196
test-international-ghwcitca-pro01a,2,593.7773
test-international-ghwcitca-pro03a,0,578.6793
test-international-ghwcitca-pro03a,1,537.2606
test-international-ghwcitca-pro03a,2,583.0922
test-international-ghwcitca-pro04a,0,549.6780
test-international-ghwcitca-pro04a,1,497.7015
test-international-ghwcitca-pro04a,2,592.2070
test-international-ghwcitca-con02a,0,601.9824
test-international-ghwcitca-con02a,1,519.3758
test-international-ghwcitca-con02a,2,584.5332
test-international-ghwcitca-con03a,0,693.3003
test-international-ghwcitca-con03a,1,488.6673
test-international-ghwcitca-con03a,2,585.6761
test-international-ghwcitca-con01a,0,602.7042
test-international-ghwcitca-con01a,1,574.2613
test-international-ghwcitca-con01a,2,599.5552
test-international-gmehwasr-pro02a,0,583.7206
test-international-gmehwasr-pro02a,1,533.9667
test-international-gmehwasr-pro02a,2,599.4487
test-international-gmehwasr-pro05a,0,582.8544
test-international-gmehwasr-pro05a,1,546.1117
test-international-gmehwasr-pro05a,2,596.1762
test-international-gmehwasr-pro01a,0,607.7301
test-international-gmehwasr-pro01a,1,472.6602
test-international-gmehwasr-pro01a,2,549.2598
test-international-gmehwasr-pro03a,0,591.3188
test-international-gmehwasr-pro03a,1,485.0548
test-international-gmehwasr-pro03a,2,542.8092
test-international-gmehwasr-pro04a,0,593.5935
test-international-gmehwasr-pro04a,1,482.3172
test-international-gmehwasr-pro04a,2,549.7701
test-international-gmehwasr-con02a,0,573.5170
test-international-gmehwasr-con02a,1,475.2910
test-international-gmehwasr-con02a,2,538.6606
test-international-gmehwasr-con05a,0,590.0590
test-international-gmehwasr-con05a,1,478.9384
test-international-gmehwasr-con05a,2,619.6861
test-international-gmehwasr-con04a,0,567.2647
test-international-gmehwasr-con04a,1,501.7109
test-international-gmehwasr-con04a,2,545.3501
test-international-gmehwasr-con03a,0,573.5480
test-international-gmehwasr-con03a,1,491.1102
test-international-gmehwasr-con03a,2,583.8060
test-international-gmehwasr-con01a,0,565.8226
test-international-gmehwasr-con01a,1,501.8822
test-international-gmehwasr-con01a,2,554.3618
test-international-aghbfcpspr-pro02a,0,717.0172
test-international-aghbfcpspr-pro02a,1,466.1713
test-international-aghbfcpspr-pro02a,2,532.8762
test-international-aghbfcpspr-pro05a,0,569.9649
test-international-aghbfcpspr-pro05a,1,507.7148
test-international-aghbfcpspr-pro05a,2,530.0138
test-international-aghbfcpspr-pro01a,0,723.1143
test-international-aghbfcpspr-pro01a,1,530.2999
test-international-aghbfcpspr-pro01a,2,658.3934
test-international-aghbfcpspr-pro03a,0,561.2343
test-international-aghbfcpspr-pro03a,1,633.6461
test-international-aghbfcpspr-pro03a,2,530.5187
test-international-aghbfcpspr-pro04a,0,536.0145
test-international-aghbfcpspr-pro04a,1,538.0496
test-international-aghbfcpspr-pro04a,2,518.8310
test-international-aghbfcpspr-con02a,0,566.3570
test-international-aghbfcpspr-con02a,1,449.3961
test-international-aghbfcpspr-con02a,2,523.0556
test-international-aghbfcpspr-con04a,0,551.0554
test-international-aghbfcpspr-con04a,1,507.6111
test-international-aghbfcpspr-con04a,2,499.1480
test-international-aghbfcpspr-con03a,0,619.9184
test-international-aghbfcpspr-con03a,1,493.7447
test-international-aghbfcpspr-con03a,2,543.4783
test-international-aghbfcpspr-con01a,0,566.5373
test-international-aghbfcpspr-con01a,1,469.0092
test-international-aghbfcpspr-con01a,2,547.0386
test-international-gpsmhbsosb-pro02a,0,532.7477
test-international-gpsmhbsosb-pro02a,1,462.3617
test-international-gpsmhbsosb-pro02a,2,557.6934
test-international-gpsmhbsosb-pro01a,0,602.4716
test-international-gpsmhbsosb-pro01a,1,465.6429
test-international-gpsmhbsosb-pro01a,2,542.9368
test-international-gpsmhbsosb-pro03a,0,589.4230
test-international-gpsmhbsosb-pro03a,1,468.2409
test-international-gpsmhbsosb-pro03a,2,532.9476
test-international-gpsmhbsosb-con02a,0,619.6656
test-international-gpsmhbsosb-con02a,1,459.8838
test-international-gpsmhbsosb-con02a,2,534.4835
test-international-gpsmhbsosb-con03a,0,639.2234
test-international-gpsmhbsosb-con03a,1,450.7744
test-international-gpsmhbsosb-con03a,2,512.6456
test-international-gpsmhbsosb-con01a,0,639.0739
test-international-gpsmhbsosb-con01a,1,503.5112
test-international-gpsmhbsosb-con01a,2,569.8788
test-international-apwhbaucmip-pro02a,0,587.8838
test-international-apwhbaucmip-pro02a,1,519.6531
test-international-apwhbaucmip-pro02a,2,533.5942
test-international-apwhbaucmip-pro01a,0,660.5897
test-international-apwhbaucmip-pro01a,1,566.7317
test-international-apwhbaucmip-pro01a,2,538.6869
test-international-apwhbaucmip-pro03a,0,581.8591
test-international-apwhbaucmip-pro03a,1,465.0458
test-international-apwhbaucmip-pro03a,2,569.3906
test-international-apwhbaucmip-pro04a,0,615.7634
test-international-apwhbaucmip-pro04a,1,461.8716
test-international-apwhbaucmip-pro04a,2,553.5525
test-international-apwhbaucmip-con02a,0,619.5280
test-international-apwhbaucmip-con02a,1,490.8415
test-international-apwhbaucmip-con02a,2,533.0530
test-international-apwhbaucmip-con04a,0,588.7818
test-international-apwhbaucmip-con04a,1,551.7849
test-international-apwhbaucmip-con04a,2,539.2349
test-international-apwhbaucmip-con03a,0,570.2201
test-international-apwhbaucmip-con03a,1,575.7754
test-international-apwhbaucmip-con03a,2,566.0406
test-international-apwhbaucmip-con01a,0,594.7315
test-international-apwhbaucmip-con01a,1,483.3996
test-international-apwhbaucmip-con01a,2,536.1003
test-international-iighbopcc-pro02a,0,800.5004
test-international-iighbopcc-pro02a,1,464.4650
test-international-iighbopcc-pro02a,2,535.2766
test-international-iighbopcc-pro01a,0,599.1524
test-international-iighbopcc-pro01a,1,484.9960
test-international-iighbopcc-pro01a,2,534.1532
test-international-iighbopcc-pro03a,0,582.2241
test-international-iighbopcc-pro03a,1,471.9312
test-international-iighbopcc-pro03a,2,529.6633
test-international-iighbopcc-con02a,0,553.3686
test-international-iighbopcc-con02a,1,468.8714
test-international-iighbopcc-con02a,2,561.8264
test-international-iighbopcc-con03a,0,580.3497
test-international-iighbopcc-con03a,1,508.0904
test-international-iighbopcc-con03a,2,540.9324
test-international-iighbopcc-con01a,0,533.8875
test-international-iighbopcc-con01a,1,478.7498
test-international-iighbopcc-con01a,2,519.0543
test-international-bldimehbn-pro02a,0,576.0432
test-international-bldimehbn-pro02a,1,509.9869
test-international-bldimehbn-pro02a,2,530.3825
test-international-bldimehbn-pro01a,0,601.0595
test-international-bldimehbn-pro01a,1,490.7498
test-international-bldimehbn-pro01a,2,543.5862
test-international-bldimehbn-pro03a,0,588.2153
test-international-bldimehbn-pro03a,1,489.8927
test-international-bldimehbn-pro03a,2,572.2614
test-international-bldimehbn-con02a,0,605.3736
test-international-bldimehbn-con02a,1,509.9274
test-international-bldimehbn-con02a,2,492.3686
test-international-bldimehbn-con03a,0,559.5912
test-international-bldimehbn-con03a,1,500.7535
test-international-bldimehbn-con03a,2,518.9639
test-international-bldimehbn-con01a,0,556.1186
test-international-bldimehbn-con01a,1,462.4200
test-international-bldimehbn-con01a,2,535.7494
test-international-amehbuaisji-pro02a,0,561.4130
test-international-amehbuaisji-pro02a,1,516.6598
test-international-amehbuaisji-pro02a,2,498.4103
test-international-amehbuaisji-pro01a,0,583.1566
test-international-amehbuaisji-pro01a,1,521.5287
test-international-amehbuaisji-pro01a,2,478.7344
test-international-amehbuaisji-pro03a,0,550.5066
test-international-amehbuaisji-pro03a,1,553.2011
test-international-amehbuaisji-pro03a,2,492.1507
test-international-amehbuaisji-con02a,0,543.1142
test-international-amehbuaisji-con02a,1,718.2876
test-international-amehbuaisji-con02a,2,542.5027
test-international-amehbuaisji-con04a,0,1309.0852
test-international-amehbuaisji-con04a,1,466.5330
test-international-amehbuaisji-con04a,2,554.8416
test-international-amehbuaisji-con03a,0,1574.7643
test-international-amehbuaisji-con03a,1,483.1584
test-international-amehbuaisji-con03a,2,665.8169
test-international-amehbuaisji-con01a,0,560.7222
test-international-amehbuaisji-con01a,1,516.5165
test-international-amehbuaisji-con01a,2,487.9227
test-international-gpdwhwcusa-pro02a,0,577.5187
test-international-gpdwhwcusa-pro02a,1,489.5146
test-international-gpdwhwcusa-pro02a,2,507.5490
test-international-gpdwhwcusa-pro01a,0,1581.1816
test-international-gpdwhwcusa-pro01a,1,517.7847
test-international-gpdwhwcusa-pro01a,2,480.3697
test-international-gpdwhwcusa-pro03a,0,540.8849
test-international-gpdwhwcusa-pro03a,1,513.4586
test-international-gpdwhwcusa-pro03a,2,502.2221
test-international-gpdwhwcusa-con02a,0,507.4378
test-international-gpdwhwcusa-con02a,1,474.0874
test-international-gpdwhwcusa-con02a,2,529.4655
test-international-gpdwhwcusa-con05a,0,1655.5072
test-international-gpdwhwcusa-con05a,1,475.3111
test-international-gpdwhwcusa-con05a,2,504.6511
test-international-gpdwhwcusa-con04a,0,496.6468
test-international-gpdwhwcusa-con04a,1,484.1140
test-international-gpdwhwcusa-con04a,2,515.5444
test-international-gpdwhwcusa-con03a,0,752.9078
test-international-gpdwhwcusa-con03a,1,514.3475
test-international-gpdwhwcusa-con03a,2,518.6878
test-international-gpdwhwcusa-con01a,0,546.0552
test-international-gpdwhwcusa-con01a,1,494.0962
test-international-gpdwhwcusa-con01a,2,495.7434
test-international-ghbunhf-pro02a,0,535.6433
test-international-ghbunhf-pro02a,1,482.0715
test-international-ghbunhf-pro02a,2,518.7926
test-international-ghbunhf-pro05a,0,515.2571
test-international-ghbunhf-pro05a,1,473.6035
test-international-ghbunhf-pro05a,2,510.6094
test-international-ghbunhf-pro01a,0,482.1244
test-international-ghbunhf-pro01a,1,484.6602
test-international-ghbunhf-pro01a,2,512.5070
test-international-ghbunhf-pro03a,0,472.2420
test-international-ghbunhf-pro03a,1,500.8763
test-international-ghbunhf-pro03a,2,469.1456
test-international-ghbunhf-pro04a,0,499.6698
test-international-ghbunhf-pro04a,1,483.5905
test-international-ghbunhf-pro04a,2,524.8550
test-international-ghbunhf-con02a,0,535.4087
test-international-ghbunhf-con02a,1,497.5801
test-international-ghbunhf-con02a,2,481.7641
test-international-ghbunhf-con05a,0,514.4337
test-international-ghbunhf-con05a,1,468.0329
test-international-ghbunhf-con05a,2,487.1970
test-international-ghbunhf-con04a,0,485.6850
test-international-ghbunhf-con04a,1,464.3551
test-international-ghbunhf-con04a,2,443.8044
test-international-ghbunhf-con03a,0,496.9231
test-international-ghbunhf-con03a,1,509.4011
test-international-ghbunhf-con03a,2,536.0350
test-international-ghbunhf-con01a,0,546.9278
test-international-ghbunhf-con01a,1,545.6041
test-international-ghbunhf-con01a,2,482.7584
test-international-aghwrem-pro02a,0,496.6499
test-international-aghwrem-pro02a,1,536.8207
test-international-aghwrem-pro02a,2,466.0341
test-international-aghwrem-pro05a,0,492.5124
test-international-aghwrem-pro05a,1,465.3939
test-international-aghwrem-pro05a,2,486.4111
test-international-aghwrem-pro01a,0,512.8840
test-international-aghwrem-pro01a,1,521.8647
test-international-aghwrem-pro01a,2,465.5375
test-international-aghwrem-pro03a,0,540.6690
test-international-aghwrem-pro03a,1,488.0815
test-international-aghwrem-pro03a,2,475.4058
test-international-aghwrem-pro04a,0,489.8287
test-international-aghwrem-pro04a,1,483.4541
test-international-aghwrem-pro04a,2,473.4903
test-international-aghwrem-con02a,0,484.2124
test-international-aghwrem-con02a,1,497.8544
test-international-aghwrem-con02a,2,467.0161
test-international-aghwrem-con04a,0,510.4198
test-international-aghwrem-con04a,1,458.8637
test-international-aghwrem-con04a,2,473.0552
test-international-aghwrem-con03a,0,486.0958
test-international-aghwrem-con03a,1,538.1780
test-international-aghwrem-con03a,2,493.4221
test-international-aghwrem-con01a,0,495.7887
test-international-aghwrem-con01a,1,489.8736
test-international-aghwrem-con01a,2,506.2881
test-international-bmaggiahbl-pro02a,0,518.3026
test-international-bmaggiahbl-pro02a,1,485.2162
test-international-bmaggiahbl-pro02a,2,466.8763
test-international-bmaggiahbl-pro01a,0,506.8727
test-international-bmaggiahbl-pro01a,1,476.1793
test-international-bmaggiahbl-pro01a,2,459.9316
test-international-bmaggiahbl-pro03a,0,791.0926
test-international-bmaggiahbl-pro03a,1,449.1342
test-international-bmaggiahbl-pro03a,2,656.1947
test-international-bmaggiahbl-con02a,0,525.5861
test-international-bmaggiahbl-con02a,1,461.4073
test-international-bmaggiahbl-con02a,2,498.5106
test-international-bmaggiahbl-con03a,0,483.8268
test-international-bmaggiahbl-con03a,1,471.3133
test-international-bmaggiahbl-con03a,2,493.0242
test-international-bmaggiahbl-con01a,0,523.1784
test-international-bmaggiahbl-con01a,1,472.1056
test-international-bmaggiahbl-con01a,2,475.2784
test-international-appghblsba-pro02a,0,530.6659
test-international-appghblsba-pro02a,1,505.9502
test-international-appghblsba-pro02a,2,481.5223
test-international-appghblsba-pro01a,0,2244.0136
test-international-appghblsba-pro01a,1,464.9570
test-international-appghblsba-pro01a,2,488.5301
test-international-appghblsba-pro03a,0,883.7303
test-international-appghblsba-pro03a,1,453.4000
test-international-appghblsba-pro03a,2,491.2527
test-international-appghblsba-pro04a,0,572.7226
test-international-appghblsba-pro04a,1,490.1988
test-international-appghblsba-pro04a,2,463.8244
test-international-appghblsba-con02a,0,508.8581
test-international-appghblsba-con02a,1,480.5346
test-international-appghblsba-con02a,2,569.1348
test-international-appghblsba-con03a,0,515.8803
test-international-appghblsba-con03a,1,493.9384
test-international-appghblsba-con03a,2,501.9521
test-international-appghblsba-con01a,0,522.8928
test-international-appghblsba-con01a,1,473.4736
test-international-appghblsba-con01a,2,459.3797
test-international-ehbfe-pro02a,0,569.6329
test-international-ehbfe-pro02a,1,488.3705
test-international-ehbfe-pro02a,2,507.9887
test-international-ehbfe-pro05a,0,574.5689
test-international-ehbfe-pro05a,1,485.6307
test-international-ehbfe-pro05a,2,462.6815
test-international-ehbfe-pro01a,0,568.1569
test-international-ehbfe-pro01a,1,450.9693
test-international-ehbfe-pro01a,2,470.3861
test-international-ehbfe-pro03a,0,567.2923
test-international-ehbfe-pro03a,1,459.5667
test-international-ehbfe-pro03a,2,486.7771
test-international-ehbfe-pro04a,0,499.4160
test-international-ehbfe-pro04a,1,475.9918
test-international-ehbfe-pro04a,2,501.9065
test-international-ehbfe-con02a,0,527.8383
test-international-ehbfe-con02a,1,449.7383
test-international-ehbfe-con02a,2,487.4314
test-international-ehbfe-con04a,0,577.0353
test-international-ehbfe-con04a,1,462.3271
test-international-ehbfe-con04a,2,487.1053
test-international-ehbfe-con03a,0,622.3156
test-international-ehbfe-con03a,1,462.0021
test-international-ehbfe-con03a,2,527.3566
test-international-ehbfe-con01a,0,539.4154
test-international-ehbfe-con01a,1,456.4999
test-international-ehbfe-con01a,2,536.2694
test-international-iiahwagit-pro02a,0,519.1345
test-international-iiahwagit-pro02a,1,458.8545
test-international-iiahwagit-pro02a,2,497.2373
test-international-iiahwagit-pro05a,0,562.4884
test-international-iiahwagit-pro05a,1,467.1211
test-international-iiahwagit-pro05a,2,487.4813
test-international-iiahwagit-pro01a,0,562.1601
test-international-iiahwagit-pro01a,1,434.1678
test-international-iiahwagit-pro01a,2,497.6856
test-international-iiahwagit-pro03a,0,520.9841
test-international-iiahwagit-pro03a,1,487.7975
test-international-iiahwagit-pro03a,2,463.3478
test-international-iiahwagit-pro04a,0,568.7344
test-international-iiahwagit-pro04a,1,432.5530
test-international-iiahwagit-pro04a,2,493.9793
test-international-iiahwagit-con02a,0,557.0944
test-international-iiahwagit-con02a,1,444.1087
test-international-iiahwagit-con02a,2,459.5077
test-international-iiahwagit-con04a,0,518.1295
test-international-iiahwagit-con04a,1,448.8320
test-international-iiahwagit-con04a,2,488.5553
test-international-iiahwagit-con03a,0,546.3387
test-international-iiahwagit-con03a,1,552.0866
test-international-iiahwagit-con03a,2,475.0308
test-international-iiahwagit-con01a,0,564.9722
test-international-iiahwagit-con01a,1,523.7220
test-international-iiahwagit-con01a,2,480.0963
test-international-epvhwhranet-pro02a,0,565.9802
test-international-epvhwhranet-pro02a,1,469.2824
test-international-epvhwhranet-pro02a,2,454.4349
test-international-epvhwhranet-pro01a,0,534.6122
test-international-epvhwhranet-pro01a,1,465.6075
test-international-epvhwhranet-pro01a,2,490.8492
test-international-epvhwhranet-pro03a,0,534.9272
test-international-epvhwhranet-pro03a,1,469.6772
test-international-epvhwhranet-pro03a,2,466.1710
test-international-epvhwhranet-con02a,0,513.7399
test-international-epvhwhranet-con02a,1,465.8293
test-international-epvhwhranet-con02a,2,475.6414
test-international-epvhwhranet-con04a,0,527.5480
test-international-epvhwhranet-con04a,1,537.5006
test-international-epvhwhranet-con04a,2,464.3486
test-international-epvhwhranet-con03a,0,512.0996
test-international-epvhwhranet-con03a,1,459.3078
test-international-epvhwhranet-con03a,2,544.4412
test-international-epvhwhranet-con01a,0,525.0510
test-international-epvhwhranet-con01a,1,450.9331
test-international-epvhwhranet-con01a,2,465.2955
test-international-aglhrilhb-pro02a,0,514.9874
test-international-aglhrilhb-pro02a,1,558.6520
test-international-aglhrilhb-pro02a,2,572.2649
test-international-aglhrilhb-pro01a,0,521.8306
test-international-aglhrilhb-pro01a,1,586.8165
test-international-aglhrilhb-pro01a,2,478.5758
test-international-aglhrilhb-pro03a,0,542.5081
test-international-aglhrilhb-pro03a,1,466.7111
test-international-aglhrilhb-pro03a,2,451.2395
test-international-aglhrilhb-pro04a,0,479.1681
test-international-aglhrilhb-pro04a,1,848.7737
test-international-aglhrilhb-pro04a,2,507.6563
test-international-aglhrilhb-con02a,0,486.6602
test-international-aglhrilhb-con02a,1,497.8386
test-international-aglhrilhb-con02a,2,483.7562
test-international-aglhrilhb-con03a,0,469.4538
test-international-aglhrilhb-con03a,1,471.9323
test-international-aglhrilhb-con03a,2,460.1191
test-international-aglhrilhb-con01a,0,530.6040
test-international-aglhrilhb-con01a,1,462.9404
test-international-aglhrilhb-con01a,2,461.5449
test-international-siacphbnt-pro02a,0,539.8973
test-international-siacphbnt-pro02a,1,483.8547
test-international-siacphbnt-pro02a,2,471.2222
test-international-siacphbnt-pro05a,0,470.6700
test-international-siacphbnt-pro05a,1,749.5105
test-international-siacphbnt-pro05a,2,483.2979
test-international-siacphbnt-pro01a,0,454.9509
test-international-siacphbnt-pro01a,1,504.6693
test-international-siacphbnt-pro01a,2,502.6337
test-international-siacphbnt-pro03a,0,465.3078
test-international-siacphbnt-pro03a,1,481.2604
test-international-siacphbnt-pro03a,2,477.0321
test-international-siacphbnt-pro04a,0,455.0556
test-international-siacphbnt-pro04a,1,484.9917
test-international-siacphbnt-pro04a,2,468.8610
test-international-siacphbnt-con02a,0,462.2306
test-international-siacphbnt-con02a,1,529.8304
test-international-siacphbnt-con02a,2,469.9590
test-international-siacphbnt-con04a,0,469.5266
test-international-siacphbnt-con04a,1,515.2428
test-international-siacphbnt-con04a,2,489.0091
test-international-siacphbnt-con03a,0,492.0228
test-international-siacphbnt-con03a,1,482.1645
test-international-siacphbnt-con03a,2,453.6840
test-international-siacphbnt-con01a,0,544.4970
test-international-siacphbnt-con01a,1,512.9952
test-international-siacphbnt-con01a,2,448.8521
test-international-aegmeppghw-pro02a,0,533.0766
test-international-aegmeppghw-pro02a,1,505.7077
test-international-aegmeppghw-pro02a,2,460.1098
test-international-aegmeppghw-pro01a,0,502.2825
test-international-aegmeppghw-pro01a,1,474.6385
test-international-aegmeppghw-pro01a,2,460.0296
test-international-aegmeppghw-pro03a,0,559.6667
test-international-aegmeppghw-pro03a,1,494.4052
test-international-aegmeppghw-pro03a,2,440.2393
test-international-aegmeppghw-pro04a,0,533.7381
test-international-aegmeppghw-pro04a,1,498.2069
test-international-aegmeppghw-pro04a,2,502.0165
test-international-aegmeppghw-con02a,0,488.2883
test-international-aegmeppghw-con02a,1,519.3770
test-international-aegmeppghw-con02a,2,457.1358
test-international-aegmeppghw-con05a,0,482.9405
test-international-aegmeppghw-con05a,1,527.3174
test-international-aegmeppghw-con05a,2,476.5941
test-international-aegmeppghw-con04a,0,499.2005
test-international-aegmeppghw-con04a,1,471.1771
test-international-aegmeppghw-con04a,2,448.9729
test-international-aegmeppghw-con03a,0,468.9256
test-international-aegmeppghw-con03a,1,463.8650
test-international-aegmeppghw-con03a,2,446.4491
test-international-aegmeppghw-con01a,0,499.6498
test-international-aegmeppghw-con01a,1,552.3562
test-international-aegmeppghw-con01a,2,523.1395
test-international-epglghbni-pro02a,0,476.1497
test-international-epglghbni-pro02a,1,480.3036
test-international-epglghbni-pro02a,2,482.2221
test-international-epglghbni-pro05a,0,489.7551
test-international-epglghbni-pro05a,1,464.7076
test-international-epglghbni-pro05a,2,466.6896
test-international-epglghbni-pro01a,0,483.4307
test-international-epglghbni-pro01a,1,478.6738
test-international-epglghbni-pro01a,2,466.2252
test-international-epglghbni-pro03a,0,490.4550
test-international-epglghbni-pro03a,1,473.9311
test-international-epglghbni-pro03a,2,500.4374
test-international-epglghbni-pro04a,0,526.8870
test-international-epglghbni-pro04a,1,442.0343
test-international-epglghbni-pro04a,2,476.8575
test-international-epglghbni-con02a,0,448.4684
test-international-epglghbni-con02a,1,520.4237
test-international-epglghbni-con02a,2,457.4198
test-international-epglghbni-con03a,0,462.8433
test-international-epglghbni-con03a,1,557.0822
test-international-epglghbni-con03a,2,496.0798
test-international-epglghbni-con01a,0,584.0145
test-international-epglghbni-con01a,1,522.8062
test-international-epglghbni-con01a,2,494.0229
test-international-glilpdwhsn-pro02a,0,563.6019
test-international-glilpdwhsn-pro02a,1,508.6836
test-international-glilpdwhsn-pro02a,2,437.6691
test-international-glilpdwhsn-pro01a,0,466.1100
test-international-glilpdwhsn-pro01a,1,489.4463
test-international-glilpdwhsn-pro01a,2,456.7874
test-international-glilpdwhsn-pro03a,0,494.9691
test-international-glilpdwhsn-pro03a,1,485.9892
test-international-glilpdwhsn-pro03a,2,484.7898
test-international-glilpdwhsn-con02a,0,494.8011
test-international-glilpdwhsn-con02a,1,553.1776
test-international-glilpdwhsn-con02a,2,459.7835
test-international-glilpdwhsn-con04a,0,490.8273
test-international-glilpdwhsn-con04a,1,504.8057
test-international-glilpdwhsn-con04a,2,461.3465
test-international-glilpdwhsn-con03a,0,500.4797
test-international-glilpdwhsn-con03a,1,557.9193
test-international-glilpdwhsn-con03a,2,462.7605
test-international-glilpdwhsn-con01a,0,489.9398
test-international-glilpdwhsn-con01a,1,476.0812
test-international-glilpdwhsn-con01a,2,459.9979
test-international-sepiahbaaw-pro02a,0,533.1316
test-international-sepiahbaaw-pro02a,1,492.8161
test-international-sepiahbaaw-pro02a,2,472.4508
test-international-sepiahbaaw-pro01a,0,483.1650
test-international-sepiahbaaw-pro01a,1,467.6804
test-international-sepiahbaaw-pro01a,2,525.4101
test-international-sepiahbaaw-pro03a,0,540.2062
test-international-sepiahbaaw-pro03a,1,505.6955
test-international-sepiahbaaw-pro03a,2,514.2084
test-international-sepiahbaaw-pro04a,0,461.5957
test-international-sepiahbaaw-pro04a,1,506.5052
test-international-sepiahbaaw-pro04a,2,468.3642
test-international-sepiahbaaw-con02a,0,511.7271
test-international-sepiahbaaw-con02a,1,509.0072
test-international-sepiahbaaw-con02a,2,492.2257
test-international-sepiahbaaw-con03a,0,478.0167
test-international-sepiahbaaw-con03a,1,504.4321
test-international-sepiahbaaw-con03a,2,468.9944
test-international-sepiahbaaw-con01a,0,505.2915
test-international-sepiahbaaw-con01a,1,488.6215
test-international-sepiahbaaw-con01a,2,491.4182
test-international-atiahblit-pro02a,0,518.0862
test-international-atiahblit-pro02a,1,510.5158
test-international-atiahblit-pro02a,2,493.7928
test-international-atiahblit-pro01a,0,1534.0523
test-international-atiahblit-pro01a,1,462.2616
test-international-atiahblit-pro01a,2,462.2533
test-international-atiahblit-pro03a,0,712.7816
test-international-atiahblit-pro03a,1,488.2133
test-international-atiahblit-pro03a,2,495.1491
test-international-atiahblit-pro04a,0,472.1973
test-international-atiahblit-pro04a,1,525.2420
test-international-atiahblit-pro04a,2,477.8009
test-international-atiahblit-con02a,0,518.4810
test-international-atiahblit-con02a,1,534.8227
test-international-atiahblit-con02a,2,445.5133
test-international-atiahblit-con04a,0,517.6379
test-international-atiahblit-con04a,1,586.1218
test-international-atiahblit-con04a,2,456.8166
test-international-atiahblit-con03a,0,503.1210
test-international-atiahblit-con03a,1,516.5523
test-international-atiahblit-con03a,2,493.2016
test-international-atiahblit-con01a,0,504.9620
test-international-atiahblit-con01a,1,550.5276
test-international-atiahblit-con01a,2,467.1513
test-international-iwiaghbss-pro02a,0,510.6999
test-international-iwiaghbss-pro02a,1,519.5950
test-international-iwiaghbss-pro02a,2,465.5467
test-international-iwiaghbss-pro01a,0,502.1396
test-international-iwiaghbss-pro01a,1,574.3543
test-international-iwiaghbss-pro01a,2,476.8327
test-international-iwiaghbss-pro03a,0,514.0867
test-international-iwiaghbss-pro03a,1,536.5050
test-international-iwiaghbss-pro03a,2,469.8008
test-international-iwiaghbss-pro04a,0,507.1689
test-international-iwiaghbss-pro04a,1,550.9551
test-international-iwiaghbss-pro04a,2,462.7941
test-international-iwiaghbss-con02a,0,517.2259
test-international-iwiaghbss-con02a,1,534.3533
test-international-iwiaghbss-con02a,2,468.5101
test-international-iwiaghbss-con03a,0,462.8399
test-international-iwiaghbss-con03a,1,515.1853
test-international-iwiaghbss-con03a,2,453.3562
test-international-iwiaghbss-con01a,0,485.6066
test-international-iwiaghbss-con01a,1,467.9029
test-international-iwiaghbss-con01a,2,478.3034
test-international-segiahbarr-pro02a,0,500.0842
test-international-segiahbarr-pro02a,1,517.5693
test-international-segiahbarr-pro02a,2,479.3200
test-international-segiahbarr-pro01a,0,482.2910
test-international-segiahbarr-pro01a,1,525.9370
test-international-segiahbarr-pro01a,2,504.1635
test-international-segiahbarr-pro03a,0,792.5609
test-international-segiahbarr-pro03a,1,538.0900
test-international-segiahbarr-pro03a,2,451.8294
test-international-segiahbarr-pro04a,0,504.4366
test-international-segiahbarr-pro04a,1,537.6439
test-international-segiahbarr-pro04a,2,460.9753
test-international-segiahbarr-con02a,0,502.7926
test-international-segiahbarr-con02a,1,532.2189
test-international-segiahbarr-con02a,2,441.7288
test-international-segiahbarr-con04a,0,537.4776
test-international-segiahbarr-con04a,1,517.1241
test-international-segiahbarr-con04a,2,448.0455
test-international-segiahbarr-con03a,0,515.4548
test-international-segiahbarr-con03a,1,533.0950
test-international-segiahbarr-con03a,2,462.1123
test-international-segiahbarr-con01a,0,523.6353
test-international-segiahbarr-con01a,1,459.2834
test-international-segiahbarr-con01a,2,463.4117
test-international-aahwstdrtfm-pro02a,0,523.8529
test-international-aahwstdrtfm-pro02a,1,555.7369
test-international-aahwstdrtfm-pro02a,2,493.6754
test-international-aahwstdrtfm-pro01a,0,495.3653
test-international-aahwstdrtfm-pro01a,1,505.6130
test-international-aahwstdrtfm-pro01a,2,490.3372
test-international-aahwstdrtfm-pro03a,0,481.1286
test-international-aahwstdrtfm-pro03a,1,605.5975
test-international-aahwstdrtfm-pro03a,2,491.6331
test-international-aahwstdrtfm-pro04a,0,467.4735
test-international-aahwstdrtfm-pro04a,1,493.3715
test-international-aahwstdrtfm-pro04a,2,460.7723
test-international-aahwstdrtfm-con02a,0,511.9351
test-international-aahwstdrtfm-con02a,1,506.4826
test-international-aahwstdrtfm-con02a,2,478.2888
test-international-aahwstdrtfm-con03a,0,498.6447
test-international-aahwstdrtfm-con03a,1,463.1702
test-international-aahwstdrtfm-con03a,2,474.0163
test-international-aahwstdrtfm-con01a,0,461.7544
test-international-aahwstdrtfm-con01a,1,511.2954
test-international-aahwstdrtfm-con01a,2,483.9837
test-international-ipecfiepg-pro02a,0,482.4872
test-international-ipecfiepg-pro02a,1,533.2932
test-international-ipecfiepg-pro02a,2,452.0862
test-international-ipecfiepg-pro01a,0,505.0559
test-international-ipecfiepg-pro01a,1,526.7901
test-international-ipecfiepg-pro01a,2,447.2766
test-international-ipecfiepg-pro03a,0,1533.1804
test-international-ipecfiepg-pro03a,1,481.2058
test-international-ipecfiepg-pro03a,2,489.4965
test-international-ipecfiepg-con02a,0,470.2490
test-international-ipecfiepg-con02a,1,509.8978
test-international-ipecfiepg-con02a,2,546.1604
test-international-ipecfiepg-con04a,0,456.2089
test-international-ipecfiepg-con04a,1,506.2978
test-international-ipecfiepg-con04a,2,472.4328
test-international-ipecfiepg-con03a,0,468.5463
test-international-ipecfiepg-con03a,1,473.0668
test-international-ipecfiepg-con03a,2,515.3501
test-international-ipecfiepg-con01a,0,515.9704
test-international-ipecfiepg-con01a,1,560.7243
test-international-ipecfiepg-con01a,2,446.5913
test-international-eghrhbeusli-pro02a,0,477.2939
test-international-eghrhbeusli-pro02a,1,490.0636
test-international-eghrhbeusli-pro02a,2,448.9467
test-international-eghrhbeusli-pro05a,0,465.8771
test-international-eghrhbeusli-pro05a,1,525.7092
test-international-eghrhbeusli-pro05a,2,490.2030
test-international-eghrhbeusli-pro01a,0,516.0346
test-international-eghrhbeusli-pro01a,1,493.9954
test-international-eghrhbeusli-pro01a,2,515.6486
test-international-eghrhbeusli-pro03a,0,498.0520
test-international-eghrhbeusli-pro03a,1,455.0009
test-international-eghrhbeusli-pro03a,2,473.2067
test-international-eghrhbeusli-pro04a,0,483.8502
test-international-eghrhbeusli-pro04a,1,494.9593
test-international-eghrhbeusli-pro04a,2,459.4557
test-international-eghrhbeusli-con02a,0,475.2956
test-international-eghrhbeusli-con02a,1,523.8428
test-international-eghrhbeusli-con02a,2,484.2590
test-international-eghrhbeusli-con05a,0,742.3630
test-international-eghrhbeusli-con05a,1,539.7443
test-international-eghrhbeusli-con05a,2,485.5434
test-international-eghrhbeusli-con04a,0,482.0621
test-international-eghrhbeusli-con04a,1,456.4747
test-international-eghrhbeusli-con04a,2,492.6922
test-international-eghrhbeusli-con03a,0,535.5126
test-international-eghrhbeusli-con03a,1,525.4840
test-international-eghrhbeusli-con03a,2,459.1785
test-international-eghrhbeusli-con01a,0,518.1213
test-international-eghrhbeusli-con01a,1,474.9478
test-international-eghrhbeusli-con01a,2,473.4611
test-international-gsciidffe-pro02a,0,528.5615
test-international-gsciidffe-pro02a,1,483.6189
test-international-gsciidffe-pro02a,2,487.3963
test-international-gsciidffe-pro01a,0,501.1336
test-international-gsciidffe-pro01a,1,498.7470
test-international-gsciidffe-pro01a,2,506.1388
test-international-gsciidffe-pro03a,0,515.2444
test-international-gsciidffe-pro03a,1,496.5502
test-international-gsciidffe-pro03a,2,478.8250
test-international-gsciidffe-pro04a,0,580.2949
test-international-gsciidffe-pro04a,1,564.1434
test-international-gsciidffe-pro04a,2,479.1761
test-international-gsciidffe-con02a,0,440.7008
test-international-gsciidffe-con02a,1,501.3798
test-international-gsciidffe-con02a,2,523.1098
test-international-gsciidffe-con04a,0,497.4886
test-international-gsciidffe-con04a,1,584.0991
test-international-gsciidffe-con04a,2,474.0444
test-international-gsciidffe-con03a,0,457.7947
test-international-gsciidffe-con03a,1,514.1966
test-international-gsciidffe-con03a,2,486.5463
test-international-gsciidffe-con01a,0,470.0502
test-international-gsciidffe-con01a,1,509.1755
test-international-gsciidffe-con01a,2,492.2157
test-international-eiahwpamu-pro02a,0,488.8925
test-international-eiahwpamu-pro02a,1,569.3065
test-international-eiahwpamu-pro02a,2,456.8185
test-international-eiahwpamu-pro05a,0,467.4690
test-international-eiahwpamu-pro05a,1,542.3351
test-international-eiahwpamu-pro05a,2,470.7381
test-international-eiahwpamu-pro01a,0,502.8156
test-international-eiahwpamu-pro01a,1,502.7944
test-international-eiahwpamu-pro01a,2,444.9074
test-international-eiahwpamu-pro03a,0,745.2349
test-international-eiahwpamu-pro03a,1,512.9177
test-international-eiahwpamu-pro03a,2,461.7454
test-international-eiahwpamu-pro04a,0,475.6251
test-international-eiahwpamu-pro04a,1,504.8541
test-international-eiahwpamu-pro04a,2,494.5921
test-international-eiahwpamu-con02a,0,472.7986
test-international-eiahwpamu-con02a,1,487.5112
test-international-eiahwpamu-con02a,2,543.5851
test-international-eiahwpamu-con03a,0,470.0173
test-international-eiahwpamu-con03a,1,548.3556
test-international-eiahwpamu-con03a,2,471.6126
test-international-eiahwpamu-con01a,0,525.2018
test-international-eiahwpamu-con01a,1,509.3296
test-international-eiahwpamu-con01a,2,463.7890
test-international-emephsate-pro02a,0,786.1486
test-international-emephsate-pro02a,1,538.3319
test-international-emephsate-pro02a,2,604.6593
test-international-emephsate-pro01a,0,474.1587
test-international-emephsate-pro01a,1,496.2182
test-international-emephsate-pro01a,2,485.8739
test-international-emephsate-pro03a,0,487.0899
test-international-emephsate-pro03a,1,548.4963
test-international-emephsate-pro03a,2,480.7853
test-international-emephsate-con02a,0,484.0650
test-international-emephsate-con02a,1,636.1156
test-international-emephsate-con02a,2,479.7249
test-international-emephsate-con03a,0,473.4885
test-international-emephsate-con03a,1,533.0541
test-international-emephsate-con03a,2,489.7060
test-international-emephsate-con01a,0,491.1996
test-international-emephsate-con01a,1,535.4861
test-international-emephsate-con01a,2,503.4278
test-international-epdlhfcefp-pro02a,0,466.9629
test-international-epdlhfcefp-pro02a,1,476.6833
test-international-epdlhfcefp-pro02a,2,464.3328
test-international-epdlhfcefp-pro01a,0,470.9144
test-international-epdlhfcefp-pro01a,1,508.0919
test-international-epdlhfcefp-pro01a,2,547.7353
test-international-epdlhfcefp-pro03a,0,484.1654
test-international-epdlhfcefp-pro03a,1,474.3768
test-international-epdlhfcefp-pro03a,2,499.2178
test-international-epdlhfcefp-pro04a,0,440.1610
test-international-epdlhfcefp-pro04a,1,558.7459
test-international-epdlhfcefp-pro04a,2,487.4828
test-international-epdlhfcefp-con02a,0,489.7600
test-international-epdlhfcefp-con02a,1,512.6229
test-international-epdlhfcefp-con02a,2,486.6591
test-international-epdlhfcefp-con03a,0,493.9781
test-international-epdlhfcefp-con03a,1,526.8404
test-international-epdlhfcefp-con03a,2,570.6932
test-international-epdlhfcefp-con01a,0,586.2471
test-international-epdlhfcefp-con01a,1,479.0177
test-international-epdlhfcefp-con01a,2,547.7935
test-international-ssiarcmhb-pro02a,0,449.1056
test-international-ssiarcmhb-pro02a,1,546.9589
test-international-ssiarcmhb-pro02a,2,510.1741
test-international-ssiarcmhb-pro05a,0,562.6724
test-international-ssiarcmhb-pro05a,1,575.4921
test-international-ssiarcmhb-pro05a,2,533.8514
test-international-ssiarcmhb-pro01a,0,506.8078
test-international-ssiarcmhb-pro01a,1,513.5491
test-international-ssiarcmhb-pro01a,2,544.6029
test-international-ssiarcmhb-pro03a,0,736.4841
test-international-ssiarcmhb-pro03a,1,551.4598
test-international-ssiarcmhb-pro03a,2,543.0290
test-international-ssiarcmhb-pro04a,0,505.0726
test-international-ssiarcmhb-pro04a,1,485.0888
test-international-ssiarcmhb-pro04a,2,545.5638
test-international-ssiarcmhb-con02a,0,495.1677
test-international-ssiarcmhb-con02a,1,497.6800
test-international-ssiarcmhb-con02a,2,480.4889
test-international-ssiarcmhb-con05a,0,514.2212
test-international-ssiarcmhb-con05a,1,502.3285
test-international-ssiarcmhb-con05a,2,528.5277
test-international-ssiarcmhb-con04a,0,513.4274
test-international-ssiarcmhb-con04a,1,476.2587
test-international-ssiarcmhb-con04a,2,534.6021
test-international-ssiarcmhb-con03a,0,466.2366
test-international-ssiarcmhb-con03a,1,506.1536
test-international-ssiarcmhb-con03a,2,479.7786
test-international-ssiarcmhb-con01a,0,497.0361
test-international-ssiarcmhb-con01a,1,484.8401
test-international-ssiarcmhb-con01a,2,445.8149
test-philosophy-pppgshbsd-pro02a,0,606.3724
test-philosophy-pppgshbsd-pro02a,1,474.4099
test-philosophy-pppgshbsd-pro02a,2,479.7035
test-philosophy-pppgshbsd-pro01a,0,529.8744
test-philosophy-pppgshbsd-pro01a,1,503.3287
test-philosophy-pppgshbsd-pro01a,2,457.3679
test-philosophy-pppgshbsd-pro03a,0,480.8351
test-philosophy-pppgshbsd-pro03a,1,495.2123
test-philosophy-pppgshbsd-pro03a,2,479.8005
test-philosophy-pppgshbsd-con02a,0,487.6327
test-philosophy-pppgshbsd-con02a,1,509.1443
test-philosophy-pppgshbsd-con02a,2,507.7599
test-philosophy-pppgshbsd-con05a,0,481.3980
test-philosophy-pppgshbsd-con05a,1,550.3657
test-philosophy-pppgshbsd-con05a,2,503.5115
test-philosophy-pppgshbsd-con04a,0,480.3223
test-philosophy-pppgshbsd-con04a,1,487.4097
test-philosophy-pppgshbsd-con04a,2,501.4964
test-philosophy-pppgshbsd-con03a,0,485.0250
test-philosophy-pppgshbsd-con03a,1,485.9525
test-philosophy-pppgshbsd-con03a,2,451.0689
test-philosophy-pppgshbsd-con01a,0,498.5560
test-philosophy-pppgshbsd-con01a,1,510.9201
test-philosophy-pppgshbsd-con01a,2,463.1314
test-philosophy-elhbrd-pro02a,0,495.8275
test-philosophy-elhbrd-pro02a,1,470.4179
test-philosophy-elhbrd-pro02a,2,472.5693
test-philosophy-elhbrd-pro01a,0,519.0754
test-philosophy-elhbrd-pro01a,1,665.1866
test-philosophy-elhbrd-pro01a,2,552.4049
test-philosophy-elhbrd-pro03a,0,813.9888
test-philosophy-elhbrd-pro03a,1,471.6579
test-philosophy-elhbrd-pro03a,2,449.7144
test-philosophy-elhbrd-con02a,0,487.7445
test-philosophy-elhbrd-con02a,1,533.8519
test-philosophy-elhbrd-con02a,2,501.8186
test-philosophy-elhbrd-con04a,0,463.9461
test-philosophy-elhbrd-con04a,1,524.3315
test-philosophy-elhbrd-con04a,2,524.5203
test-philosophy-elhbrd-con03a,0,467.1061
test-philosophy-elhbrd-con03a,1,495.6102
test-philosophy-elhbrd-con03a,2,556.9566
test-philosophy-elhbrd-con01a,0,483.9326
test-philosophy-elhbrd-con01a,1,456.0359
test-philosophy-elhbrd-con01a,2,588.5895
test-philosophy-apessghwba-pro02a,0,487.1161
test-philosophy-apessghwba-pro02a,1,539.3363
test-philosophy-apessghwba-pro02a,2,490.6435
test-philosophy-apessghwba-pro05a,0,481.8328
test-philosophy-apessghwba-pro05a,1,506.1147
test-philosophy-apessghwba-pro05a,2,484.1565
test-philosophy-apessghwba-pro01a,0,475.5256
test-philosophy-apessghwba-pro01a,1,484.9814
test-philosophy-apessghwba-pro01a,2,490.8886
test-philosophy-apessghwba-pro03a,0,515.4350
test-philosophy-apessghwba-pro03a,1,497.7964
test-philosophy-apessghwba-pro03a,2,482.7220
test-philosophy-apessghwba-pro04a,0,476.5621
test-philosophy-apessghwba-pro04a,1,523.6843
test-philosophy-apessghwba-pro04a,2,477.5370
test-philosophy-apessghwba-con02a,0,519.0737
test-philosophy-apessghwba-con02a,1,532.5242
test-philosophy-apessghwba-con02a,2,465.5933
test-philosophy-apessghwba-con05a,0,505.8677
test-philosophy-apessghwba-con05a,1,532.7174
test-philosophy-apessghwba-con05a,2,524.8869
test-philosophy-apessghwba-con04a,0,490.3168
test-philosophy-apessghwba-con04a,1,483.1390
test-philosophy-apessghwba-con04a,2,516.4262
test-philosophy-apessghwba-con03a,0,558.9956
test-philosophy-apessghwba-con03a,1,490.2631
test-philosophy-apessghwba-con03a,2,539.2642
test-philosophy-apessghwba-con01a,0,791.7309
test-philosophy-apessghwba-con01a,1,526.9921
test-philosophy-apessghwba-con01a,2,485.4549
test-philosophy-elkosmj-pro02a,0,492.0078
test-philosophy-elkosmj-pro02a,1,491.8225
test-philosophy-elkosmj-pro02a,2,538.5081
test-philosophy-elkosmj-pro01a,0,504.8731
test-philosophy-elkosmj-pro01a,1,476.1792
test-philosophy-elkosmj-pro01a,2,521.8966
test-philosophy-elkosmj-pro03a,0,2110.4432
test-philosophy-elkosmj-pro03a,1,517.4605
test-philosophy-elkosmj-pro03a,2,531.4786
test-philosophy-elkosmj-con02a,0,834.4480
test-philosophy-elkosmj-con02a,1,503.0077
test-philosophy-elkosmj-con02a,2,541.2799
test-philosophy-elkosmj-con05a,0,503.0214
test-philosophy-elkosmj-con05a,1,477.7576
test-philosophy-elkosmj-con05a,2,542.7267
test-philosophy-elkosmj-con04a,0,764.9934
test-philosophy-elkosmj-con04a,1,564.6343
test-philosophy-elkosmj-con04a,2,547.0705
test-philosophy-elkosmj-con06a,0,508.2802
test-philosophy-elkosmj-con06a,1,543.8373
test-philosophy-elkosmj-con06a,2,570.4844
test-philosophy-elkosmj-con03a,0,475.0326
test-philosophy-elkosmj-con03a,1,534.8169
test-philosophy-elkosmj-con03a,2,493.1886
test-philosophy-elkosmj-con01a,0,502.4207
test-philosophy-elkosmj-con01a,1,499.0381
test-philosophy-elkosmj-con01a,2,466.8912
test-philosophy-pphbclsbs-pro02a,0,490.8320
test-philosophy-pphbclsbs-pro02a,1,499.6215
test-philosophy-pphbclsbs-pro02a,2,480.9836
test-philosophy-pphbclsbs-pro05a,0,750.6564
test-philosophy-pphbclsbs-pro05a,1,535.7814
test-philosophy-pphbclsbs-pro05a,2,474.6751
test-philosophy-pphbclsbs-pro01a,0,4095.0741
test-philosophy-pphbclsbs-pro01a,1,500.0695
test-philosophy-pphbclsbs-pro01a,2,487.9786
test-philosophy-pphbclsbs-pro03a,0,484.3320
test-philosophy-pphbclsbs-pro03a,1,514.5208
test-philosophy-pphbclsbs-pro03a,2,500.0339
test-philosophy-pphbclsbs-pro04a,0,483.4116
test-philosophy-pphbclsbs-pro04a,1,494.7729
test-philosophy-pphbclsbs-pro04a,2,498.7272
test-philosophy-pphbclsbs-con02a,0,455.9814
test-philosophy-pphbclsbs-con02a,1,553.0723
test-philosophy-pphbclsbs-con02a,2,551.4259
test-philosophy-pphbclsbs-con05a,0,475.3983
test-philosophy-pphbclsbs-con05a,1,583.8262
test-philosophy-pphbclsbs-con05a,2,481.1876
test-philosophy-pphbclsbs-con04a,0,479.0742
test-philosophy-pphbclsbs-con04a,1,478.6144
test-philosophy-pphbclsbs-con04a,2,511.3428
test-philosophy-pphbclsbs-con03a,0,491.6206
test-philosophy-pphbclsbs-con03a,1,501.1360
test-philosophy-pphbclsbs-con03a,2,495.1295
test-philosophy-pphbclsbs-con01a,0,445.8586
test-philosophy-pphbclsbs-con01a,1,480.8791
test-philosophy-pphbclsbs-con01a,2,537.8574
test-philosophy-npppmhwup-pro02a,0,479.8472
test-philosophy-npppmhwup-pro02a,1,482.8508
test-philosophy-npppmhwup-pro02a,2,565.3922
test-philosophy-npppmhwup-pro01a,0,462.3771
test-philosophy-npppmhwup-pro01a,1,448.1721
test-philosophy-npppmhwup-pro01a,2,520.5289
test-philosophy-npppmhwup-pro03a,0,489.1030
test-philosophy-npppmhwup-pro03a,1,448.5931
test-philosophy-npppmhwup-pro03a,2,573.9669
test-philosophy-npppmhwup-pro04a,0,556.9966
test-philosophy-npppmhwup-pro04a,1,467.0322
test-philosophy-npppmhwup-pro04a,2,567.8181
test-philosophy-npppmhwup-con02a,0,472.5521
test-philosophy-npppmhwup-con02a,1,502.4098
test-philosophy-npppmhwup-con02a,2,527.9170
test-philosophy-npppmhwup-con03a,0,527.0497
test-philosophy-npppmhwup-con03a,1,455.7153
test-philosophy-npppmhwup-con03a,2,535.3933
test-philosophy-npppmhwup-con01a,0,525.7545
test-philosophy-npppmhwup-con01a,1,480.7319
test-philosophy-npppmhwup-con01a,2,554.0512
test-philosophy-npegiepp-pro02a,0,561.2606
test-philosophy-npegiepp-pro02a,1,473.4538
test-philosophy-npegiepp-pro02a,2,549.3481
test-philosophy-npegiepp-pro05a,0,613.5646
test-philosophy-npegiepp-pro05a,1,473.8686
test-philosophy-npegiepp-pro05a,2,506.2114
test-philosophy-npegiepp-pro01a,0,568.4360
test-philosophy-npegiepp-pro01a,1,486.2349
test-philosophy-npegiepp-pro01a,2,506.9409
test-philosophy-npegiepp-pro03a,0,771.0601
test-philosophy-npegiepp-pro03a,1,604.1066
test-philosophy-npegiepp-pro03a,2,548.4863
test-philosophy-npegiepp-pro04a,0,564.4443
test-philosophy-npegiepp-pro04a,1,506.4864
test-philosophy-npegiepp-pro04a,2,569.7446
test-philosophy-npegiepp-con02a,0,589.4223
test-philosophy-npegiepp-con02a,1,462.7628
test-philosophy-npegiepp-con02a,2,557.2764
test-philosophy-npegiepp-con04a,0,609.5852
test-philosophy-npegiepp-con04a,1,516.3884
test-philosophy-npegiepp-con04a,2,518.2777
test-philosophy-npegiepp-con03a,0,590.4357
test-philosophy-npegiepp-con03a,1,460.5142
test-philosophy-npegiepp-con03a,2,545.3945
test-philosophy-npegiepp-con01a,0,923.8234
test-philosophy-npegiepp-con01a,1,509.7629
test-philosophy-npegiepp-con01a,2,537.1359
test-philosophy-eppphwlrtjs-pro02a,0,608.1858
test-philosophy-eppphwlrtjs-pro02a,1,516.6322
test-philosophy-eppphwlrtjs-pro02a,2,525.6429
test-philosophy-eppphwlrtjs-pro05a,0,575.3934
test-philosophy-eppphwlrtjs-pro05a,1,513.0029
test-philosophy-eppphwlrtjs-pro05a,2,518.0082
test-philosophy-eppphwlrtjs-pro01a,0,859.8281
test-philosophy-eppphwlrtjs-pro01a,1,497.6511
test-philosophy-eppphwlrtjs-pro01a,2,543.7332
test-philosophy-eppphwlrtjs-pro03a,0,575.0441
test-philosophy-eppphwlrtjs-pro03a,1,465.7043
test-philosophy-eppphwlrtjs-pro03a,2,556.8527
test-philosophy-eppphwlrtjs-pro04a,0,565.9399
test-philosophy-eppphwlrtjs-pro04a,1,541.5592
test-philosophy-eppphwlrtjs-pro04a,2,518.5890
test-philosophy-eppphwlrtjs-con02a,0,619.3609
test-philosophy-eppphwlrtjs-con02a,1,500.4289
test-philosophy-eppphwlrtjs-con02a,2,638.9331
test-philosophy-eppphwlrtjs-con04a,0,596.9616
test-philosophy-eppphwlrtjs-con04a,1,537.4103
test-philosophy-eppphwlrtjs-con04a,2,538.9748
test-philosophy-eppphwlrtjs-con03a,0,605.0661
test-philosophy-eppphwlrtjs-con03a,1,558.8629
test-philosophy-eppphwlrtjs-con03a,2,602.2709
test-philosophy-eppphwlrtjs-con01a,0,625.9238
test-philosophy-eppphwlrtjs-con01a,1,545.6343
test-philosophy-eppphwlrtjs-con01a,2,535.0257
test-philosophy-pppthbtcb-pro02a,0,598.7407
test-philosophy-pppthbtcb-pro02a,1,475.9515
test-philosophy-pppthbtcb-pro02a,2,518.4985
test-philosophy-pppthbtcb-pro05a,0,867.6888
test-philosophy-pppthbtcb-pro05a,1,537.4099
test-philosophy-pppthbtcb-pro05a,2,557.0470
test-philosophy-pppthbtcb-pro01a,0,611.3878
test-philosophy-pppthbtcb-pro01a,1,476.2363
test-philosophy-pppthbtcb-pro01a,2,685.6065
test-philosophy-pppthbtcb-pro03a,0,560.7399
test-philosophy-pppthbtcb-pro03a,1,479.5817
test-philosophy-pppthbtcb-pro03a,2,525.6331
test-philosophy-pppthbtcb-pro04a,0,610.3351
test-philosophy-pppthbtcb-pro04a,1,498.1195
test-philosophy-pppthbtcb-pro04a,2,568.0145
test-philosophy-pppthbtcb-con02a,0,567.8205
test-philosophy-pppthbtcb-con02a,1,501.1882
test-philosophy-pppthbtcb-con02a,2,516.4915
test-philosophy-pppthbtcb-con04a,0,572.5638
test-philosophy-pppthbtcb-con04a,1,500.9286
test-philosophy-pppthbtcb-con04a,2,654.9178
test-philosophy-pppthbtcb-con03a,0,579.8647
test-philosophy-pppthbtcb-con03a,1,511.1045
test-philosophy-pppthbtcb-con03a,2,591.3116
test-philosophy-pppthbtcb-con01a,0,598.2714
test-philosophy-pppthbtcb-con01a,1,488.0342
test-philosophy-pppthbtcb-con01a,2,610.6042
test-philosophy-ippelhbcp-pro02a,0,573.9402
test-philosophy-ippelhbcp-pro02a,1,512.1256
test-philosophy-ippelhbcp-pro02a,2,593.9880
test-philosophy-ippelhbcp-pro01a,0,551.2038
test-philosophy-ippelhbcp-pro01a,1,483.0860
test-philosophy-ippelhbcp-pro01a,2,526.9189
test-philosophy-ippelhbcp-pro03a,0,595.5131
test-philosophy-ippelhbcp-pro03a,1,494.2812
test-philosophy-ippelhbcp-pro03a,2,790.5383
test-philosophy-ippelhbcp-con02a,0,522.4635
test-philosophy-ippelhbcp-con02a,1,463.9626
test-philosophy-ippelhbcp-con02a,2,534.2034
test-philosophy-ippelhbcp-con04a,0,533.7221
test-philosophy-ippelhbcp-con04a,1,453.8179
test-philosophy-ippelhbcp-con04a,2,528.3465
test-philosophy-ippelhbcp-con03a,0,495.1546
test-philosophy-ippelhbcp-con03a,1,554.4867
test-philosophy-ippelhbcp-con03a,2,530.1585
test-philosophy-ippelhbcp-con01a,0,539.9536
test-philosophy-ippelhbcp-con01a,1,460.0457
test-philosophy-ippelhbcp-con01a,2,551.1191
test-law-ilppppghb-pro02a,0,496.9869
test-law-ilppppghb-pro02a,1,501.0287
test-law-ilppppghb-pro02a,2,505.1537
test-law-ilppppghb-pro01a,0,517.1182
test-law-ilppppghb-pro01a,1,443.1609
test-law-ilppppghb-pro01a,2,564.6613
test-law-ilppppghb-pro03a,0,486.3685
test-law-ilppppghb-pro03a,1,482.2079
test-law-ilppppghb-pro03a,2,516.0212
test-law-ilppppghb-pro04a,0,493.1744
test-law-ilppppghb-pro04a,1,467.0495
test-law-ilppppghb-pro04a,2,520.3667
test-law-ilppppghb-con02a,0,506.5151
test-law-ilppppghb-con02a,1,510.0069
test-law-ilppppghb-con02a,2,533.0682
test-law-ilppppghb-con03a,0,476.4453
test-law-ilppppghb-con03a,1,555.5063
test-law-ilppppghb-con03a,2,511.6638
test-law-ilppppghb-con01a,0,492.7376
test-law-ilppppghb-con01a,1,498.8039
test-law-ilppppghb-con01a,2,522.8930
test-law-lgplhbssbco-pro02a,0,488.0743
test-law-lgplhbssbco-pro02a,1,484.1874
test-law-lgplhbssbco-pro02a,2,552.8995
test-law-lgplhbssbco-pro01a,0,499.5336
test-law-lgplhbssbco-pro01a,1,494.1850
test-law-lgplhbssbco-pro01a,2,510.1583
test-law-lgplhbssbco-pro03a,0,533.6404
test-law-lgplhbssbco-pro03a,1,477.7707
test-law-lgplhbssbco-pro03a,2,1603.1457
test-law-lgplhbssbco-pro04a,0,478.4762
test-law-lgplhbssbco-pro04a,1,504.5857
test-law-lgplhbssbco-pro04a,2,515.4885
test-law-lgplhbssbco-con02a,0,475.4558
test-law-lgplhbssbco-con02a,1,475.7497
test-law-lgplhbssbco-con02a,2,505.4047
test-law-lgplhbssbco-con03a,0,501.2909
test-law-lgplhbssbco-con03a,1,483.1828
test-law-lgplhbssbco-con03a,2,535.5669
test-law-lgplhbssbco-con01a,0,493.9234
test-law-lgplhbssbco-con01a,1,510.7149
test-law-lgplhbssbco-con01a,2,548.9070
test-law-ralhrilglv-pro02a,0,489.2314
test-law-ralhrilglv-pro02a,1,494.7835
test-law-ralhrilglv-pro02a,2,547.4773
test-law-ralhrilglv-pro01a,0,471.2438
test-law-ralhrilglv-pro01a,1,471.0455
test-law-ralhrilglv-pro01a,2,544.8677
test-law-ralhrilglv-pro03a,0,483.3919
test-law-ralhrilglv-pro03a,1,500.2909
test-law-ralhrilglv-pro03a,2,511.2803
test-law-ralhrilglv-con02a,0,478.5511
test-law-ralhrilglv-con02a,1,483.6721
test-law-ralhrilglv-con02a,2,539.7546
test-law-ralhrilglv-con04a,0,488.4600
test-law-ralhrilglv-con04a,1,468.7928
test-law-ralhrilglv-con04a,2,532.8875
test-law-ralhrilglv-con03a,0,493.1344
test-law-ralhrilglv-con03a,1,499.4178
test-law-ralhrilglv-con03a,2,559.9267
test-law-ralhrilglv-con01a,0,563.9273
test-law-ralhrilglv-con01a,1,496.4975
test-law-ralhrilglv-con01a,2,555.9734
test-law-thgglcplgphw-pro02a,0,506.8195
test-law-thgglcplgphw-pro02a,1,465.3764
test-law-thgglcplgphw-pro02a,2,532.4906
test-law-thgglcplgphw-pro01a,0,481.3908
test-law-thgglcplgphw-pro01a,1,498.3351
test-law-thgglcplgphw-pro01a,2,556.2398
test-law-thgglcplgphw-pro03a,0,500.4724
test-law-thgglcplgphw-pro03a,1,456.4460
test-law-thgglcplgphw-pro03a,2,589.9053
test-law-thgglcplgphw-con02a,0,478.9619
test-law-thgglcplgphw-con02a,1,487.9025
test-law-thgglcplgphw-con02a,2,536.2782
test-law-thgglcplgphw-con03a,0,490.3915
test-law-thgglcplgphw-con03a,1,517.5050
test-law-thgglcplgphw-con03a,2,530.3122
test-law-thgglcplgphw-con01a,0,465.5480
test-law-thgglcplgphw-con01a,1,533.8840
test-law-thgglcplgphw-con01a,2,549.0135
test-law-cplgpshwdp-pro02a,0,487.0050
test-law-cplgpshwdp-pro02a,1,461.5218
test-law-cplgpshwdp-pro02a,2,529.0423
test-law-cplgpshwdp-pro05a,0,552.5098
test-law-cplgpshwdp-pro05a,1,458.5846
test-law-cplgpshwdp-pro05a,2,574.4409
test-law-cplgpshwdp-pro01a,0,475.1409
test-law-cplgpshwdp-pro01a,1,473.2735
test-law-cplgpshwdp-pro01a,2,532.5065
test-law-cplgpshwdp-pro03a,0,500.5530
test-law-cplgpshwdp-pro03a,1,532.5088
test-law-cplgpshwdp-pro03a,2,745.9187
test-law-cplgpshwdp-pro04a,0,560.1658
test-law-cplgpshwdp-pro04a,1,520.4313
test-law-cplgpshwdp-pro04a,2,602.1327
test-law-cplgpshwdp-con02a,0,566.5350
test-law-cplgpshwdp-con02a,1,525.9317
test-law-cplgpshwdp-con02a,2,540.8276
test-law-cplgpshwdp-con04a,0,492.7025
test-law-cplgpshwdp-con04a,1,496.0387
test-law-cplgpshwdp-con04a,2,562.0056
test-law-cplgpshwdp-con03a,0,506.0623
test-law-cplgpshwdp-con03a,1,473.3955
test-law-cplgpshwdp-con03a,2,538.9120
test-law-cplgpshwdp-con01a,0,492.1743
test-law-cplgpshwdp-con01a,1,458.5989
test-law-cplgpshwdp-con01a,2,557.6724
test-law-umtlilhotac-pro02a,0,648.2720
test-law-umtlilhotac-pro02a,1,457.5390
test-law-umtlilhotac-pro02a,2,558.7738
test-law-umtlilhotac-pro01a,0,527.8298
test-law-umtlilhotac-pro01a,1,494.1310
test-law-umtlilhotac-pro01a,2,1649.2975
test-law-umtlilhotac-pro03a,0,551.4782
test-law-umtlilhotac-pro03a,1,450.9851
test-law-umtlilhotac-pro03a,2,563.7503
test-law-umtlilhotac-con02a,0,616.1782
test-law-umtlilhotac-con02a,1,510.4790
test-law-umtlilhotac-con02a,2,557.4077
test-law-umtlilhotac-con03a,0,533.2375
test-law-umtlilhotac-con03a,1,440.4768
test-law-umtlilhotac-con03a,2,550.0862
test-law-umtlilhotac-con01a,0,508.8005
test-law-umtlilhotac-con01a,1,1266.3879
test-law-umtlilhotac-con01a,2,534.8862
test-law-cplglghwbhwd-pro02a,0,507.1532
test-law-cplglghwbhwd-pro02a,1,461.9274
test-law-cplglghwbhwd-pro02a,2,637.6806
test-law-cplglghwbhwd-pro01a,0,599.9153
test-law-cplglghwbhwd-pro01a,1,439.4494
test-law-cplglghwbhwd-pro01a,2,633.2343
test-law-cplglghwbhwd-pro03a,0,633.8341
test-law-cplglghwbhwd-pro03a,1,473.6702
test-law-cplglghwbhwd-pro03a,2,571.5876
test-law-cplglghwbhwd-con02a,0,624.5482
test-law-cplglghwbhwd-con02a,1,494.6257
test-law-cplglghwbhwd-con02a,2,576.7025
test-law-cplglghwbhwd-con03a,0,615.5540
test-law-cplglghwbhwd-con03a,1,452.6492
test-law-cplglghwbhwd-con03a,2,576.4589
test-law-cplglghwbhwd-con01a,0,674.9681
test-law-cplglghwbhwd-con01a,1,448.2778
test-law-cplglghwbhwd-con01a,2,611.4969
test-law-sdiflhrdffe-pro02a,0,526.9765
test-law-sdiflhrdffe-pro02a,1,451.5703
test-law-sdiflhrdffe-pro02a,2,550.9079
test-law-sdiflhrdffe-pro01a,0,591.4603
test-law-sdiflhrdffe-pro01a,1,497.4246
test-law-sdiflhrdffe-pro01a,2,557.7118
test-law-sdiflhrdffe-pro03a,0,554.6244
test-law-sdiflhrdffe-pro03a,1,484.1500
test-law-sdiflhrdffe-pro03a,2,561.9905
test-law-sdiflhrdffe-con02a,0,548.5439
test-law-sdiflhrdffe-con02a,1,449.5091
test-law-sdiflhrdffe-con02a,2,556.8701
test-law-sdiflhrdffe-con04a,0,559.5646
test-law-sdiflhrdffe-con04a,1,415.9199
test-law-sdiflhrdffe-con04a,2,581.1450
test-law-sdiflhrdffe-con03a,0,570.1669
test-law-sdiflhrdffe-con03a,1,418.2023
test-law-sdiflhrdffe-con03a,2,583.1466
test-law-sdiflhrdffe-con01a,0,547.1930
test-law-sdiflhrdffe-con01a,1,431.2659
test-law-sdiflhrdffe-con01a,2,534.5778
test-law-rmelhrilhbiw-pro02a,0,634.7733
test-law-rmelhrilhbiw-pro02a,1,426.0013
test-law-rmelhrilhbiw-pro02a,2,555.1293
test-law-rmelhrilhbiw-pro01a,0,581.8924
test-law-rmelhrilhbiw-pro01a,1,438.7978
test-law-rmelhrilhbiw-pro01a,2,595.9234
test-law-rmelhrilhbiw-pro03a,0,700.8407
test-law-rmelhrilhbiw-pro03a,1,428.1847
test-law-rmelhrilhbiw-pro03a,2,593.0334
test-law-rmelhrilhbiw-pro04a,0,610.5253
test-law-rmelhrilhbiw-pro04a,1,475.9709
test-law-rmelhrilhbiw-pro04a,2,542.6127
test-law-rmelhrilhbiw-con02a,0,584.1980
test-law-rmelhrilhbiw-con02a,1,436.1073
test-law-rmelhrilhbiw-con02a,2,573.8266
test-law-rmelhrilhbiw-con04a,0,610.2839
test-law-rmelhrilhbiw-con04a,1,413.1029
test-law-rmelhrilhbiw-con04a,2,552.6296
test-law-rmelhrilhbiw-con03a,0,632.0244
test-law-rmelhrilhbiw-con03a,1,437.9025
test-law-rmelhrilhbiw-con03a,2,642.2259
test-law-rmelhrilhbiw-con01a,0,578.8249
test-law-rmelhrilhbiw-con01a,1,460.7233
test-law-rmelhrilhbiw-con01a,2,551.3608
test-law-cpilhbishioe-pro02a,0,567.7477
test-law-cpilhbishioe-pro02a,1,411.4813
test-law-cpilhbishioe-pro02a,2,567.2696
test-law-cpilhbishioe-pro01a,0,576.1149
test-law-cpilhbishioe-pro01a,1,422.1950
test-law-cpilhbishioe-pro01a,2,686.2917
test-law-cpilhbishioe-pro03a,0,551.0623
test-law-cpilhbishioe-pro03a,1,447.0793
test-law-cpilhbishioe-pro03a,2,668.8772
test-law-cpilhbishioe-pro04a,0,564.3214
test-law-cpilhbishioe-pro04a,1,438.2961
test-law-cpilhbishioe-pro04a,2,621.8375
test-law-cpilhbishioe-con02a,0,578.6246
test-law-cpilhbishioe-con02a,1,614.6287
test-law-cpilhbishioe-con02a,2,593.4862
test-law-cpilhbishioe-con04a,0,568.7881
test-law-cpilhbishioe-con04a,1,446.0968
test-law-cpilhbishioe-con04a,2,561.4152
test-law-cpilhbishioe-con03a,0,538.9503
test-law-cpilhbishioe-con03a,1,445.3151
test-law-cpilhbishioe-con03a,2,531.7330
test-law-cpilhbishioe-con01a,0,751.0420
test-law-cpilhbishioe-con01a,1,461.0278
test-law-cpilhbishioe-con01a,2,541.6872
test-law-tlcplghwfne-pro02a,0,571.2464
test-law-tlcplghwfne-pro02a,1,473.4925
test-law-tlcplghwfne-pro02a,2,533.4734
test-law-tlcplghwfne-pro01a,0,536.7360
test-law-tlcplghwfne-pro01a,1,497.0565
test-law-tlcplghwfne-pro01a,2,528.5164
test-law-tlcplghwfne-pro03a,0,550.0358
test-law-tlcplghwfne-pro03a,1,437.4477
test-law-tlcplghwfne-pro03a,2,719.5516
test-law-tlcplghwfne-con02a,0,578.6092
test-law-tlcplghwfne-con02a,1,455.0739
test-law-tlcplghwfne-con02a,2,591.1144
test-law-tlcplghwfne-con03a,0,568.3902
test-law-tlcplghwfne-con03a,1,473.2092
test-law-tlcplghwfne-con03a,2,589.6811
test-law-tlcplghwfne-con01a,0,563.3474
test-law-tlcplghwfne-con01a,1,454.7670
test-law-tlcplghwfne-con01a,2,551.9185
test-law-phwmfri-pro02a,0,523.4240
test-law-phwmfri-pro02a,1,461.7276
test-law-phwmfri-pro02a,2,581.6611
test-law-phwmfri-pro01a,0,485.7284
test-law-phwmfri-pro01a,1,423.2471
test-law-phwmfri-pro01a,2,577.7632
test-law-phwmfri-pro03a,0,509.8511
test-law-phwmfri-pro03a,1,439.9190
test-law-phwmfri-pro03a,2,611.3400
test-law-phwmfri-con02a,0,496.5003
test-law-phwmfri-con02a,1,481.4250
test-law-phwmfri-con02a,2,602.1254
test-law-phwmfri-con03a,0,589.3675
test-law-phwmfri-con03a,1,475.5264
test-law-phwmfri-con03a,2,551.5462
test-law-phwmfri-con01a,0,467.3547
test-law-phwmfri-con01a,1,447.4654
test-law-phwmfri-con01a,2,539.8742
test-law-hrpepthwuto-pro02a,0,466.7180
test-law-hrpepthwuto-pro02a,1,454.6474
test-law-hrpepthwuto-pro02a,2,571.4837
test-law-hrpepthwuto-pro01a,0,493.1398
test-law-hrpepthwuto-pro01a,1,449.3835
test-law-hrpepthwuto-pro01a,2,677.9395
test-law-hrpepthwuto-pro03a,0,519.1991
test-law-hrpepthwuto-pro03a,1,503.6967
test-law-hrpepthwuto-pro03a,2,536.7062
test-law-hrpepthwuto-con02a,0,472.8469
test-law-hrpepthwuto-con02a,1,429.6473
test-law-hrpepthwuto-con02a,2,544.3231
test-law-hrpepthwuto-con03a,0,500.2891
test-law-hrpepthwuto-con03a,1,464.8909
test-law-hrpepthwuto-con03a,2,567.4246
test-law-hrpepthwuto-con01a,0,499.4652
test-law-hrpepthwuto-con01a,1,477.4999
test-law-hrpepthwuto-con01a,2,539.2003
test-law-lghwpcctcc-pro02a,0,484.0874
test-law-lghwpcctcc-pro02a,1,452.1828
test-law-lghwpcctcc-pro02a,2,558.5930
test-law-lghwpcctcc-pro01a,0,497.9496
test-law-lghwpcctcc-pro01a,1,446.4351
test-law-lghwpcctcc-pro01a,2,576.6653
test-law-lghwpcctcc-pro03a,0,530.2788
test-law-lghwpcctcc-pro03a,1,425.2846
test-law-lghwpcctcc-pro03a,2,586.6345
test-law-lghwpcctcc-con02a,0,496.6897
test-law-lghwpcctcc-con02a,1,435.3699
test-law-lghwpcctcc-con02a,2,573.0391
test-law-lghwpcctcc-con04a,0,485.6382
test-law-lghwpcctcc-con04a,1,453.3009
test-law-lghwpcctcc-con04a,2,572.4283
test-law-lghwpcctcc-con03a,0,515.6162
test-law-lghwpcctcc-con03a,1,450.9092
test-law-lghwpcctcc-con03a,2,651.5836
test-law-lghwpcctcc-con01a,0,481.1280
test-law-lghwpcctcc-con01a,1,498.7513
test-law-lghwpcctcc-con01a,2,567.5664
test-law-sdfclhrppph-pro02a,0,505.7567
test-law-sdfclhrppph-pro02a,1,469.7564
test-law-sdfclhrppph-pro02a,2,636.5595
test-law-sdfclhrppph-pro01a,0,512.1287
test-law-sdfclhrppph-pro01a,1,445.7645
test-law-sdfclhrppph-pro01a,2,596.5000
test-law-sdfclhrppph-pro03a,0,460.4597
test-law-sdfclhrppph-pro03a,1,1449.3995
test-law-sdfclhrppph-pro03a,2,566.2285
test-law-sdfclhrppph-pro04a,0,495.8632
test-law-sdfclhrppph-pro04a,1,504.4826
test-law-sdfclhrppph-pro04a,2,560.7853
test-law-sdfclhrppph-con02a,0,471.8388
test-law-sdfclhrppph-con02a,1,454.3849
test-law-sdfclhrppph-con02a,2,565.3301
test-law-sdfclhrppph-con01a,0,493.7704
test-law-sdfclhrppph-con01a,1,431.6923
test-law-sdfclhrppph-con01a,2,592.9274
test-law-tahglcphsld-pro02a,0,524.7057
test-law-tahglcphsld-pro02a,1,450.6672
test-law-tahglcphsld-pro02a,2,561.9307
test-law-tahglcphsld-pro06a,0,499.9392
test-law-tahglcphsld-pro06a,1,446.7128
test-law-tahglcphsld-pro06a,2,560.2329
test-law-tahglcphsld-pro05a,0,534.6466
test-law-tahglcphsld-pro05a,1,468.0857
test-law-tahglcphsld-pro05a,2,628.4404
test-law-tahglcphsld-pro01a,0,509.7072
test-law-tahglcphsld-pro01a,1,444.3132
test-law-tahglcphsld-pro01a,2,560.9742
test-law-tahglcphsld-pro07a,0,517.7880
test-law-tahglcphsld-pro07a,1,468.1864
test-law-tahglcphsld-pro07a,2,545.9034
test-law-tahglcphsld-pro03a,0,489.4069
test-law-tahglcphsld-pro03a,1,478.5298
test-law-tahglcphsld-pro03a,2,546.6812
test-law-tahglcphsld-pro04a,0,486.0178
test-law-tahglcphsld-pro04a,1,483.4106
test-law-tahglcphsld-pro04a,2,561.0934
test-law-tahglcphsld-con02a,0,537.3260
test-law-tahglcphsld-con02a,1,467.2086
test-law-tahglcphsld-con02a,2,550.3644
test-law-tahglcphsld-con03a,0,498.7282
test-law-tahglcphsld-con03a,1,451.6582
test-law-tahglcphsld-con03a,2,581.4463
test-law-tahglcphsld-con01a,0,475.8078
test-law-tahglcphsld-con01a,1,462.4492
test-law-tahglcphsld-con01a,2,560.8716
test-law-cppshbcjsfm-pro02a,0,555.6779
test-law-cppshbcjsfm-pro02a,1,455.2807
test-law-cppshbcjsfm-pro02a,2,590.9400
test-law-cppshbcjsfm-pro01a,0,489.2102
test-law-cppshbcjsfm-pro01a,1,474.9271
test-law-cppshbcjsfm-pro01a,2,576.1496
test-law-cppshbcjsfm-con02a,0,488.7820
test-law-cppshbcjsfm-con02a,1,496.9322
test-law-cppshbcjsfm-con02a,2,517.0179
test-law-cppshbcjsfm-con04a,0,525.7263
test-law-cppshbcjsfm-con04a,1,514.7804
test-law-cppshbcjsfm-con04a,2,500.1068
test-law-cppshbcjsfm-con03a,0,471.3916
test-law-cppshbcjsfm-con03a,1,501.4496
test-law-cppshbcjsfm-con03a,2,527.1787
test-law-cppshbcjsfm-con01a,0,514.7414
test-law-cppshbcjsfm-con01a,1,501.0795
test-law-cppshbcjsfm-con01a,2,553.5110
test-law-lghbacpsba-pro02a,0,506.7570
test-law-lghbacpsba-pro02a,1,493.8343
test-law-lghbacpsba-pro02a,2,620.4618
test-law-lghbacpsba-pro05a,0,583.4769
test-law-lghbacpsba-pro05a,1,724.9650
test-law-lghbacpsba-pro05a,2,650.9608
test-law-lghbacpsba-pro01a,0,482.4523
test-law-lghbacpsba-pro01a,1,496.5284
test-law-lghbacpsba-pro01a,2,697.3462
test-law-lghbacpsba-pro03a,0,476.8693
test-law-lghbacpsba-pro03a,1,534.5290
test-law-lghbacpsba-pro03a,2,523.7118
test-law-lghbacpsba-pro04a,0,529.2313
test-law-lghbacpsba-pro04a,1,528.0954
test-law-lghbacpsba-pro04a,2,538.0178
test-law-lghbacpsba-con02a,0,527.6629
test-law-lghbacpsba-con02a,1,474.7941
test-law-lghbacpsba-con02a,2,631.6670
test-law-lghbacpsba-con03a,0,614.8725
test-law-lghbacpsba-con03a,1,444.1390
test-law-lghbacpsba-con03a,2,549.9919
test-law-lghbacpsba-con01a,0,479.6226
test-law-lghbacpsba-con01a,1,436.6597
test-law-lghbacpsba-con01a,2,547.4884
test-law-hrilpgwhwr-pro02a,0,496.3078
test-law-hrilpgwhwr-pro02a,1,477.1519
test-law-hrilpgwhwr-pro02a,2,583.5227
test-law-hrilpgwhwr-pro01a,0,520.8423
test-law-hrilpgwhwr-pro01a,1,439.6607
test-law-hrilpgwhwr-pro01a,2,497.3985
test-law-hrilpgwhwr-pro03a,0,526.1280
test-law-hrilpgwhwr-pro03a,1,445.4752
test-law-hrilpgwhwr-pro03a,2,512.1613
test-law-hrilpgwhwr-con02a,0,512.6373
test-law-hrilpgwhwr-con02a,1,450.3492
test-law-hrilpgwhwr-con02a,2,503.3338
test-law-hrilpgwhwr-con05a,0,497.9323
test-law-hrilpgwhwr-con05a,1,462.6263
test-law-hrilpgwhwr-con05a,2,559.9073
test-law-hrilpgwhwr-con04a,0,491.2532
test-law-hrilpgwhwr-con04a,1,474.4715
test-law-hrilpgwhwr-con04a,2,512.7541
test-law-hrilpgwhwr-con03a,0,478.4325
test-law-hrilpgwhwr-con03a,1,517.5090
test-law-hrilpgwhwr-con03a,2,562.9064
test-law-hrilpgwhwr-con01a,0,491.2290
test-law-hrilpgwhwr-con01a,1,459.7308
test-law-hrilpgwhwr-con01a,2,561.8960
test-education-ufsdfkhbwu-pro02a,0,454.8148
test-education-ufsdfkhbwu-pro02a,1,491.4236
test-education-ufsdfkhbwu-pro02a,2,552.7330
test-education-ufsdfkhbwu-pro01a,0,467.8716
test-education-ufsdfkhbwu-pro01a,1,463.7511
test-education-ufsdfkhbwu-pro01a,2,608.1250
test-education-ufsdfkhbwu-pro03a,0,530.9601
test-education-ufsdfkhbwu-pro03a,1,523.7183
test-education-ufsdfkhbwu-pro03a,2,571.1771
test-education-ufsdfkhbwu-con02a,0,492.3192
test-education-ufsdfkhbwu-con02a,1,504.7257
test-education-ufsdfkhbwu-con02a,2,593.7355
test-education-ufsdfkhbwu-con03a,0,493.0780
test-education-ufsdfkhbwu-con03a,1,489.4468
test-education-ufsdfkhbwu-con03a,2,569.0952
test-education-ufsdfkhbwu-con01a,0,504.1721
test-education-ufsdfkhbwu-con01a,1,468.4594
test-education-ufsdfkhbwu-con01a,2,1010.5843
test-education-egtuscpih-pro02a,0,493.3208
test-education-egtuscpih-pro02a,1,452.5086
test-education-egtuscpih-pro02a,2,615.5610
test-education-egtuscpih-pro05a,0,544.5837
test-education-egtuscpih-pro05a,1,453.4368
test-education-egtuscpih-pro05a,2,549.7720
test-education-egtuscpih-pro01a,0,505.3643
test-education-egtuscpih-pro01a,1,457.4591
test-education-egtuscpih-pro01a,2,685.7023
test-education-egtuscpih-pro03a,0,494.5344
test-education-egtuscpih-pro03a,1,495.4028
test-education-egtuscpih-pro03a,2,885.9973
test-education-egtuscpih-pro04a,0,847.8779
test-education-egtuscpih-pro04a,1,545.0914
test-education-egtuscpih-pro04a,2,620.8675
test-education-egtuscpih-con02a,0,542.8675
test-education-egtuscpih-con02a,1,474.1330
test-education-egtuscpih-con02a,2,625.8620
test-education-egtuscpih-con05a,0,480.7469
test-education-egtuscpih-con05a,1,472.6856
test-education-egtuscpih-con05a,2,560.6757
test-education-egtuscpih-con04a,0,489.8681
test-education-egtuscpih-con04a,1,498.3556
test-education-egtuscpih-con04a,2,581.5000
test-education-egtuscpih-con03a,0,514.2020
test-education-egtuscpih-con03a,1,527.1390
test-education-egtuscpih-con03a,2,544.8612
test-education-egtuscpih-con01a,0,485.1934
test-education-egtuscpih-con01a,1,473.1151
test-education-egtuscpih-con01a,2,553.0578
test-education-ughbuesbf-pro02a,0,519.3452
test-education-ughbuesbf-pro02a,1,464.0802
test-education-ughbuesbf-pro02a,2,545.7624
test-education-ughbuesbf-pro01a,0,515.8406
test-education-ughbuesbf-pro01a,1,481.8476
test-education-ughbuesbf-pro01a,2,614.3322
test-education-ughbuesbf-pro03a,0,533.1517
test-education-ughbuesbf-pro03a,1,515.3580
test-education-ughbuesbf-pro03a,2,536.2698
test-education-ughbuesbf-pro04a,0,500.1995
test-education-ughbuesbf-pro04a,1,463.9020
test-education-ughbuesbf-pro04a,2,543.4890
test-education-ughbuesbf-con02a,0,476.7311
test-education-ughbuesbf-con02a,1,496.0339
test-education-ughbuesbf-con02a,2,536.0164
test-education-ughbuesbf-con05a,0,460.6478
test-education-ughbuesbf-con05a,1,454.5321
test-education-ughbuesbf-con05a,2,722.9937
test-education-ughbuesbf-con04a,0,467.1882
test-education-ughbuesbf-con04a,1,505.0105
test-education-ughbuesbf-con04a,2,617.5633
test-education-ughbuesbf-con03a,0,458.1298
test-education-ughbuesbf-con03a,1,457.0447
test-education-ughbuesbf-con03a,2,594.7737
test-education-ughbuesbf-con01a,0,538.6465
test-education-ughbuesbf-con01a,1,465.7885
test-education-ughbuesbf-con01a,2,538.5085
test-education-usuprmhbu-pro02a,0,484.8262
test-education-usuprmhbu-pro02a,1,477.1944
test-education-usuprmhbu-pro02a,2,564.4829
test-education-usuprmhbu-pro01a,0,515.2703
test-education-usuprmhbu-pro01a,1,570.5145
test-education-usuprmhbu-pro01a,2,560.7545
test-education-usuprmhbu-pro03a,0,487.8426
test-education-usuprmhbu-pro03a,1,494.4129
test-education-usuprmhbu-pro03a,2,658.3911
test-education-usuprmhbu-con02a,0,485.4115
test-education-usuprmhbu-con02a,1,470.0660
test-education-usuprmhbu-con02a,2,574.1434
test-education-usuprmhbu-con03a,0,455.7574
test-education-usuprmhbu-con03a,1,471.2647
test-education-usuprmhbu-con03a,2,567.3082
test-education-usuprmhbu-con01a,0,489.3976
test-education-usuprmhbu-con01a,1,483.6699
test-education-usuprmhbu-con01a,2,583.1592
test-education-pteuhwfphe-pro02a,0,469.5806
test-education-pteuhwfphe-pro02a,1,480.3060
test-education-pteuhwfphe-pro02a,2,538.2211
test-education-pteuhwfphe-pro01a,0,477.7451
test-education-pteuhwfphe-pro01a,1,504.0264
test-education-pteuhwfphe-pro01a,2,554.3798
test-education-pteuhwfphe-pro03a,0,495.0741
test-education-pteuhwfphe-pro03a,1,462.7600
test-education-pteuhwfphe-pro03a,2,578.4595
test-education-pteuhwfphe-con02a,0,482.0568
test-education-pteuhwfphe-con02a,1,503.1023
test-education-pteuhwfphe-con02a,2,648.1135
test-education-pteuhwfphe-con04a,0,483.2591
test-education-pteuhwfphe-con04a,1,492.4012
test-education-pteuhwfphe-con04a,2,563.3814
test-education-pteuhwfphe-con03a,0,469.9546
test-education-pteuhwfphe-con03a,1,457.2062
test-education-pteuhwfphe-con03a,2,625.0145
test-education-pteuhwfphe-con01a,0,547.1403
test-education-pteuhwfphe-con01a,1,531.1422
test-education-pteuhwfphe-con01a,2,570.1349
test-education-pstrgsehwt-pro02a,0,500.0399
test-education-pstrgsehwt-pro02a,1,452.6262
test-education-pstrgsehwt-pro02a,2,677.0952
test-education-pstrgsehwt-pro05a,0,489.3298
test-education-pstrgsehwt-pro05a,1,467.1822
test-education-pstrgsehwt-pro05a,2,584.1823
test-education-pstrgsehwt-pro01a,0,493.0984
test-education-pstrgsehwt-pro01a,1,494.2705
test-education-pstrgsehwt-pro01a,2,575.4869
test-education-pstrgsehwt-pro03a,0,487.0890
test-education-pstrgsehwt-pro03a,1,469.2492
test-education-pstrgsehwt-pro03a,2,591.9331
test-education-pstrgsehwt-pro04a,0,511.1148
test-education-pstrgsehwt-pro04a,1,469.9280
test-education-pstrgsehwt-pro04a,2,572.5624
test-education-pstrgsehwt-con02a,0,517.1862
test-education-pstrgsehwt-con02a,1,542.5005
test-education-pstrgsehwt-con02a,2,599.7634
test-education-pstrgsehwt-con04a,0,479.0297
test-education-pstrgsehwt-con04a,1,482.4510
test-education-pstrgsehwt-con04a,2,609.1473
test-education-pstrgsehwt-con03a,0,525.3432
test-education-pstrgsehwt-con03a,1,512.2179
test-education-pstrgsehwt-con03a,2,569.2171
test-education-pstrgsehwt-con01a,0,476.4434
test-education-pstrgsehwt-con01a,1,558.5369
test-education-pstrgsehwt-con01a,2,556.4003
test-education-xeegshwfeu-pro02a,0,493.1316
test-education-xeegshwfeu-pro02a,1,521.9440
test-education-xeegshwfeu-pro02a,2,567.6282
test-education-xeegshwfeu-pro01a,0,458.7727
test-education-xeegshwfeu-pro01a,1,562.4313
test-education-xeegshwfeu-pro01a,2,545.2825
test-education-xeegshwfeu-pro03a,0,519.8319
test-education-xeegshwfeu-pro03a,1,495.6966
test-education-xeegshwfeu-pro03a,2,574.5254
test-education-xeegshwfeu-con02a,0,470.5848
test-education-xeegshwfeu-con02a,1,510.2937
test-education-xeegshwfeu-con02a,2,515.1598
test-education-xeegshwfeu-con03a,0,641.0341
test-education-xeegshwfeu-con03a,1,481.6723
test-education-xeegshwfeu-con03a,2,533.7735
test-education-xeegshwfeu-con01a,0,501.1562
test-education-xeegshwfeu-con01a,1,480.2295
test-education-xeegshwfeu-con01a,2,555.3584
test-education-udfakusma-pro02a,0,514.2126
test-education-udfakusma-pro02a,1,506.4528
test-education-udfakusma-pro02a,2,561.5916
test-education-udfakusma-pro01a,0,490.6133
test-education-udfakusma-pro01a,1,464.1590
test-education-udfakusma-pro01a,2,567.5146
test-education-udfakusma-pro03a,0,506.0979
test-education-udfakusma-pro03a,1,468.4758
test-education-udfakusma-pro03a,2,560.9696
test-education-udfakusma-pro04a,0,489.9276
test-education-udfakusma-pro04a,1,465.8799
test-education-udfakusma-pro04a,2,556.9166
test-education-udfakusma-con02a,0,460.0602
test-education-udfakusma-con02a,1,484.3791
test-education-udfakusma-con02a,2,590.7846
test-education-udfakusma-con04a,0,456.4847
test-education-udfakusma-con04a,1,461.3255
test-education-udfakusma-con04a,2,570.0889
test-education-udfakusma-con03a,0,491.0115
test-education-udfakusma-con03a,1,540.0273
test-education-udfakusma-con03a,2,570.8807
test-education-udfakusma-con01a,0,483.4019
test-education-udfakusma-con01a,1,460.4477
test-education-udfakusma-con01a,2,577.9445
test-education-tuhwastua-pro02a,0,486.4629
test-education-tuhwastua-pro02a,1,587.7738
test-education-tuhwastua-pro02a,2,536.4468
test-education-tuhwastua-pro05a,0,496.6565
test-education-tuhwastua-pro05a,1,502.4487
test-education-tuhwastua-pro05a,2,543.1065
test-education-tuhwastua-pro01a,0,457.8509
test-education-tuhwastua-pro01a,1,482.2575
test-education-tuhwastua-pro01a,2,552.1305
test-education-tuhwastua-pro03a,0,496.4696
test-education-tuhwastua-pro03a,1,505.7120
test-education-tuhwastua-pro03a,2,539.4658
test-education-tuhwastua-pro04a,0,460.0045
test-education-tuhwastua-pro04a,1,497.0470
test-education-tuhwastua-pro04a,2,520.5544
test-education-tuhwastua-con02a,0,523.8517
test-education-tuhwastua-con02a,1,534.9331
test-education-tuhwastua-con02a,2,578.8330
test-education-tuhwastua-con01a,0,494.8078
test-education-tuhwastua-con01a,1,534.0247
test-education-tuhwastua-con01a,2,552.2400
test-education-egscphsrdt-pro02a,0,497.2216
test-education-egscphsrdt-pro02a,1,477.3784
test-education-egscphsrdt-pro02a,2,564.3570
test-education-egscphsrdt-pro01a,0,491.8031
test-education-egscphsrdt-pro01a,1,497.8525
test-education-egscphsrdt-pro01a,2,558.8818
test-education-egscphsrdt-pro03a,0,482.8246
test-education-egscphsrdt-pro03a,1,468.7838
test-education-egscphsrdt-pro03a,2,621.9184
test-education-egscphsrdt-con02a,0,484.1174
test-education-egscphsrdt-con02a,1,499.9224
test-education-egscphsrdt-con02a,2,596.6434
test-education-egscphsrdt-con03a,0,549.9784
test-education-egscphsrdt-con03a,1,472.4979
test-education-egscphsrdt-con03a,2,621.1230
test-education-egscphsrdt-con01a,0,545.6979
test-education-egscphsrdt-con01a,1,483.2256
test-education-egscphsrdt-con01a,2,547.7970
test-education-pshhghwpba0-pro02a,0,508.4680
test-education-pshhghwpba0-pro02a,1,558.9142
test-education-pshhghwpba0-pro02a,2,581.6274
test-education-pshhghwpba0-pro01a,0,541.2381
test-education-pshhghwpba0-pro01a,1,514.4106
test-education-pshhghwpba0-pro01a,2,570.3080
test-education-pshhghwpba0-pro03a,0,519.4864
test-education-pshhghwpba0-pro03a,1,465.6002
test-education-pshhghwpba0-pro03a,2,541.9925
test-education-pshhghwpba0-pro04a,0,493.2210
test-education-pshhghwpba0-pro04a,1,564.4032
test-education-pshhghwpba0-pro04a,2,532.8330
test-education-pshhghwpba0-con02a,0,479.7314
test-education-pshhghwpba0-con02a,1,662.2804
test-education-pshhghwpba0-con02a,2,543.9549
test-education-pshhghwpba0-con04a,0,498.4295
test-education-pshhghwpba0-con04a,1,461.6626
test-education-pshhghwpba0-con04a,2,690.0191
test-education-pshhghwpba0-con03a,0,514.2152
test-education-pshhghwpba0-con03a,1,466.4289
test-education-pshhghwpba0-con03a,2,568.0643
test-education-pshhghwpba0-con01a,0,502.8679
test-education-pshhghwpba0-con01a,1,469.2892
test-education-pshhghwpba0-con01a,2,580.3731
test-politics-nlpdwhbusbuc-pro02a,0,523.5710
test-politics-nlpdwhbusbuc-pro02a,1,483.2604
test-politics-nlpdwhbusbuc-pro02a,2,614.5046
test-politics-nlpdwhbusbuc-pro01a,0,505.7578
test-politics-nlpdwhbusbuc-pro01a,1,528.4241
test-politics-nlpdwhbusbuc-pro01a,2,638.9457
test-politics-nlpdwhbusbuc-pro03a,0,492.9218
test-politics-nlpdwhbusbuc-pro03a,1,512.5357
test-politics-nlpdwhbusbuc-pro03a,2,553.5667
test-politics-nlpdwhbusbuc-con02a,0,473.5836
test-politics-nlpdwhbusbuc-con02a,1,507.4052
test-politics-nlpdwhbusbuc-con02a,2,598.7066
test-politics-nlpdwhbusbuc-con03a,0,514.5306
test-politics-nlpdwhbusbuc-con03a,1,490.5133
test-politics-nlpdwhbusbuc-con03a,2,587.8690
test-politics-nlpdwhbusbuc-con01a,0,521.1144
test-politics-nlpdwhbusbuc-con01a,1,443.6385
test-politics-nlpdwhbusbuc-con01a,2,582.4692
test-politics-oepghbrnsl-pro02a,0,525.1887
test-politics-oepghbrnsl-pro02a,1,537.0395
test-politics-oepghbrnsl-pro02a,2,679.3775
test-politics-oepghbrnsl-pro01a,0,496.9999
test-politics-oepghbrnsl-pro01a,1,504.2443
test-politics-oepghbrnsl-pro01a,2,649.5119
test-politics-oepghbrnsl-pro03a,0,480.8909
test-politics-oepghbrnsl-pro03a,1,497.0829
test-politics-oepghbrnsl-pro03a,2,586.8134
test-politics-oepghbrnsl-pro04a,0,493.3473
test-politics-oepghbrnsl-pro04a,1,561.9467
test-politics-oepghbrnsl-pro04a,2,580.3154
test-politics-oepghbrnsl-con02a,0,519.5866
test-politics-oepghbrnsl-con02a,1,451.3109
test-politics-oepghbrnsl-con02a,2,546.9537
test-politics-oepghbrnsl-con04a,0,508.3653
test-politics-oepghbrnsl-con04a,1,496.7716
test-politics-oepghbrnsl-con04a,2,577.4689
test-politics-oepghbrnsl-con03a,0,503.5476
test-politics-oepghbrnsl-con03a,1,535.6959
test-politics-oepghbrnsl-con03a,2,489.6709
test-politics-oepghbrnsl-con01a,0,499.5418
test-politics-oepghbrnsl-con01a,1,562.9585
test-politics-oepghbrnsl-con01a,2,472.6779
test-politics-oeplhbuwhmi-pro02a,0,503.8343
test-politics-oeplhbuwhmi-pro02a,1,547.1696
test-politics-oeplhbuwhmi-pro02a,2,489.2662
test-politics-oeplhbuwhmi-pro01a,0,489.5860
test-politics-oeplhbuwhmi-pro01a,1,519.7899
test-politics-oeplhbuwhmi-pro01a,2,648.4966
test-politics-oeplhbuwhmi-pro03a,0,504.3642
test-politics-oeplhbuwhmi-pro03a,1,468.1487
test-politics-oeplhbuwhmi-pro03a,2,615.6821
test-politics-oeplhbuwhmi-pro04a,0,1545.5316
test-politics-oeplhbuwhmi-pro04a,1,480.7984
test-politics-oeplhbuwhmi-pro04a,2,541.4892
test-politics-oeplhbuwhmi-con02a,0,543.1764
test-politics-oeplhbuwhmi-con02a,1,528.3695
test-politics-oeplhbuwhmi-con02a,2,544.3203
test-politics-oeplhbuwhmi-con04a,0,498.7174
test-politics-oeplhbuwhmi-con04a,1,475.5799
test-politics-oeplhbuwhmi-con04a,2,520.9167
test-politics-oeplhbuwhmi-con03a,0,481.1674
test-politics-oeplhbuwhmi-con03a,1,461.4659
test-politics-oeplhbuwhmi-con03a,2,534.7010
test-politics-oeplhbuwhmi-con01a,0,512.7917
test-politics-oeplhbuwhmi-con01a,1,553.6179
test-politics-oeplhbuwhmi-con01a,2,602.2760
test-politics-oapghwliva-pro01a,0,490.2706
test-politics-oapghwliva-pro01a,1,524.3844
test-politics-oapghwliva-pro01a,2,546.1662
test-politics-oapghwliva-con02a,0,500.6794
test-politics-oapghwliva-con02a,1,480.8835
test-politics-oapghwliva-con02a,2,612.6406
test-politics-oapghwliva-con03a,0,483.9607
test-politics-oapghwliva-con03a,1,516.9624
test-politics-oapghwliva-con03a,2,576.8386
test-politics-oapghwliva-con01a,0,483.5016
test-politics-oapghwliva-con01a,1,529.6486
test-politics-oapghwliva-con01a,2,639.5277
test-politics-dhbanhrnw-pro02a,0,498.7094
test-politics-dhbanhrnw-pro02a,1,507.8823
test-politics-dhbanhrnw-pro02a,2,581.6579
test-politics-dhbanhrnw-pro05a,0,467.1733
test-politics-dhbanhrnw-pro05a,1,475.2004
test-politics-dhbanhrnw-pro05a,2,516.8596
test-politics-dhbanhrnw-pro01a,0,467.2904
test-politics-dhbanhrnw-pro01a,1,514.2122
test-politics-dhbanhrnw-pro01a,2,452.4204
test-politics-dhbanhrnw-pro03a,0,500.3841
test-politics-dhbanhrnw-pro03a,1,469.8072
test-politics-dhbanhrnw-pro03a,2,504.5867
test-politics-dhbanhrnw-pro04a,0,522.4682
test-politics-dhbanhrnw-pro04a,1,467.2563
test-politics-dhbanhrnw-pro04a,2,467.6996
test-politics-dhbanhrnw-con02a,0,475.5914
test-politics-dhbanhrnw-con02a,1,518.7893
test-politics-dhbanhrnw-con02a,2,473.4997
test-politics-dhbanhrnw-con05a,0,446.3516
test-politics-dhbanhrnw-con05a,1,522.2362
test-politics-dhbanhrnw-con05a,2,509.7117
test-politics-dhbanhrnw-con04a,0,532.7578
test-politics-dhbanhrnw-con04a,1,499.7306
test-politics-dhbanhrnw-con04a,2,479.5118
test-politics-dhbanhrnw-con03a,0,491.7103
test-politics-dhbanhrnw-con03a,1,472.0274
test-politics-dhbanhrnw-con03a,2,513.9472
test-politics-dhbanhrnw-con01a,0,478.6958
test-politics-dhbanhrnw-con01a,1,488.8596
test-politics-dhbanhrnw-con01a,2,478.6494
test-politics-cdfsaphgiap-pro02a,0,480.0497
test-politics-cdfsaphgiap-pro02a,1,519.6881
test-politics-cdfsaphgiap-pro02a,2,494.3843
test-politics-cdfsaphgiap-pro01a,0,566.6854
test-politics-cdfsaphgiap-pro01a,1,485.7168
test-politics-cdfsaphgiap-pro01a,2,550.3617
test-politics-cdfsaphgiap-pro03a,0,517.9363
test-politics-cdfsaphgiap-pro03a,1,514.2778
test-politics-cdfsaphgiap-pro03a,2,553.8635
test-politics-cdfsaphgiap-pro04a,0,539.7435
test-politics-cdfsaphgiap-pro04a,1,503.9791
test-politics-cdfsaphgiap-pro04a,2,597.9089
test-politics-cdfsaphgiap-con02a,0,472.9659
test-politics-cdfsaphgiap-con02a,1,503.5148
test-politics-cdfsaphgiap-con02a,2,554.5984
test-politics-cdfsaphgiap-con04a,0,474.3875
test-politics-cdfsaphgiap-con04a,1,543.0478
test-politics-cdfsaphgiap-con04a,2,539.3478
test-politics-cdfsaphgiap-con03a,0,482.1541
test-politics-cdfsaphgiap-con03a,1,531.9782
test-politics-cdfsaphgiap-con03a,2,547.7765
test-politics-cdfsaphgiap-con01a,0,511.1790
test-politics-cdfsaphgiap-con01a,1,559.5965
test-politics-cdfsaphgiap-con01a,2,594.8878
test-politics-ghbgussbsbt-pro02a,0,495.5520
test-politics-ghbgussbsbt-pro02a,1,612.6103
test-politics-ghbgussbsbt-pro02a,2,1268.1674
test-politics-ghbgussbsbt-pro01a,0,533.6666
test-politics-ghbgussbsbt-pro01a,1,601.2723
test-politics-ghbgussbsbt-pro01a,2,566.5624
test-politics-ghbgussbsbt-pro03a,0,496.1186
test-politics-ghbgussbsbt-pro03a,1,593.4092
test-politics-ghbgussbsbt-pro03a,2,598.9869
test-politics-ghbgussbsbt-pro04a,0,481.6581
test-politics-ghbgussbsbt-pro04a,1,513.4940
test-politics-ghbgussbsbt-pro04a,2,572.3250
test-politics-ghbgussbsbt-con02a,0,465.0255
test-politics-ghbgussbsbt-con02a,1,561.6665
test-politics-ghbgussbsbt-con02a,2,542.2739
test-politics-ghbgussbsbt-con04a,0,509.3014
test-politics-ghbgussbsbt-con04a,1,541.8392
test-politics-ghbgussbsbt-con04a,2,602.8526
test-politics-ghbgussbsbt-con03a,0,475.8103
test-politics-ghbgussbsbt-con03a,1,521.5735
test-politics-ghbgussbsbt-con03a,2,646.3177
test-politics-ghbgussbsbt-con01a,0,497.6823
test-politics-ghbgussbsbt-con01a,1,548.5463
test-politics-ghbgussbsbt-con01a,2,570.0707
test-politics-oapdhwinkp-pro02a,0,481.0240
test-politics-oapdhwinkp-pro02a,1,498.9685
test-politics-oapdhwinkp-pro02a,2,589.9172
test-politics-oapdhwinkp-pro01a,0,479.8107
test-politics-oapdhwinkp-pro01a,1,569.4612
test-politics-oapdhwinkp-pro01a,2,614.4570
test-politics-oapdhwinkp-pro03a,0,478.0006
test-politics-oapdhwinkp-pro03a,1,537.2326
test-politics-oapdhwinkp-pro03a,2,568.9788
test-politics-oapdhwinkp-con02a,0,537.5913
test-politics-oapdhwinkp-con02a,1,724.3833
test-politics-oapdhwinkp-con02a,2,563.0624
test-politics-oapdhwinkp-con03a,0,471.6173
test-politics-oapdhwinkp-con03a,1,504.8660
test-politics-oapdhwinkp-con03a,2,558.9317
test-politics-oapdhwinkp-con01a,0,532.9864
test-politics-oapdhwinkp-con01a,1,518.8915
test-politics-oapdhwinkp-con01a,2,583.6438
test-politics-epvhbfsmsaop-pro02a,0,481.6690
test-politics-epvhbfsmsaop-pro02a,1,549.0689
test-politics-epvhbfsmsaop-pro02a,2,617.2287
test-politics-epvhbfsmsaop-pro01a,0,488.9149
test-politics-epvhbfsmsaop-pro01a,1,598.8549
test-politics-epvhbfsmsaop-pro01a,2,565.8410
test-politics-epvhbfsmsaop-pro03a,0,499.3666
test-politics-epvhbfsmsaop-pro03a,1,538.1830
test-politics-epvhbfsmsaop-pro03a,2,548.2611
test-politics-epvhbfsmsaop-con02a,0,507.3714
test-politics-epvhbfsmsaop-con02a,1,531.4495
test-politics-epvhbfsmsaop-con02a,2,595.8027
test-politics-epvhbfsmsaop-con03a,0,498.2588
test-politics-epvhbfsmsaop-con03a,1,731.7734
test-politics-epvhbfsmsaop-con03a,2,560.6796
test-politics-epvhbfsmsaop-con01a,0,510.0003
test-politics-epvhbfsmsaop-con01a,1,662.1151
test-politics-epvhbfsmsaop-con01a,2,562.8632
test-politics-cpegiepgh-pro02a,0,490.5100
test-politics-cpegiepgh-pro02a,1,583.9387
test-politics-cpegiepgh-pro02a,2,576.1702
test-politics-cpegiepgh-pro01a,0,473.4965
test-politics-cpegiepgh-pro01a,1,590.2329
test-politics-cpegiepgh-pro01a,2,567.8629
test-politics-cpegiepgh-pro03a,0,491.2098
test-politics-cpegiepgh-pro03a,1,584.9587
test-politics-cpegiepgh-pro03a,2,633.0741
test-politics-cpegiepgh-pro04a,0,461.8509
test-politics-cpegiepgh-pro04a,1,557.7633
test-politics-cpegiepgh-pro04a,2,546.8908
test-politics-cpegiepgh-con02a,0,494.7042
test-politics-cpegiepgh-con02a,1,552.0594
test-politics-cpegiepgh-con02a,2,610.8044
test-politics-cpegiepgh-con03a,0,527.5098
test-politics-cpegiepgh-con03a,1,540.3223
test-politics-cpegiepgh-con03a,2,599.1070
test-politics-cpegiepgh-con01a,0,558.2795
test-politics-cpegiepgh-con01a,1,551.8915
test-politics-cpegiepgh-con01a,2,564.4400
test-politics-cpecfiepg-pro02a,0,570.5369
test-politics-cpecfiepg-pro02a,1,581.1171
test-politics-cpecfiepg-pro02a,2,594.9502
test-politics-cpecfiepg-pro01a,0,550.0892
test-politics-cpecfiepg-pro01a,1,541.7102
test-politics-cpecfiepg-pro01a,2,574.5326
test-politics-cpecfiepg-pro03a,0,566.6812
test-politics-cpecfiepg-pro03a,1,547.1027
test-politics-cpecfiepg-pro03a,2,532.3409
test-politics-cpecfiepg-con02a,0,587.3809
test-politics-cpecfiepg-con02a,1,562.0344
test-politics-cpecfiepg-con02a,2,556.5330
test-politics-cpecfiepg-con04a,0,538.0601
test-politics-cpecfiepg-con04a,1,604.2038
test-politics-cpecfiepg-con04a,2,543.7440
test-politics-cpecfiepg-con03a,0,646.1362
test-politics-cpecfiepg-con03a,1,1667.3632
test-politics-cpecfiepg-con03a,2,562.6228
test-politics-cpecfiepg-con01a,0,614.6805
test-politics-cpecfiepg-con01a,1,823.1579
test-politics-cpecfiepg-con01a,2,529.1671
test-politics-ypppgvhwmv-pro02a,0,596.4300
test-politics-ypppgvhwmv-pro02a,1,632.8491
test-politics-ypppgvhwmv-pro02a,2,653.9685
test-politics-ypppgvhwmv-pro05a,0,502.5687
test-politics-ypppgvhwmv-pro05a,1,630.1488
test-politics-ypppgvhwmv-pro05a,2,591.1251
test-politics-ypppgvhwmv-pro01a,0,494.6732
test-politics-ypppgvhwmv-pro01a,1,581.6875
test-politics-ypppgvhwmv-pro01a,2,564.1414
test-politics-ypppgvhwmv-pro03a,0,512.1793
test-politics-ypppgvhwmv-pro03a,1,610.2674
test-politics-ypppgvhwmv-pro03a,2,551.6084
test-politics-ypppgvhwmv-pro04a,0,509.7117
test-politics-ypppgvhwmv-pro04a,1,581.8431
test-politics-ypppgvhwmv-pro04a,2,541.1831
test-politics-ypppgvhwmv-con02a,0,537.1610
test-politics-ypppgvhwmv-con02a,1,611.7360
test-politics-ypppgvhwmv-con02a,2,580.5053
test-politics-ypppgvhwmv-con03a,0,508.7756
test-politics-ypppgvhwmv-con03a,1,550.8997
test-politics-ypppgvhwmv-con03a,2,554.8108
test-politics-ypppgvhwmv-con01a,0,559.8182
test-politics-ypppgvhwmv-con01a,1,565.9860
test-politics-ypppgvhwmv-con01a,2,564.3011
test-politics-pgsimhwoia-pro02a,0,486.8199
test-politics-pgsimhwoia-pro02a,1,607.2015
test-politics-pgsimhwoia-pro02a,2,680.9329
test-politics-pgsimhwoia-pro01a,0,479.4876
test-politics-pgsimhwoia-pro01a,1,551.6999
test-politics-pgsimhwoia-pro01a,2,545.5428
test-politics-pgsimhwoia-pro03a,0,492.5179
test-politics-pgsimhwoia-pro03a,1,736.8713
test-politics-pgsimhwoia-pro03a,2,566.6478
test-politics-pgsimhwoia-con02a,0,472.6434
test-politics-pgsimhwoia-con02a,1,555.2271
test-politics-pgsimhwoia-con02a,2,553.2268
test-politics-pgsimhwoia-con03a,0,507.0761
test-politics-pgsimhwoia-con03a,1,574.6704
test-politics-pgsimhwoia-con03a,2,582.2325
test-politics-pgsimhwoia-con01a,0,482.3702
test-politics-pgsimhwoia-con01a,1,550.1780
test-politics-pgsimhwoia-con01a,2,543.2304
test-politics-mtpghwaacb-pro02a,0,512.0692
test-politics-mtpghwaacb-pro02a,1,518.5382
test-politics-mtpghwaacb-pro02a,2,545.4527
test-politics-mtpghwaacb-pro01a,0,510.2652
test-politics-mtpghwaacb-pro01a,1,541.6277
test-politics-mtpghwaacb-pro01a,2,582.4574
test-politics-mtpghwaacb-pro03a,0,552.1361
test-politics-mtpghwaacb-pro03a,1,585.9818
test-politics-mtpghwaacb-pro03a,2,553.6487
test-politics-mtpghwaacb-con02a,0,502.7546
test-politics-mtpghwaacb-con02a,1,593.6774
test-politics-mtpghwaacb-con02a,2,601.1133
test-politics-mtpghwaacb-con03a,0,579.3636
test-politics-mtpghwaacb-con03a,1,571.8390
test-politics-mtpghwaacb-con03a,2,557.6489
test-politics-mtpghwaacb-con01a,0,573.4508
test-politics-mtpghwaacb-con01a,1,583.0202
test-politics-mtpghwaacb-con01a,2,654.2753
test-politics-oglilpdwhsn-pro02a,0,549.6477
test-politics-oglilpdwhsn-pro02a,1,561.8542
test-politics-oglilpdwhsn-pro02a,2,597.5767
test-politics-oglilpdwhsn-pro01a,0,553.9290
test-politics-oglilpdwhsn-pro01a,1,663.4179
test-politics-oglilpdwhsn-pro01a,2,619.4542
test-politics-oglilpdwhsn-pro03a,0,525.8874
test-politics-oglilpdwhsn-pro03a,1,637.8747
test-politics-oglilpdwhsn-pro03a,2,647.4398
test-politics-oglilpdwhsn-con02a,0,559.1261
test-politics-oglilpdwhsn-con02a,1,555.5401
test-politics-oglilpdwhsn-con02a,2,630.8197
test-politics-oglilpdwhsn-con04a,0,503.7209
test-politics-oglilpdwhsn-con04a,1,554.6576
test-politics-oglilpdwhsn-con04a,2,581.9911
test-politics-oglilpdwhsn-con03a,0,533.8503
test-politics-oglilpdwhsn-con03a,1,533.5465
test-politics-oglilpdwhsn-con03a,2,602.1461
test-politics-oglilpdwhsn-con01a,0,566.5303
test-politics-oglilpdwhsn-con01a,1,543.7494
test-politics-oglilpdwhsn-con01a,2,566.8593
test-politics-grcrgshwbr-pro02a,0,578.4445
test-politics-grcrgshwbr-pro02a,1,547.9200
test-politics-grcrgshwbr-pro02a,2,563.1794
test-politics-grcrgshwbr-pro05a,0,503.5884
test-politics-grcrgshwbr-pro05a,1,527.2151
test-politics-grcrgshwbr-pro05a,2,602.1788
test-politics-grcrgshwbr-pro01a,0,476.6994
test-politics-grcrgshwbr-pro01a,1,537.5508
test-politics-grcrgshwbr-pro01a,2,575.1921
test-politics-grcrgshwbr-pro03a,0,492.7910
test-politics-grcrgshwbr-pro03a,1,574.7835
test-politics-grcrgshwbr-pro03a,2,573.9455
test-politics-grcrgshwbr-pro04a,0,470.0346
test-politics-grcrgshwbr-pro04a,1,566.3749
test-politics-grcrgshwbr-pro04a,2,532.9102
test-politics-grcrgshwbr-con02a,0,762.4625
test-politics-grcrgshwbr-con02a,1,566.8976
test-politics-grcrgshwbr-con02a,2,705.1388
test-politics-grcrgshwbr-con04a,0,471.3580
test-politics-grcrgshwbr-con04a,1,557.5896
test-politics-grcrgshwbr-con04a,2,540.6071
test-politics-grcrgshwbr-con03a,0,499.8203
test-politics-grcrgshwbr-con03a,1,597.2024
test-politics-grcrgshwbr-con03a,2,552.3060
test-politics-grcrgshwbr-con01a,0,479.0459
test-politics-grcrgshwbr-con01a,1,622.8458
test-politics-grcrgshwbr-con01a,2,583.6251
test-politics-dhwem-pro02a,0,474.3828
test-politics-dhwem-pro02a,1,626.5579
test-politics-dhwem-pro02a,2,551.2926
test-politics-dhwem-pro06a,0,608.7780
test-politics-dhwem-pro06a,1,699.5940
test-politics-dhwem-pro06a,2,648.3970
test-politics-dhwem-pro05a,0,544.6017
test-politics-dhwem-pro05a,1,581.1888
test-politics-dhwem-pro05a,2,595.3345
test-politics-dhwem-pro01a,0,593.9579
test-politics-dhwem-pro01a,1,602.7462
test-politics-dhwem-pro01a,2,590.1936
test-politics-dhwem-pro03a,0,462.0555
test-politics-dhwem-pro03a,1,618.6143
test-politics-dhwem-pro03a,2,586.4423
test-politics-dhwem-pro04a,0,520.6596
test-politics-dhwem-pro04a,1,549.8315
test-politics-dhwem-pro04a,2,594.6420
test-politics-dhwem-con02a,0,458.4630
test-politics-dhwem-con02a,1,568.7108
test-politics-dhwem-con02a,2,618.4920
test-politics-dhwem-con04a,0,466.6203
test-politics-dhwem-con04a,1,570.9076
test-politics-dhwem-con04a,2,569.8030
test-politics-dhwem-con03a,0,480.5444
test-politics-dhwem-con03a,1,531.2300
test-politics-dhwem-con03a,2,686.6031
test-politics-dhwem-con01a,0,460.4498
test-politics-dhwem-con01a,1,569.9960
test-politics-dhwem-con01a,2,547.8263
test-politics-eppghwlrba-pro02a,0,511.5499
test-politics-eppghwlrba-pro02a,1,662.7238
test-politics-eppghwlrba-pro02a,2,603.0852
test-politics-eppghwlrba-pro01a,0,473.2879
test-politics-eppghwlrba-pro01a,1,540.4589
test-politics-eppghwlrba-pro01a,2,574.5945
test-politics-eppghwlrba-pro03a,0,517.3115
test-politics-eppghwlrba-pro03a,1,529.7723
test-politics-eppghwlrba-pro03a,2,552.9519
test-politics-eppghwlrba-pro04a,0,564.5028
test-politics-eppghwlrba-pro04a,1,531.6987
test-politics-eppghwlrba-pro04a,2,567.4038
test-politics-eppghwlrba-con02a,0,517.9386
test-politics-eppghwlrba-con02a,1,567.3601
test-politics-eppghwlrba-con02a,2,644.8318
test-politics-eppghwlrba-con04a,0,469.0602
test-politics-eppghwlrba-con04a,1,619.1111
test-politics-eppghwlrba-con04a,2,575.3623
test-politics-eppghwlrba-con03a,0,466.5677
test-politics-eppghwlrba-con03a,1,596.5759
test-politics-eppghwlrba-con03a,2,565.9397
test-politics-eppghwlrba-con01a,0,494.9825
test-politics-eppghwlrba-con01a,1,633.9862
test-politics-eppghwlrba-con01a,2,567.9653
test-politics-eppghwgpi-pro02a,0,501.9221
test-politics-eppghwgpi-pro02a,1,600.9628
test-politics-eppghwgpi-pro02a,2,536.3973
test-politics-eppghwgpi-pro05a,0,469.8659
test-politics-eppghwgpi-pro05a,1,589.9185
test-politics-eppghwgpi-pro05a,2,557.4854
test-politics-eppghwgpi-pro01a,0,494.2676
test-politics-eppghwgpi-pro01a,1,558.2115
test-politics-eppghwgpi-pro01a,2,606.0643
test-politics-eppghwgpi-pro03a,0,456.4741
test-politics-eppghwgpi-pro03a,1,567.5049
test-politics-eppghwgpi-pro03a,2,674.1165
test-politics-eppghwgpi-pro04a,0,481.2481
test-politics-eppghwgpi-pro04a,1,552.0362
test-politics-eppghwgpi-pro04a,2,627.4439
test-politics-eppghwgpi-con02a,0,479.0448
test-politics-eppghwgpi-con02a,1,542.0837
test-politics-eppghwgpi-con02a,2,612.2197
test-politics-eppghwgpi-con05a,0,514.1757
test-politics-eppghwgpi-con05a,1,538.8523
test-politics-eppghwgpi-con05a,2,620.8185
test-politics-eppghwgpi-con04a,0,490.6736
test-politics-eppghwgpi-con04a,1,580.0026
test-politics-eppghwgpi-con04a,2,651.5704
test-politics-eppghwgpi-con03a,0,479.2755
test-politics-eppghwgpi-con03a,1,543.9864
test-politics-eppghwgpi-con03a,2,614.8159
test-politics-eppghwgpi-con01a,0,491.1076
test-politics-eppghwgpi-con01a,1,525.9690
test-politics-eppghwgpi-con01a,2,642.1128
test-politics-glgvhbqssc-pro02a,0,493.5832
test-politics-glgvhbqssc-pro02a,1,527.0768
test-politics-glgvhbqssc-pro02a,2,715.9779
test-politics-glgvhbqssc-pro01a,0,496.5341
test-politics-glgvhbqssc-pro01a,1,560.6992
test-politics-glgvhbqssc-pro01a,2,575.3076
test-politics-glgvhbqssc-pro03a,0,490.1831
test-politics-glgvhbqssc-pro03a,1,530.8263
test-politics-glgvhbqssc-pro03a,2,569.9186
test-politics-glgvhbqssc-con02a,0,595.0344
test-politics-glgvhbqssc-con02a,1,576.3417
test-politics-glgvhbqssc-con02a,2,621.9982
test-politics-glgvhbqssc-con01a,0,527.4106
test-politics-glgvhbqssc-con01a,1,544.9979
test-politics-glgvhbqssc-con01a,2,599.0942
test-politics-gvhwhnerse-pro02a,0,549.3827
test-politics-gvhwhnerse-pro02a,1,776.8751
test-politics-gvhwhnerse-pro02a,2,597.6072
test-politics-gvhwhnerse-pro01a,0,545.3126
test-politics-gvhwhnerse-pro01a,1,605.9263
test-politics-gvhwhnerse-pro01a,2,515.7598
test-politics-gvhwhnerse-pro03a,0,554.3128
test-politics-gvhwhnerse-pro03a,1,603.6884
test-politics-gvhwhnerse-pro03a,2,501.8076
test-politics-gvhwhnerse-pro04a,0,601.6085
test-politics-gvhwhnerse-pro04a,1,588.8241
test-politics-gvhwhnerse-pro04a,2,551.0627
test-politics-gvhwhnerse-con02a,0,507.2330
test-politics-gvhwhnerse-con02a,1,564.4615
test-politics-gvhwhnerse-con02a,2,547.1563
test-politics-gvhwhnerse-con04a,0,549.6700
test-politics-gvhwhnerse-con04a,1,528.6464
test-politics-gvhwhnerse-con04a,2,550.8392
test-politics-gvhwhnerse-con03a,0,545.2679
test-politics-gvhwhnerse-con03a,1,541.4392
test-politics-gvhwhnerse-con03a,2,566.9153
test-politics-gvhwhnerse-con01a,0,548.0333
test-politics-gvhwhnerse-con01a,1,547.0869
test-politics-gvhwhnerse-con01a,2,616.3169
test-politics-lghwdecm-pro02a,0,551.3841
test-politics-lghwdecm-pro02a,1,508.0725
test-politics-lghwdecm-pro02a,2,608.2722
test-politics-lghwdecm-pro01a,0,580.1469
test-politics-lghwdecm-pro01a,1,528.3228
test-politics-lghwdecm-pro01a,2,618.0920
test-politics-lghwdecm-pro03a,0,530.6300
test-politics-lghwdecm-pro03a,1,568.8928
test-politics-lghwdecm-pro03a,2,596.3433
test-politics-lghwdecm-pro04a,0,566.8302
test-politics-lghwdecm-pro04a,1,541.5692
test-politics-lghwdecm-pro04a,2,606.0206
test-politics-lghwdecm-con02a,0,560.9206
test-politics-lghwdecm-con02a,1,543.4527
test-politics-lghwdecm-con02a,2,629.1682
test-politics-lghwdecm-con04a,0,545.1348
test-politics-lghwdecm-con04a,1,560.7267
test-politics-lghwdecm-con04a,2,564.1242
test-politics-lghwdecm-con03a,0,539.9466
test-politics-lghwdecm-con03a,1,575.9656
test-politics-lghwdecm-con03a,2,691.4421
test-politics-lghwdecm-con01a,0,504.7281
test-politics-lghwdecm-con01a,1,664.7689
test-politics-lghwdecm-con01a,2,572.3366
test-politics-ypppdghwid-pro02a,0,583.0794
test-politics-ypppdghwid-pro02a,1,544.0692
test-politics-ypppdghwid-pro02a,2,632.7867
test-politics-ypppdghwid-pro01a,0,581.9366
test-politics-ypppdghwid-pro01a,1,613.8632
test-politics-ypppdghwid-pro01a,2,571.3956
test-politics-ypppdghwid-pro03a,0,565.8451
test-politics-ypppdghwid-pro03a,1,550.9260
test-politics-ypppdghwid-pro03a,2,595.0862
test-politics-ypppdghwid-pro04a,0,555.5886
test-politics-ypppdghwid-pro04a,1,549.1723
test-politics-ypppdghwid-pro04a,2,573.0218
test-politics-ypppdghwid-con02a,0,588.7025
test-politics-ypppdghwid-con02a,1,554.3564
test-politics-ypppdghwid-con02a,2,568.8249
test-politics-ypppdghwid-con05a,0,583.1655
test-politics-ypppdghwid-con05a,1,494.0838
test-politics-ypppdghwid-con05a,2,583.7314
test-politics-ypppdghwid-con04a,0,589.5904
test-politics-ypppdghwid-con04a,1,506.0288
test-politics-ypppdghwid-con04a,2,540.8915
test-politics-ypppdghwid-con03a,0,560.5735
test-politics-ypppdghwid-con03a,1,489.5853
test-politics-ypppdghwid-con03a,2,563.0275
test-politics-ypppdghwid-con01a,0,553.8810
test-politics-ypppdghwid-con01a,1,487.7145
test-politics-ypppdghwid-con01a,2,1489.4560
test-politics-gvhbhlsbr-pro02a,0,537.5132
test-politics-gvhbhlsbr-pro02a,1,525.8394
test-politics-gvhbhlsbr-pro02a,2,604.6490
test-politics-gvhbhlsbr-pro01a,0,529.6916
test-politics-gvhbhlsbr-pro01a,1,508.9951
test-politics-gvhbhlsbr-pro01a,2,563.7947
test-politics-gvhbhlsbr-pro03a,0,612.5630
test-politics-gvhbhlsbr-pro03a,1,540.8347
test-politics-gvhbhlsbr-pro03a,2,593.6861
test-politics-gvhbhlsbr-pro04a,0,563.9595
test-politics-gvhbhlsbr-pro04a,1,479.7929
test-politics-gvhbhlsbr-pro04a,2,557.0082
test-politics-gvhbhlsbr-con02a,0,504.1801
test-politics-gvhbhlsbr-con02a,1,485.0861
test-politics-gvhbhlsbr-con02a,2,594.2180
test-politics-gvhbhlsbr-con04a,0,561.9771
test-politics-gvhbhlsbr-con04a,1,500.0094
test-politics-gvhbhlsbr-con04a,2,603.1961
test-politics-gvhbhlsbr-con03a,0,488.8341
test-politics-gvhbhlsbr-con03a,1,496.5833
test-politics-gvhbhlsbr-con03a,2,583.6317
test-politics-gvhbhlsbr-con01a,0,555.7056
test-politics-gvhbhlsbr-con01a,1,513.7031
test-politics-gvhbhlsbr-con01a,2,614.0948
test-politics-cdmaggpdgdf-pro02a,0,490.1144
test-politics-cdmaggpdgdf-pro02a,1,499.4046
test-politics-cdmaggpdgdf-pro02a,2,622.5515
test-politics-cdmaggpdgdf-pro05a,0,515.0570
test-politics-cdmaggpdgdf-pro05a,1,518.8418
test-politics-cdmaggpdgdf-pro05a,2,592.6896
test-politics-cdmaggpdgdf-pro01a,0,538.0168
test-politics-cdmaggpdgdf-pro01a,1,569.3160
test-politics-cdmaggpdgdf-pro01a,2,543.2098
test-politics-cdmaggpdgdf-pro03a,0,565.0597
test-politics-cdmaggpdgdf-pro03a,1,503.7359
test-politics-cdmaggpdgdf-pro03a,2,589.6255
test-politics-cdmaggpdgdf-pro04a,0,584.1365
test-politics-cdmaggpdgdf-pro04a,1,640.9758
test-politics-cdmaggpdgdf-pro04a,2,604.7053
test-politics-cdmaggpdgdf-con02a,0,530.7268
test-politics-cdmaggpdgdf-con02a,1,585.8538
test-politics-cdmaggpdgdf-con02a,2,581.1836
test-politics-cdmaggpdgdf-con05a,0,533.6348
test-politics-cdmaggpdgdf-con05a,1,524.8684
test-politics-cdmaggpdgdf-con05a,2,565.9436
test-politics-cdmaggpdgdf-con04a,0,575.7119
test-politics-cdmaggpdgdf-con04a,1,527.6584
test-politics-cdmaggpdgdf-con04a,2,599.7501
test-politics-cdmaggpdgdf-con03a,0,504.7683
test-politics-cdmaggpdgdf-con03a,1,529.5727
test-politics-cdmaggpdgdf-con03a,2,549.3890
test-politics-cdmaggpdgdf-con01a,0,509.9521
test-politics-cdmaggpdgdf-con01a,1,504.6214
test-politics-cdmaggpdgdf-con01a,2,545.0420
test-politics-oepdlhfcefp-pro02a,0,552.9206
test-politics-oepdlhfcefp-pro02a,1,509.4547
test-politics-oepdlhfcefp-pro02a,2,598.1313
test-politics-oepdlhfcefp-pro01a,0,549.2547
test-politics-oepdlhfcefp-pro01a,1,496.4857
test-politics-oepdlhfcefp-pro01a,2,579.4740
test-politics-oepdlhfcefp-pro03a,0,579.3502
test-politics-oepdlhfcefp-pro03a,1,498.3974
test-politics-oepdlhfcefp-pro03a,2,574.7940
test-politics-oepdlhfcefp-pro04a,0,581.6695
test-politics-oepdlhfcefp-pro04a,1,500.2895
test-politics-oepdlhfcefp-pro04a,2,532.8511
test-politics-oepdlhfcefp-con02a,0,564.8472
test-politics-oepdlhfcefp-con02a,1,508.7455
test-politics-oepdlhfcefp-con02a,2,526.7927
test-politics-oepdlhfcefp-con03a,0,590.9685
test-politics-oepdlhfcefp-con03a,1,501.8628
test-politics-oepdlhfcefp-con03a,2,567.9315
test-politics-oepdlhfcefp-con01a,0,567.8232
test-politics-oepdlhfcefp-con01a,1,561.1348
test-politics-oepdlhfcefp-con01a,2,548.4203
test-politics-glghssi-pro02a,0,542.6309
test-politics-glghssi-pro02a,1,537.4563
test-politics-glghssi-pro02a,2,522.9726
test-politics-glghssi-pro01a,0,537.4931
test-politics-glghssi-pro01a,1,590.8509
test-politics-glghssi-pro01a,2,548.4169
test-politics-glghssi-pro03a,0,593.3456
test-politics-glghssi-pro03a,1,566.9766
test-politics-glghssi-pro03a,2,601.2728
test-politics-glghssi-con02a,0,646.9674
test-politics-glghssi-con02a,1,574.0023
test-politics-glghssi-con02a,2,581.2086
test-politics-glghssi-con03a,0,515.0861
test-politics-glghssi-con03a,1,574.4304
test-politics-glghssi-con03a,2,548.7802
test-politics-glghssi-con01a,0,525.7076
test-politics-glghssi-con01a,1,575.2208
test-politics-glghssi-con01a,2,597.4227
test-culture-mmciahbans-pro02a,0,472.2584
test-culture-mmciahbans-pro02a,1,502.2347
test-culture-mmciahbans-pro02a,2,575.3737
test-culture-mmciahbans-pro01a,0,568.7128
test-culture-mmciahbans-pro01a,1,558.9295
test-culture-mmciahbans-pro01a,2,612.5674
test-culture-mmciahbans-pro03a,0,497.5223
test-culture-mmciahbans-pro03a,1,644.7479
test-culture-mmciahbans-pro03a,2,548.5234
test-culture-mmciahbans-con02a,0,570.8576
test-culture-mmciahbans-con02a,1,546.5596
test-culture-mmciahbans-con02a,2,541.9121
test-culture-mmciahbans-con04a,0,513.3573
test-culture-mmciahbans-con04a,1,618.4491
test-culture-mmciahbans-con04a,2,668.2470
test-culture-mmciahbans-con03a,0,471.2888
test-culture-mmciahbans-con03a,1,549.3531
test-culture-mmciahbans-con03a,2,583.3256
test-culture-mmciahbans-con01a,0,493.4754
test-culture-mmciahbans-con01a,1,519.4772
test-culture-mmciahbans-con01a,2,560.1986
test-culture-mthbah-pro02a,0,471.6216
test-culture-mthbah-pro02a,1,539.5510
test-culture-mthbah-pro02a,2,549.7457
test-culture-mthbah-pro05a,0,501.3686
test-culture-mthbah-pro05a,1,539.4733
test-culture-mthbah-pro05a,2,588.7034
test-culture-mthbah-pro01a,0,508.6271
test-culture-mthbah-pro01a,1,541.8713
test-culture-mthbah-pro01a,2,598.2968
test-culture-mthbah-pro03a,0,472.0497
test-culture-mthbah-pro03a,1,549.0487
test-culture-mthbah-pro03a,2,550.9870
test-culture-mthbah-pro04a,0,541.5510
test-culture-mthbah-pro04a,1,522.2629
test-culture-mthbah-pro04a,2,536.8481
test-culture-mthbah-con02a,0,564.5705
test-culture-mthbah-con02a,1,555.7268
test-culture-mthbah-con02a,2,534.4821
test-culture-mthbah-con04a,0,498.2574
test-culture-mthbah-con04a,1,551.2306
test-culture-mthbah-con04a,2,584.1079
test-culture-mthbah-con03a,0,468.3037
test-culture-mthbah-con03a,1,558.5324
test-culture-mthbah-con03a,2,544.4822
test-culture-mthbah-con01a,0,484.1282
test-culture-mthbah-con01a,1,560.8240
test-culture-mthbah-con01a,2,583.7132
test-culture-ahrtsdlgra-pro02a,0,504.9574
test-culture-ahrtsdlgra-pro02a,1,543.4823
test-culture-ahrtsdlgra-pro02a,2,591.7680
test-culture-ahrtsdlgra-pro01a,0,486.0965
test-culture-ahrtsdlgra-pro01a,1,549.7129
test-culture-ahrtsdlgra-pro01a,2,559.9377
test-culture-ahrtsdlgra-pro03a,0,516.2881
test-culture-ahrtsdlgra-pro03a,1,555.7198
test-culture-ahrtsdlgra-pro03a,2,573.3985
test-culture-ahrtsdlgra-con02a,0,494.6886
test-culture-ahrtsdlgra-con02a,1,595.9220
test-culture-ahrtsdlgra-con02a,2,540.3884
test-culture-ahrtsdlgra-con03a,0,509.5124
test-culture-ahrtsdlgra-con03a,1,540.7584
test-culture-ahrtsdlgra-con03a,2,569.9192
test-culture-ahrtsdlgra-con01a,0,478.7164
test-culture-ahrtsdlgra-con01a,1,579.2335
test-culture-ahrtsdlgra-con01a,2,625.8253
test-culture-ascidfakhba-pro02a,0,1439.0088
test-culture-ascidfakhba-pro02a,1,557.8651
test-culture-ascidfakhba-pro02a,2,557.8369
test-culture-ascidfakhba-pro01a,0,535.5335
test-culture-ascidfakhba-pro01a,1,590.1236
test-culture-ascidfakhba-pro01a,2,537.0031
test-culture-ascidfakhba-pro03a,0,507.0057
test-culture-ascidfakhba-pro03a,1,588.9230
test-culture-ascidfakhba-pro03a,2,563.5179
test-culture-ascidfakhba-pro04a,0,515.3781
test-culture-ascidfakhba-pro04a,1,736.1759
test-culture-ascidfakhba-pro04a,2,613.8605
test-culture-ascidfakhba-con02a,0,1042.5137
test-culture-ascidfakhba-con02a,1,597.2068
test-culture-ascidfakhba-con02a,2,537.6232
test-culture-ascidfakhba-con04a,0,486.0856
test-culture-ascidfakhba-con04a,1,747.1195
test-culture-ascidfakhba-con04a,2,544.2303
test-culture-ascidfakhba-con03a,0,531.5969
test-culture-ascidfakhba-con03a,1,585.0085
test-culture-ascidfakhba-con03a,2,558.3610
test-culture-ascidfakhba-con01a,0,516.1954
test-culture-ascidfakhba-con01a,1,756.7920
test-culture-ascidfakhba-con01a,2,700.8898
test-culture-mmctghwbsa-pro02a,0,543.2213
test-culture-mmctghwbsa-pro02a,1,580.3575
test-culture-mmctghwbsa-pro02a,2,584.1834
test-culture-mmctghwbsa-pro01a,0,495.2640
test-culture-mmctghwbsa-pro01a,1,611.6328
test-culture-mmctghwbsa-pro01a,2,592.0021
test-culture-mmctghwbsa-pro03a,0,493.9805
test-culture-mmctghwbsa-pro03a,1,612.6073
test-culture-mmctghwbsa-pro03a,2,619.7753
test-culture-mmctghwbsa-pro04a,0,548.0500
test-culture-mmctghwbsa-pro04a,1,587.5162
test-culture-mmctghwbsa-pro04a,2,552.7610
test-culture-mmctghwbsa-con02a,0,558.2829
test-culture-mmctghwbsa-con02a,1,574.8971
test-culture-mmctghwbsa-con02a,2,577.4919
test-culture-mmctghwbsa-con04a,0,480.7558
test-culture-mmctghwbsa-con04a,1,575.2865
test-culture-mmctghwbsa-con04a,2,595.2916
test-culture-mmctghwbsa-con03a,0,533.8636
test-culture-mmctghwbsa-con03a,1,593.8909
test-culture-mmctghwbsa-con03a,2,554.0067
test-culture-mmctghwbsa-con01a,0,485.7387
test-culture-mmctghwbsa-con01a,1,575.5546
test-culture-mmctghwbsa-con01a,2,575.2457
test-culture-tlhrilsfhwr-pro02a,0,498.9610
test-culture-tlhrilsfhwr-pro02a,1,559.4268
test-culture-tlhrilsfhwr-pro02a,2,578.1293
test-culture-tlhrilsfhwr-pro01a,0,491.1366
test-culture-tlhrilsfhwr-pro01a,1,623.5317
test-culture-tlhrilsfhwr-pro01a,2,561.4936
test-culture-tlhrilsfhwr-pro03a,0,541.1904
test-culture-tlhrilsfhwr-pro03a,1,609.2319
test-culture-tlhrilsfhwr-pro03a,2,578.0244
test-culture-tlhrilsfhwr-pro04a,0,586.8856
test-culture-tlhrilsfhwr-pro04a,1,542.1483
test-culture-tlhrilsfhwr-pro04a,2,574.6645
test-culture-tlhrilsfhwr-con02a,0,483.2060
test-culture-tlhrilsfhwr-con02a,1,591.4422
test-culture-tlhrilsfhwr-con02a,2,655.3912
test-culture-tlhrilsfhwr-con03a,0,1591.3996
test-culture-tlhrilsfhwr-con03a,1,628.4146
test-culture-tlhrilsfhwr-con03a,2,629.2073
test-culture-tlhrilsfhwr-con01a,0,589.1739
test-culture-tlhrilsfhwr-con01a,1,584.2951
test-culture-tlhrilsfhwr-con01a,2,535.0915
test-culture-mmctyshwbcp-pro02a,0,538.5740
test-culture-mmctyshwbcp-pro02a,1,594.0396
test-culture-mmctyshwbcp-pro02a,2,557.3057
test-culture-mmctyshwbcp-pro06a,0,490.2598
test-culture-mmctyshwbcp-pro06a,1,605.0557
test-culture-mmctyshwbcp-pro06a,2,588.5578
test-culture-mmctyshwbcp-pro05a,0,493.9698
test-culture-mmctyshwbcp-pro05a,1,603.8672
test-culture-mmctyshwbcp-pro05a,2,721.7868
test-culture-mmctyshwbcp-pro01a,0,511.2626
test-culture-mmctyshwbcp-pro01a,1,558.8240
test-culture-mmctyshwbcp-pro01a,2,578.3882
test-culture-mmctyshwbcp-pro03a,0,591.3587
test-culture-mmctyshwbcp-pro03a,1,701.6721
test-culture-mmctyshwbcp-pro03a,2,550.0097
test-culture-mmctyshwbcp-pro04a,0,487.4445
test-culture-mmctyshwbcp-pro04a,1,630.6310
test-culture-mmctyshwbcp-pro04a,2,598.3670
test-culture-mmctyshwbcp-con02a,0,511.8338
test-culture-mmctyshwbcp-con02a,1,566.4109
test-culture-mmctyshwbcp-con02a,2,593.6647
test-culture-mmctyshwbcp-con03a,0,464.5815
test-culture-mmctyshwbcp-con03a,1,559.3264
test-culture-mmctyshwbcp-con03a,2,621.8524
test-culture-mmctyshwbcp-con01a,0,588.3720
test-culture-mmctyshwbcp-con01a,1,549.9497
test-culture-mmctyshwbcp-con01a,2,580.4610
test-culture-cgeeghwmeo-pro02a,0,650.6432
test-culture-cgeeghwmeo-pro02a,1,607.1231
test-culture-cgeeghwmeo-pro02a,2,557.0409
test-culture-cgeeghwmeo-pro01a,0,565.9656
test-culture-cgeeghwmeo-pro01a,1,550.1512
test-culture-cgeeghwmeo-pro01a,2,572.2470
test-culture-cgeeghwmeo-pro03a,0,502.6870
test-culture-cgeeghwmeo-pro03a,1,557.6719
test-culture-cgeeghwmeo-pro03a,2,563.7688
test-culture-cgeeghwmeo-pro04a,0,561.6431
test-culture-cgeeghwmeo-pro04a,1,574.8197
test-culture-cgeeghwmeo-pro04a,2,601.4405
test-culture-cgeeghwmeo-con02a,0,547.3262
test-culture-cgeeghwmeo-con02a,1,619.2309
test-culture-cgeeghwmeo-con02a,2,570.5743
test-culture-cgeeghwmeo-con04a,0,526.1822
test-culture-cgeeghwmeo-con04a,1,603.8029
test-culture-cgeeghwmeo-con04a,2,587.3875
test-culture-cgeeghwmeo-con03a,0,574.3328
test-culture-cgeeghwmeo-con03a,1,640.4561
test-culture-cgeeghwmeo-con03a,2,592.0188
test-culture-cgeeghwmeo-con01a,0,538.7626
test-culture-cgeeghwmeo-con01a,1,729.4036
test-culture-cgeeghwmeo-con01a,2,563.9350
test-culture-thbcsbptwhht-pro02a,0,506.3752
test-culture-thbcsbptwhht-pro02a,1,587.0392
test-culture-thbcsbptwhht-pro02a,2,571.0786
test-culture-thbcsbptwhht-pro01a,0,500.7412
test-culture-thbcsbptwhht-pro01a,1,558.9648
test-culture-thbcsbptwhht-pro01a,2,528.8017
test-culture-thbcsbptwhht-pro03a,0,492.0152
test-culture-thbcsbptwhht-pro03a,1,541.2702
test-culture-thbcsbptwhht-pro03a,2,571.9272
test-culture-thbcsbptwhht-pro04a,0,520.5720
test-culture-thbcsbptwhht-pro04a,1,554.1789
test-culture-thbcsbptwhht-pro04a,2,602.3681
test-culture-thbcsbptwhht-con02a,0,533.7129
test-culture-thbcsbptwhht-con02a,1,575.0508
test-culture-thbcsbptwhht-con02a,2,552.5923
test-culture-thbcsbptwhht-con03a,0,523.7391
test-culture-thbcsbptwhht-con03a,1,557.7361
test-culture-thbcsbptwhht-con03a,2,568.0004
test-culture-thbcsbptwhht-con01a,0,575.7085
test-culture-thbcsbptwhht-con01a,1,508.0744
test-culture-thbcsbptwhht-con01a,2,552.6793
test-digital-freedoms-phwnaccpdt-pro02a,0,498.8173
test-digital-freedoms-phwnaccpdt-pro02a,1,638.4937
test-digital-freedoms-phwnaccpdt-pro02a,2,577.5260
test-digital-freedoms-phwnaccpdt-pro01a,0,490.2925
test-digital-freedoms-phwnaccpdt-pro01a,1,521.5191
test-digital-freedoms-phwnaccpdt-pro01a,2,526.4351
test-digital-freedoms-phwnaccpdt-pro03a,0,480.7140
test-digital-freedoms-phwnaccpdt-pro03a,1,531.7543
test-digital-freedoms-phwnaccpdt-pro03a,2,486.1991
test-digital-freedoms-phwnaccpdt-con02a,0,578.5246
test-digital-freedoms-phwnaccpdt-con02a,1,545.2364
test-digital-freedoms-phwnaccpdt-con02a,2,468.1227
test-digital-freedoms-phwnaccpdt-con03a,0,495.1368
test-digital-freedoms-phwnaccpdt-con03a,1,516.0891
test-digital-freedoms-phwnaccpdt-con03a,2,506.0451
test-digital-freedoms-phwnaccpdt-con01a,0,501.0570
test-digital-freedoms-phwnaccpdt-con01a,1,528.1925
test-digital-freedoms-phwnaccpdt-con01a,2,517.3410
test-digital-freedoms-dfiphbgs-pro02a,0,492.6214
test-digital-freedoms-dfiphbgs-pro02a,1,535.7720
test-digital-freedoms-dfiphbgs-pro02a,2,494.7361
test-digital-freedoms-dfiphbgs-pro01a,0,574.3900
test-digital-freedoms-dfiphbgs-pro01a,1,522.5715
test-digital-freedoms-dfiphbgs-pro01a,2,630.9003
test-digital-freedoms-dfiphbgs-pro03a,0,524.3004
test-digital-freedoms-dfiphbgs-pro03a,1,556.2858
test-digital-freedoms-dfiphbgs-pro03a,2,521.1006
test-digital-freedoms-dfiphbgs-con02a,0,503.2345
test-digital-freedoms-dfiphbgs-con02a,1,510.3314
test-digital-freedoms-dfiphbgs-con02a,2,549.5081
test-digital-freedoms-dfiphbgs-con03a,0,496.6838
test-digital-freedoms-dfiphbgs-con03a,1,521.1525
test-digital-freedoms-dfiphbgs-con03a,2,562.7088
test-digital-freedoms-dfiphbgs-con01a,0,483.6282
test-digital-freedoms-dfiphbgs-con01a,1,534.6907
test-digital-freedoms-dfiphbgs-con01a,2,603.4456
test-digital-freedoms-aihwbasmn-pro02a,0,471.9228
test-digital-freedoms-aihwbasmn-pro02a,1,513.9056
test-digital-freedoms-aihwbasmn-pro02a,2,562.4013
test-digital-freedoms-aihwbasmn-pro01a,0,461.6684
test-digital-freedoms-aihwbasmn-pro01a,1,499.5260
test-digital-freedoms-aihwbasmn-pro01a,2,556.8010
test-digital-freedoms-aihwbasmn-pro03a,0,517.3422
test-digital-freedoms-aihwbasmn-pro03a,1,545.4698
test-digital-freedoms-aihwbasmn-pro03a,2,545.8229
test-digital-freedoms-aihwbasmn-pro04a,0,481.9201
test-digital-freedoms-aihwbasmn-pro04a,1,510.3208
test-digital-freedoms-aihwbasmn-pro04a,2,572.0503
test-digital-freedoms-aihwbasmn-con02a,0,473.8779
test-digital-freedoms-aihwbasmn-con02a,1,542.2006
test-digital-freedoms-aihwbasmn-con02a,2,549.8864
test-digital-freedoms-aihwbasmn-con05a,0,497.4375
test-digital-freedoms-aihwbasmn-con05a,1,518.1653
test-digital-freedoms-aihwbasmn-con05a,2,566.2208
test-digital-freedoms-aihwbasmn-con04a,0,535.3620
test-digital-freedoms-aihwbasmn-con04a,1,517.6773
test-digital-freedoms-aihwbasmn-con04a,2,588.0181
test-digital-freedoms-aihwbasmn-con03a,0,492.4765
test-digital-freedoms-aihwbasmn-con03a,1,497.2849
test-digital-freedoms-aihwbasmn-con03a,2,638.8278
test-digital-freedoms-aihwbasmn-con01a,0,537.6069
test-digital-freedoms-aihwbasmn-con01a,1,551.0077
test-digital-freedoms-aihwbasmn-con01a,2,597.4542
test-digital-freedoms-eifpgdff-pro02a,0,544.1346
test-digital-freedoms-eifpgdff-pro02a,1,513.2478
test-digital-freedoms-eifpgdff-pro02a,2,585.1341
test-digital-freedoms-eifpgdff-pro01a,0,559.1057
test-digital-freedoms-eifpgdff-pro01a,1,525.3175
test-digital-freedoms-eifpgdff-pro01a,2,597.8950
test-digital-freedoms-eifpgdff-pro03a,0,549.9728
test-digital-freedoms-eifpgdff-pro03a,1,555.6781
test-digital-freedoms-eifpgdff-pro03a,2,569.0103
test-digital-freedoms-eifpgdff-con02a,0,489.0893
test-digital-freedoms-eifpgdff-con02a,1,548.0434
test-digital-freedoms-eifpgdff-con02a,2,536.6263
test-digital-freedoms-eifpgdff-con03a,0,527.2292
test-digital-freedoms-eifpgdff-con03a,1,553.4710
test-digital-freedoms-eifpgdff-con03a,2,560.9308
test-digital-freedoms-eifpgdff-con01a,0,517.4934
test-digital-freedoms-eifpgdff-con01a,1,523.4496
test-digital-freedoms-eifpgdff-con01a,2,553.5776
test-digital-freedoms-piidfaihbg-pro02a,0,555.1482
test-digital-freedoms-piidfaihbg-pro02a,1,502.5950
test-digital-freedoms-piidfaihbg-pro02a,2,562.2759
test-digital-freedoms-piidfaihbg-pro01a,0,479.5905
test-digital-freedoms-piidfaihbg-pro01a,1,518.5044
test-digital-freedoms-piidfaihbg-pro01a,2,563.6682
test-digital-freedoms-piidfaihbg-pro03a,0,509.2786
test-digital-freedoms-piidfaihbg-pro03a,1,539.2242
test-digital-freedoms-piidfaihbg-pro03a,2,600.7418
test-digital-freedoms-piidfaihbg-con02a,0,508.7714
test-digital-freedoms-piidfaihbg-con02a,1,534.3321
test-digital-freedoms-piidfaihbg-con02a,2,536.5578
test-digital-freedoms-piidfaihbg-con03a,0,499.5945
test-digital-freedoms-piidfaihbg-con03a,1,565.9816
test-digital-freedoms-piidfaihbg-con03a,2,520.8117
test-digital-freedoms-piidfaihbg-con01a,0,600.9925
test-digital-freedoms-piidfaihbg-con01a,1,509.9629
test-digital-freedoms-piidfaihbg-con01a,2,544.7191
test-digital-freedoms-piidfiphwu-pro02a,0,561.1963
test-digital-freedoms-piidfiphwu-pro02a,1,534.7576
test-digital-freedoms-piidfiphwu-pro02a,2,532.5085
test-digital-freedoms-piidfiphwu-pro01a,0,578.6924
test-digital-freedoms-piidfiphwu-pro01a,1,533.2636
test-digital-freedoms-piidfiphwu-pro01a,2,557.6663
test-digital-freedoms-piidfiphwu-pro03a,0,575.1301
test-digital-freedoms-piidfiphwu-pro03a,1,509.5363
test-digital-freedoms-piidfiphwu-pro03a,2,553.7051
test-digital-freedoms-piidfiphwu-con02a,0,560.8820
test-digital-freedoms-piidfiphwu-con02a,1,522.6504
test-digital-freedoms-piidfiphwu-con02a,2,566.8567
test-digital-freedoms-piidfiphwu-con03a,0,632.2690
test-digital-freedoms-piidfiphwu-con03a,1,544.9453
test-digital-freedoms-piidfiphwu-con03a,2,580.2596
test-digital-freedoms-piidfiphwu-con01a,0,645.6728
test-digital-freedoms-piidfiphwu-con01a,1,540.7089
test-digital-freedoms-piidfiphwu-con01a,2,559.4091
test-digital-freedoms-aihbiahr-pro02a,0,541.4456
test-digital-freedoms-aihbiahr-pro02a,1,521.4521
test-digital-freedoms-aihbiahr-pro02a,2,617.8001
test-digital-freedoms-aihbiahr-pro01a,0,508.9590
test-digital-freedoms-aihbiahr-pro01a,1,508.0444
test-digital-freedoms-aihbiahr-pro01a,2,557.2225
test-digital-freedoms-aihbiahr-pro03a,0,515.2547
test-digital-freedoms-aihbiahr-pro03a,1,564.2804
test-digital-freedoms-aihbiahr-pro03a,2,560.7395
test-digital-freedoms-aihbiahr-con02a,0,499.8976
test-digital-freedoms-aihbiahr-con02a,1,540.4186
test-digital-freedoms-aihbiahr-con02a,2,559.1974
test-digital-freedoms-aihbiahr-con04a,0,644.2094
test-digital-freedoms-aihbiahr-con04a,1,575.5156
test-digital-freedoms-aihbiahr-con04a,2,558.4416
test-digital-freedoms-aihbiahr-con03a,0,543.0014
test-digital-freedoms-aihbiahr-con03a,1,534.4463
test-digital-freedoms-aihbiahr-con03a,2,587.5716
test-digital-freedoms-aihbiahr-con01a,0,499.5311
test-digital-freedoms-aihbiahr-con01a,1,515.8599
test-digital-freedoms-aihbiahr-con01a,2,531.1662
test-digital-freedoms-efsappgdfp-pro02a,0,684.0652
test-digital-freedoms-efsappgdfp-pro02a,1,510.0074
test-digital-freedoms-efsappgdfp-pro02a,2,536.0045
test-digital-freedoms-efsappgdfp-pro01a,0,517.1596
test-digital-freedoms-efsappgdfp-pro01a,1,548.1115
test-digital-freedoms-efsappgdfp-pro01a,2,556.9978
test-digital-freedoms-efsappgdfp-pro03a,0,543.5492
test-digital-freedoms-efsappgdfp-pro03a,1,515.9230
test-digital-freedoms-efsappgdfp-pro03a,2,567.0802
test-digital-freedoms-efsappgdfp-pro04a,0,481.8544
test-digital-freedoms-efsappgdfp-pro04a,1,545.6463
test-digital-freedoms-efsappgdfp-pro04a,2,633.1306
test-digital-freedoms-efsappgdfp-con02a,0,490.3211
test-digital-freedoms-efsappgdfp-con02a,1,526.4485
test-digital-freedoms-efsappgdfp-con02a,2,534.3538
test-digital-freedoms-efsappgdfp-con05a,0,470.4243
test-digital-freedoms-efsappgdfp-con05a,1,500.6275
test-digital-freedoms-efsappgdfp-con05a,2,542.6015
test-digital-freedoms-efsappgdfp-con04a,0,569.0838
test-digital-freedoms-efsappgdfp-con04a,1,533.3348
test-digital-freedoms-efsappgdfp-con04a,2,552.4653
test-digital-freedoms-efsappgdfp-con03a,0,480.9394
test-digital-freedoms-efsappgdfp-con03a,1,496.3877
test-digital-freedoms-efsappgdfp-con03a,2,587.7586
test-digital-freedoms-efsappgdfp-con01a,0,507.4178
test-digital-freedoms-efsappgdfp-con01a,1,524.2950
test-digital-freedoms-efsappgdfp-con01a,2,551.9280
test-digital-freedoms-eifdfaihs-pro02a,0,489.5935
test-digital-freedoms-eifdfaihs-pro02a,1,500.0986
test-digital-freedoms-eifdfaihs-pro02a,2,549.4594
test-digital-freedoms-eifdfaihs-pro01a,0,518.7734
test-digital-freedoms-eifdfaihs-pro01a,1,502.2412
test-digital-freedoms-eifdfaihs-pro01a,2,570.8023
test-digital-freedoms-eifdfaihs-pro03a,0,534.0188
test-digital-freedoms-eifdfaihs-pro03a,1,533.3476
test-digital-freedoms-eifdfaihs-pro03a,2,563.2007
test-digital-freedoms-eifdfaihs-con02a,0,492.9368
test-digital-freedoms-eifdfaihs-con02a,1,508.1637
test-digital-freedoms-eifdfaihs-con02a,2,612.8794
test-digital-freedoms-eifdfaihs-con03a,0,496.0842
test-digital-freedoms-eifdfaihs-con03a,1,617.4387
test-digital-freedoms-eifdfaihs-con03a,2,548.5639
test-digital-freedoms-eifdfaihs-con01a,0,510.6829
test-digital-freedoms-eifdfaihs-con01a,1,524.7059
test-digital-freedoms-eifdfaihs-con01a,2,558.4174
test-religion-frghbbgi-pro02a,0,475.6289
test-religion-frghbbgi-pro02a,1,525.7127
test-religion-frghbbgi-pro02a,2,588.9766
test-religion-frghbbgi-pro05a,0,464.5211
test-religion-frghbbgi-pro05a,1,502.4223
test-religion-frghbbgi-pro05a,2,579.9954
test-religion-frghbbgi-pro01a,0,514.8787
test-religion-frghbbgi-pro01a,1,527.1668
test-religion-frghbbgi-pro01a,2,600.3414
test-religion-frghbbgi-pro03a,0,573.8708
test-religion-frghbbgi-pro03a,1,520.2207
test-religion-frghbbgi-pro03a,2,546.5191
test-religion-frghbbgi-pro04a,0,512.7868
test-religion-frghbbgi-pro04a,1,578.2118
test-religion-frghbbgi-pro04a,2,550.1150
test-religion-frghbbgi-con02a,0,527.9872
test-religion-frghbbgi-con02a,1,569.0375
test-religion-frghbbgi-con02a,2,536.7098
test-religion-frghbbgi-con03a,0,484.4583
test-religion-frghbbgi-con03a,1,545.3759
test-religion-frghbbgi-con03a,2,600.3299
test-religion-frghbbgi-con01a,0,468.3937
test-religion-frghbbgi-con01a,1,532.7219
test-religion-frghbbgi-con01a,2,520.0676
test-religion-yercfrggms-pro02a,0,500.2518
test-religion-yercfrggms-pro02a,1,520.0943
test-religion-yercfrggms-pro02a,2,585.7177
test-religion-yercfrggms-pro06a,0,514.8333
test-religion-yercfrggms-pro06a,1,518.7749
test-religion-yercfrggms-pro06a,2,573.2190
test-religion-yercfrggms-pro05a,0,484.0979
test-religion-yercfrggms-pro05a,1,514.3078
test-religion-yercfrggms-pro05a,2,551.1918
test-religion-yercfrggms-pro01a,0,503.4635
test-religion-yercfrggms-pro01a,1,545.3908
test-religion-yercfrggms-pro01a,2,591.4327
test-religion-yercfrggms-pro07a,0,475.5964
test-religion-yercfrggms-pro07a,1,544.7127
test-religion-yercfrggms-pro07a,2,531.3997
test-religion-yercfrggms-pro03a,0,565.3583
test-religion-yercfrggms-pro03a,1,523.5605
test-religion-yercfrggms-pro03a,2,589.9822
test-religion-yercfrggms-pro04a,0,491.5947
test-religion-yercfrggms-pro04a,1,541.1676
test-religion-yercfrggms-pro04a,2,549.7497
test-religion-yercfrggms-con02a,0,483.5954
test-religion-yercfrggms-con02a,1,613.7725
test-religion-yercfrggms-con02a,2,577.2207
test-religion-yercfrggms-con03a,0,492.3448
test-religion-yercfrggms-con03a,1,512.5647
test-religion-yercfrggms-con03a,2,551.3434
test-religion-yercfrggms-con01a,0,503.7282
test-religion-yercfrggms-con01a,1,523.6331
test-religion-yercfrggms-con01a,2,542.4647
test-religion-wcprrgrhbmi-pro02a,0,490.1230
test-religion-wcprrgrhbmi-pro02a,1,533.0716
test-religion-wcprrgrhbmi-pro02a,2,603.6437
test-religion-wcprrgrhbmi-pro01a,0,457.5703
test-religion-wcprrgrhbmi-pro01a,1,540.9461
test-religion-wcprrgrhbmi-pro01a,2,552.0265
test-religion-wcprrgrhbmi-pro03a,0,479.8445
test-religion-wcprrgrhbmi-pro03a,1,557.0704
test-religion-wcprrgrhbmi-pro03a,2,548.8596
test-religion-wcprrgrhbmi-con02a,0,528.7929
test-religion-wcprrgrhbmi-con02a,1,530.8299
test-religion-wcprrgrhbmi-con02a,2,544.7687
test-religion-wcprrgrhbmi-con03a,0,500.6075
test-religion-wcprrgrhbmi-con03a,1,525.3242
test-religion-wcprrgrhbmi-con03a,2,574.2166
test-religion-wcprrgrhbmi-con01a,0,534.9705
test-religion-wcprrgrhbmi-con01a,1,535.3252
test-religion-wcprrgrhbmi-con01a,2,548.7188
test-religion-cmrsgfhbr-pro02a,0,547.4891
test-religion-cmrsgfhbr-pro02a,1,514.4557
test-religion-cmrsgfhbr-pro02a,2,574.3297
test-religion-cmrsgfhbr-pro01a,0,520.7398
test-religion-cmrsgfhbr-pro01a,1,515.8319
test-religion-cmrsgfhbr-pro01a,2,647.1288
test-religion-cmrsgfhbr-pro03a,0,495.4782
test-religion-cmrsgfhbr-pro03a,1,529.3499
test-religion-cmrsgfhbr-pro03a,2,579.0720
test-religion-cmrsgfhbr-con02a,0,509.9189
test-religion-cmrsgfhbr-con02a,1,502.4892
test-religion-cmrsgfhbr-con02a,2,584.6146
test-religion-cmrsgfhbr-con03a,0,506.4483
test-religion-cmrsgfhbr-con03a,1,497.6862
test-religion-cmrsgfhbr-con03a,2,594.7099
test-religion-cmrsgfhbr-con01a,0,569.6396
test-religion-cmrsgfhbr-con01a,1,501.5713
test-religion-cmrsgfhbr-con01a,2,609.4052
test-religion-grcrgshwbr-pro02a,0,609.3236
test-religion-grcrgshwbr-pro02a,1,504.1783
test-religion-grcrgshwbr-pro02a,2,597.5422
test-religion-grcrgshwbr-pro05a,0,679.3075
test-religion-grcrgshwbr-pro05a,1,520.5314
test-religion-grcrgshwbr-pro05a,2,597.9386
test-religion-grcrgshwbr-pro01a,0,540.5055
test-religion-grcrgshwbr-pro01a,1,509.4302
test-religion-grcrgshwbr-pro01a,2,604.8363
test-religion-grcrgshwbr-pro03a,0,605.9634
test-religion-grcrgshwbr-pro03a,1,524.1016
test-religion-grcrgshwbr-pro03a,2,535.7853
test-religion-grcrgshwbr-pro04a,0,530.4506
test-religion-grcrgshwbr-pro04a,1,539.1123
test-religion-grcrgshwbr-pro04a,2,577.6553
test-religion-grcrgshwbr-con02a,0,567.6986
test-religion-grcrgshwbr-con02a,1,506.5808
test-religion-grcrgshwbr-con02a,2,570.4005
test-religion-grcrgshwbr-con04a,0,527.2331
test-religion-grcrgshwbr-con04a,1,514.8001
test-religion-grcrgshwbr-con04a,2,564.2709
test-religion-grcrgshwbr-con03a,0,546.3619
test-religion-grcrgshwbr-con03a,1,505.2203
test-religion-grcrgshwbr-con03a,2,637.1146
test-religion-grcrgshwbr-con01a,0,527.1779
test-religion-grcrgshwbr-con01a,1,515.5877
test-religion-grcrgshwbr-con01a,2,558.6558
test-religion-msgfhwbamec-pro02a,0,545.1845
test-religion-msgfhwbamec-pro02a,1,551.2803
test-religion-msgfhwbamec-pro02a,2,562.4809
test-religion-msgfhwbamec-pro01a,0,517.6011
test-religion-msgfhwbamec-pro01a,1,547.5754
test-religion-msgfhwbamec-pro01a,2,616.2831
test-religion-msgfhwbamec-pro03a,0,568.7105
test-religion-msgfhwbamec-pro03a,1,507.6023
test-religion-msgfhwbamec-pro03a,2,556.7190
test-religion-msgfhwbamec-con02a,0,729.3229
test-religion-msgfhwbamec-con02a,1,583.5779
test-religion-msgfhwbamec-con02a,2,631.3264
test-religion-msgfhwbamec-con03a,0,643.9386
test-religion-msgfhwbamec-con03a,1,529.5760
test-religion-msgfhwbamec-con03a,2,535.2291
test-religion-msgfhwbamec-con01a,0,640.7584
test-religion-msgfhwbamec-con01a,1,545.5914
test-religion-msgfhwbamec-con01a,2,559.7653
test-science-ciidfaihwc-pro02a,0,544.7734
test-science-ciidfaihwc-pro02a,1,506.3203
test-science-ciidfaihwc-pro02a,2,620.9516
test-science-ciidfaihwc-pro01a,0,606.4150
test-science-ciidfaihwc-pro01a,1,535.0241
test-science-ciidfaihwc-pro01a,2,565.3704
test-science-ciidfaihwc-pro03a,0,639.4359
test-science-ciidfaihwc-pro03a,1,514.7094
test-science-ciidfaihwc-pro03a,2,538.6796
test-science-ciidfaihwc-pro04a,0,593.9972
test-science-ciidfaihwc-pro04a,1,528.9677
test-science-ciidfaihwc-pro04a,2,524.5771
test-science-ciidfaihwc-con02a,0,621.3467
test-science-ciidfaihwc-con02a,1,480.7003
test-science-ciidfaihwc-con02a,2,581.4109
test-science-ciidfaihwc-con03a,0,659.3142
test-science-ciidfaihwc-con03a,1,537.3313
test-science-ciidfaihwc-con03a,2,547.5485
test-science-ciidfaihwc-con01a,0,634.7860
test-science-ciidfaihwc-con01a,1,508.9459
test-science-ciidfaihwc-con01a,2,732.0656
test-science-eassgbatj-pro02a,0,726.1846
test-science-eassgbatj-pro02a,1,514.9252
test-science-eassgbatj-pro02a,2,568.7075
test-science-eassgbatj-pro05a,0,691.9207
test-science-eassgbatj-pro05a,1,633.5309
test-science-eassgbatj-pro05a,2,558.4674
test-science-eassgbatj-pro01a,0,771.2045
test-science-eassgbatj-pro01a,1,538.7819
test-science-eassgbatj-pro01a,2,616.0216
test-science-eassgbatj-pro03a,0,667.3701
test-science-eassgbatj-pro03a,1,528.2304
test-science-eassgbatj-pro03a,2,545.0929
test-science-eassgbatj-pro04a,0,676.1161
test-science-eassgbatj-pro04a,1,507.7142
test-science-eassgbatj-pro04a,2,584.5685
test-science-eassgbatj-con02a,0,698.2136
test-science-eassgbatj-con02a,1,499.7678
test-science-eassgbatj-con02a,2,529.1453
test-science-eassgbatj-con05a,0,671.6695
test-science-eassgbatj-con05a,1,556.3710
test-science-eassgbatj-con05a,2,571.2603
test-science-eassgbatj-con04a,0,619.3805
test-science-eassgbatj-con04a,1,532.3599
test-science-eassgbatj-con04a,2,553.9653
test-science-eassgbatj-con03a,0,657.2107
test-science-eassgbatj-con03a,1,522.9664
test-science-eassgbatj-con03a,2,555.4372
test-science-eassgbatj-con01a,0,629.6463
test-science-eassgbatj-con01a,1,536.3738
test-science-eassgbatj-con01a,2,536.0042
test-science-cpisydfphwj-pro02a,0,648.3423
test-science-cpisydfphwj-pro02a,1,495.0387
test-science-cpisydfphwj-pro02a,2,553.7042
test-science-cpisydfphwj-pro01a,0,628.7011
test-science-cpisydfphwj-pro01a,1,548.3365
test-science-cpisydfphwj-pro01a,2,571.7998
test-science-cpisydfphwj-pro03a,0,640.6278
test-science-cpisydfphwj-pro03a,1,523.7383
test-science-cpisydfphwj-pro03a,2,567.7665
test-science-cpisydfphwj-con02a,0,1604.5710
test-science-cpisydfphwj-con02a,1,538.4234
test-science-cpisydfphwj-con02a,2,584.4822
test-science-cpisydfphwj-con03a,0,568.9293
test-science-cpisydfphwj-con03a,1,516.9792
test-science-cpisydfphwj-con03a,2,1265.3949
test-science-cpisydfphwj-con01a,0,594.3282
test-science-cpisydfphwj-con01a,1,505.7207
test-science-cpisydfphwj-con01a,2,565.0715
test-science-wsihwclscaaw-pro02a,0,685.7589
test-science-wsihwclscaaw-pro02a,1,542.3295
test-science-wsihwclscaaw-pro02a,2,592.6748
test-science-wsihwclscaaw-pro01a,0,744.6078
test-science-wsihwclscaaw-pro01a,1,498.7166
test-science-wsihwclscaaw-pro01a,2,551.0326
test-science-wsihwclscaaw-pro03a,0,692.7663
test-science-wsihwclscaaw-pro03a,1,600.7345
test-science-wsihwclscaaw-pro03a,2,591.0324
test-science-wsihwclscaaw-con02a,0,648.7797
test-science-wsihwclscaaw-con02a,1,499.0944
test-science-wsihwclscaaw-con02a,2,633.0581
test-science-wsihwclscaaw-con03a,0,679.9892
test-science-wsihwclscaaw-con03a,1,521.0405
test-science-wsihwclscaaw-con03a,2,527.5244
test-science-wsihwclscaaw-con01a,0,638.3277
test-science-wsihwclscaaw-con01a,1,537.1140
test-science-wsihwclscaaw-con01a,2,546.0100
test-science-nsihwbtiss-pro02a,0,642.4418
test-science-nsihwbtiss-pro02a,1,544.8332
test-science-nsihwbtiss-pro02a,2,596.4994
test-science-nsihwbtiss-pro01a,0,618.1673
test-science-nsihwbtiss-pro01a,1,565.8308
test-science-nsihwbtiss-pro01a,2,533.1020
test-science-nsihwbtiss-pro03a,0,613.4285
test-science-nsihwbtiss-pro03a,1,581.2149
test-science-nsihwbtiss-pro03a,2,619.0776
test-science-nsihwbtiss-pro04a,0,626.3011
test-science-nsihwbtiss-pro04a,1,551.5966
test-science-nsihwbtiss-pro04a,2,626.7650
test-science-nsihwbtiss-con02a,0,612.0907
test-science-nsihwbtiss-con02a,1,543.1716
test-science-nsihwbtiss-con02a,2,554.9094
test-science-nsihwbtiss-con04a,0,630.4036
test-science-nsihwbtiss-con04a,1,550.5939
test-science-nsihwbtiss-con04a,2,551.3653
test-science-nsihwbtiss-con03a,0,639.1147
test-science-nsihwbtiss-con03a,1,648.9401
test-science-nsihwbtiss-con03a,2,581.6373
test-science-nsihwbtiss-con01a,0,600.9351
test-science-nsihwbtiss-con01a,1,741.8660
test-science-nsihwbtiss-con01a,2,550.0227
test-science-dssghsdmd-pro02a,0,683.3021
test-science-dssghsdmd-pro02a,1,597.1993
test-science-dssghsdmd-pro02a,2,586.2316
test-science-dssghsdmd-pro01a,0,592.4955
test-science-dssghsdmd-pro01a,1,563.4101
test-science-dssghsdmd-pro01a,2,545.3986
test-science-dssghsdmd-pro03a,0,653.6661
test-science-dssghsdmd-pro03a,1,582.2795
test-science-dssghsdmd-pro03a,2,618.8289
test-science-dssghsdmd-pro04a,0,770.6872
test-science-dssghsdmd-pro04a,1,592.8263
test-science-dssghsdmd-pro04a,2,547.2532
test-science-dssghsdmd-con02a,0,629.0768
test-science-dssghsdmd-con02a,1,615.8994
test-science-dssghsdmd-con02a,2,574.6430
test-science-dssghsdmd-con03a,0,645.2969
test-science-dssghsdmd-con03a,1,530.6793
test-science-dssghsdmd-con03a,2,548.5511
test-science-dssghsdmd-con01a,0,643.1357
test-science-dssghsdmd-con01a,1,593.2523
test-science-dssghsdmd-con01a,2,509.0016
test-science-ascidfakhba-pro02a,0,579.9207
test-science-ascidfakhba-pro02a,1,510.4492
test-science-ascidfakhba-pro02a,2,576.5210
test-science-ascidfakhba-pro01a,0,625.2366
test-science-ascidfakhba-pro01a,1,511.7143
test-science-ascidfakhba-pro01a,2,534.0606
test-science-ascidfakhba-pro03a,0,588.4978
test-science-ascidfakhba-pro03a,1,565.2247
test-science-ascidfakhba-pro03a,2,632.4650
test-science-ascidfakhba-pro04a,0,592.1328
test-science-ascidfakhba-pro04a,1,542.8434
test-science-ascidfakhba-pro04a,2,536.6460
test-science-ascidfakhba-con02a,0,595.2153
test-science-ascidfakhba-con02a,1,812.8178
test-science-ascidfakhba-con02a,2,597.7673
test-science-ascidfakhba-con04a,0,606.3725
test-science-ascidfakhba-con04a,1,530.5838
test-science-ascidfakhba-con04a,2,561.5944
test-science-ascidfakhba-con03a,0,622.4330
test-science-ascidfakhba-con03a,1,517.7892
test-science-ascidfakhba-con03a,2,714.1985
test-science-ascidfakhba-con01a,0,599.2519
test-science-ascidfakhba-con01a,1,499.9545
test-science-ascidfakhba-con01a,2,613.5640
test-science-sghwbdgmo-pro02a,0,682.1678
test-science-sghwbdgmo-pro02a,1,514.1415
test-science-sghwbdgmo-pro02a,2,549.0375
test-science-sghwbdgmo-pro01a,0,623.0293
test-science-sghwbdgmo-pro01a,1,544.4711
test-science-sghwbdgmo-pro01a,2,617.5151
test-science-sghwbdgmo-pro03a,0,601.7765
test-science-sghwbdgmo-pro03a,1,522.2903
test-science-sghwbdgmo-pro03a,2,564.1309
test-science-sghwbdgmo-con02a,0,582.8205
test-science-sghwbdgmo-con02a,1,504.2963
test-science-sghwbdgmo-con02a,2,585.4199
test-science-sghwbdgmo-con03a,0,726.1615
test-science-sghwbdgmo-con03a,1,522.5143
test-science-sghwbdgmo-con03a,2,628.6713
test-science-sghwbdgmo-con01a,0,583.4961
test-science-sghwbdgmo-con01a,1,533.6560
test-science-sghwbdgmo-con01a,2,576.9724
test-society-tsmihwurpp-pro02a,0,636.4042
test-society-tsmihwurpp-pro02a,1,488.9118
test-society-tsmihwurpp-pro02a,2,574.7178
test-society-tsmihwurpp-pro01a,0,628.9924
test-society-tsmihwurpp-pro01a,1,516.9449
test-society-tsmihwurpp-pro01a,2,611.2688
test-society-tsmihwurpp-pro03a,0,591.1373
test-society-tsmihwurpp-pro03a,1,555.3022
test-society-tsmihwurpp-pro03a,2,565.1966
test-society-tsmihwurpp-con02a,0,595.5978
test-society-tsmihwurpp-con02a,1,494.1098
test-society-tsmihwurpp-con02a,2,554.5693
test-society-tsmihwurpp-con03a,0,635.5912
test-society-tsmihwurpp-con03a,1,525.2698
test-society-tsmihwurpp-con03a,2,528.2733
test-society-tsmihwurpp-con01a,0,619.1053
test-society-tsmihwurpp-con01a,1,577.8613
test-society-tsmihwurpp-con01a,2,573.3620
test-society-cpisydfphwj-pro02a,0,604.0920
test-society-cpisydfphwj-pro02a,1,490.3048
test-society-cpisydfphwj-pro02a,2,588.0266
test-society-cpisydfphwj-pro01a,0,602.1418
test-society-cpisydfphwj-pro01a,1,532.7921
test-society-cpisydfphwj-pro01a,2,561.5319
test-society-cpisydfphwj-pro03a,0,625.2283
test-society-cpisydfphwj-pro03a,1,532.4692
test-society-cpisydfphwj-pro03a,2,534.6129
test-society-cpisydfphwj-con02a,0,659.0848
test-society-cpisydfphwj-con02a,1,527.2908
test-society-cpisydfphwj-con02a,2,635.8956
test-society-cpisydfphwj-con03a,0,615.2916
test-society-cpisydfphwj-con03a,1,516.1043
test-society-cpisydfphwj-con03a,2,560.2434
test-society-cpisydfphwj-con01a,0,648.5600
test-society-cpisydfphwj-con01a,1,475.1196
test-society-cpisydfphwj-con01a,2,526.0422
test-society-ghbgqeaaems-pro02a,0,623.2258
test-society-ghbgqeaaems-pro02a,1,461.0263
test-society-ghbgqeaaems-pro02a,2,1486.7673
test-society-ghbgqeaaems-pro01a,0,607.0072
test-society-ghbgqeaaems-pro01a,1,511.7268
test-society-ghbgqeaaems-pro01a,2,552.5197
test-society-ghbgqeaaems-pro03a,0,630.8633
test-society-ghbgqeaaems-pro03a,1,663.6120
test-society-ghbgqeaaems-pro03a,2,536.9529
test-society-ghbgqeaaems-pro04a,0,578.8296
test-society-ghbgqeaaems-pro04a,1,447.4182
test-society-ghbgqeaaems-pro04a,2,567.2139
test-society-ghbgqeaaems-con02a,0,567.6724
test-society-ghbgqeaaems-con02a,1,493.5308
test-society-ghbgqeaaems-con02a,2,506.9525
test-society-ghbgqeaaems-con03a,0,548.1913
test-society-ghbgqeaaems-con03a,1,711.0266
test-society-ghbgqeaaems-con03a,2,529.6000
test-society-ghbgqeaaems-con01a,0,609.3255
test-society-ghbgqeaaems-con01a,1,564.8148
test-society-ghbgqeaaems-con01a,2,542.3415
test-society-mmcpsgfhbf-pro02a,0,582.1787
test-society-mmcpsgfhbf-pro02a,1,471.3678
test-society-mmcpsgfhbf-pro02a,2,525.5297
test-society-mmcpsgfhbf-pro01a,0,605.0773
test-society-mmcpsgfhbf-pro01a,1,440.5300
test-society-mmcpsgfhbf-pro01a,2,583.6107
test-society-mmcpsgfhbf-pro03a,0,516.6892
test-society-mmcpsgfhbf-pro03a,1,444.6716
test-society-mmcpsgfhbf-pro03a,2,547.2189
test-society-mmcpsgfhbf-pro04a,0,521.1764
test-society-mmcpsgfhbf-pro04a,1,778.1103
test-society-mmcpsgfhbf-pro04a,2,548.7211
test-society-mmcpsgfhbf-con02a,0,486.3723
test-society-mmcpsgfhbf-con02a,1,521.5897
test-society-mmcpsgfhbf-con02a,2,622.0781
test-society-mmcpsgfhbf-con04a,0,508.1957
test-society-mmcpsgfhbf-con04a,1,566.2262
test-society-mmcpsgfhbf-con04a,2,568.7860
test-society-mmcpsgfhbf-con03a,0,527.0013
test-society-mmcpsgfhbf-con03a,1,460.5958
test-society-mmcpsgfhbf-con03a,2,544.7289
test-society-mmcpsgfhbf-con01a,0,482.2729
test-society-mmcpsgfhbf-con01a,1,702.1502
test-society-mmcpsgfhbf-con01a,2,560.9945
test-society-epiasghbf-pro02a,0,502.4634
test-society-epiasghbf-pro02a,1,458.4942
test-society-epiasghbf-pro02a,2,642.1646
test-society-epiasghbf-pro01a,0,469.6137
test-society-epiasghbf-pro01a,1,508.2815
test-society-epiasghbf-pro01a,2,568.9610
test-society-epiasghbf-pro03a,0,540.5911
test-society-epiasghbf-pro03a,1,467.8180
test-society-epiasghbf-pro03a,2,546.8293
test-society-epiasghbf-con02a,0,516.0577
test-society-epiasghbf-con02a,1,457.8290
test-society-epiasghbf-con02a,2,549.2135
test-society-epiasghbf-con04a,0,497.4127
test-society-epiasghbf-con04a,1,485.5155
test-society-epiasghbf-con04a,2,600.9933
test-society-epiasghbf-con03a,0,476.1620
test-society-epiasghbf-con03a,1,568.5027
test-society-epiasghbf-con03a,2,539.4347
test-society-epiasghbf-con01a,0,495.9250
test-society-epiasghbf-con01a,1,457.1654
test-society-epiasghbf-con01a,2,625.5045
test-society-asfhwapg-pro02a,0,498.2323
test-society-asfhwapg-pro02a,1,550.9257
test-society-asfhwapg-pro02a,2,569.6929
test-society-asfhwapg-pro01a,0,506.2539
test-society-asfhwapg-pro01a,1,509.0036
test-society-asfhwapg-pro01a,2,556.0511
test-society-asfhwapg-con02a,0,589.9535
test-society-asfhwapg-con02a,1,486.2088
test-society-asfhwapg-con02a,2,560.4198
test-society-asfhwapg-con04a,0,575.3736
test-society-asfhwapg-con04a,1,523.3793
test-society-asfhwapg-con04a,2,555.8947
test-society-asfhwapg-con03a,0,476.5843
test-society-asfhwapg-con03a,1,500.6377
test-society-asfhwapg-con03a,2,541.9250
test-society-asfhwapg-con01a,0,550.5163
test-society-asfhwapg-con01a,1,485.0455
test-society-asfhwapg-con01a,2,530.8291
test-society-simhbrasnba-pro02a,0,501.8646
test-society-simhbrasnba-pro02a,1,496.0931
test-society-simhbrasnba-pro02a,2,575.2683
test-society-simhbrasnba-pro01a,0,541.6274
test-society-simhbrasnba-pro01a,1,477.7811
test-society-simhbrasnba-pro01a,2,573.1377
test-society-simhbrasnba-pro03a,0,490.0197
test-society-simhbrasnba-pro03a,1,482.5572
test-society-simhbrasnba-pro03a,2,545.4930
test-society-simhbrasnba-con02a,0,520.1848
test-society-simhbrasnba-con02a,1,518.0212
test-society-simhbrasnba-con02a,2,562.2968
test-society-simhbrasnba-con03a,0,532.4819
test-society-simhbrasnba-con03a,1,493.0024
test-society-simhbrasnba-con03a,2,542.2055
test-society-simhbrasnba-con01a,0,545.1276
test-society-simhbrasnba-con01a,1,519.8089
test-society-simhbrasnba-con01a,2,544.3789
test-society-tlhrilsfhwr-pro02a,0,516.3218
test-society-tlhrilsfhwr-pro02a,1,536.1965
test-society-tlhrilsfhwr-pro02a,2,564.4230
test-society-tlhrilsfhwr-pro01a,0,564.3443
test-society-tlhrilsfhwr-pro01a,1,505.4101
test-society-tlhrilsfhwr-pro01a,2,519.6598
test-society-tlhrilsfhwr-pro03a,0,545.7351
test-society-tlhrilsfhwr-pro03a,1,483.5416
test-society-tlhrilsfhwr-pro03a,2,564.7252
test-society-tlhrilsfhwr-pro04a,0,521.0002
test-society-tlhrilsfhwr-pro04a,1,498.3467
test-society-tlhrilsfhwr-pro04a,2,527.1093
test-society-tlhrilsfhwr-con02a,0,527.8869
test-society-tlhrilsfhwr-con02a,1,476.1398
test-society-tlhrilsfhwr-con02a,2,522.2774
test-society-tlhrilsfhwr-con03a,0,557.6309
test-society-tlhrilsfhwr-con03a,1,457.6691
test-society-tlhrilsfhwr-con03a,2,549.0513
test-society-tlhrilsfhwr-con01a,0,618.8803
test-society-tlhrilsfhwr-con01a,1,526.3708
test-society-tlhrilsfhwr-con01a,2,565.2576
test-society-epsihbdns-pro02a,0,561.8191
test-society-epsihbdns-pro02a,1,489.1774
test-society-epsihbdns-pro02a,2,551.7402
test-society-epsihbdns-pro01a,0,472.5979
test-society-epsihbdns-pro01a,1,474.1865
test-society-epsihbdns-pro01a,2,544.5380
test-society-epsihbdns-pro03a,0,537.2223
test-society-epsihbdns-pro03a,1,536.3968
test-society-epsihbdns-pro03a,2,569.6531
test-society-epsihbdns-pro04a,0,507.8090
test-society-epsihbdns-pro04a,1,500.8912
test-society-epsihbdns-pro04a,2,539.6731
test-society-epsihbdns-con02a,0,545.4609
test-society-epsihbdns-con02a,1,500.9364
test-society-epsihbdns-con02a,2,534.2191
test-society-epsihbdns-con04a,0,540.6828
test-society-epsihbdns-con04a,1,499.0739
test-society-epsihbdns-con04a,2,560.9037
test-society-epsihbdns-con03a,0,512.6524
test-society-epsihbdns-con03a,1,502.4795
test-society-epsihbdns-con03a,2,545.9721
test-society-epsihbdns-con01a,0,526.9713
test-society-epsihbdns-con01a,1,461.6633
test-society-epsihbdns-con01a,2,571.4786
